txn_id,date,merchant,amount,currency,status,category,account_id,notes
0d49dd05-2127-460e-a225-7a390306404f,2025/06/06,Spotify,761.82,usd,SUCCESS,Entertainment,A39,Duplicate?
87f792d1-d59f-4143-b09d-d83b956a375d,13-07-2025,Flipkart,2594.22,USD,FAILED,Entertainment,A32,SUSPICIOUS
279a2092-ee46-4bb8-87f9-bb045a6757da,2025/06/11,Netflix,776.4,inr,success,Transport,A5,
172d82e5-5132-4959-a95b-abacb8dcf42e,2025/01/08,Zomato,775.86,USD,failed,Shopping,A9,Anomaly check
16b3f146-4bf0-4535-9a65-36bef2907835,2025/09/22,Ola,2484.71,USD,SUCCESS,,A15,
95526118-efb7-4098-9725-94caf142a7f3,2025/08/25,Swiggy,4866.48,usd,Pending,,A9,
c1657e21-2ea9-4e1e-8fda-607699f4ecda,2025/12/26,Ola,3572.04,inr,SUCCESS,Travel,A26,SUSPICIOUS
fa92db08-2d48-4db1-a165-f805fb5e286b,11-02-2025,Swiggy,$3335.06,inr,PENDING,Other,A27,Anomaly check
6476d671-0d15-43bc-82a8-07f8f2363b30,2025/10/14,IRCTC,$1107.85,usd,FAILED,,A8,
6476d671-0d15-43bc-82a8-07f8f2363b30,2025/10/14,IRCTC,$1107.85,usd,FAILED,,A8,
0d069b5d-3462-46a1-b97d-13870a7d9061,20-01-2025,Shell Petrol,$4763.59,inr,SUCCESS,Shopping,A25,
102b3f8d-0ab7-497b-8599-256d999dbec5,31-12-2025,Zomato,1852.22,INR,FAILED,Travel,A29,
8d61b507-c22b-4846-b0a4-fd8738fb71b6,2025/05/17,Ola,3777.1,USD,PENDING,Other,A45,Duplicate?
ebe47ccb-edb4-4c8c-b7cc-135c4521409d,17-11-2025,Amazon,4710.09,USD,FAILED,Utilities,A41,Refunded
3f58f936-ebea-4e35-823a-dd534d5de24d,07-01-2025,IRCTC,2621.55,USD,success,,A32,Anomaly check
e70e6b56-b35b-4295-88b6-2e0902a09ac6,30-07-2025,Local Bakery,2307.29,inr,FAILED,Transport,A19,Refunded
24f91102-b2e8-4c2a-bb7d-02d4a439a5cf,22-03-2025,Apple,558.16,INR,success,,A38,Anomaly check
8d96c283-7f4a-4e34-bafd-c5dc840db58f,2025/07/13,Flipkart,2007.94,inr,FAILED,Transport,A33,
39d2cc1a-475a-4ad5-8f53-dd712ff2c6d4,03-04-2025,Amazon,4028.39,usd,Pending,Cash Withdrawal,A4,Refunded
0bcfe93d-25ce-4c6d-9633-2c447de6eef7,2025/07/09,Local Bakery,1917.37,INR,SUCCESS,Other,A24,Refunded
f3030768-adfd-4f92-9290-f8ee56005023,07-11-2025,IRCTC,$3958.38,INR,PENDING,Food,A30,
d289ed36-ceb7-46f8-a24c-4ecf82d93f86,2025/12/28,Shell Petrol,46487.5,INR,success,Healthcare,A7,SUSPICIOUS
a1f2059e-8109-4e37-a716-fd175c55399c,2025/07/07,Google,219.18,USD,success,Cash Withdrawal,A2,Anomaly check
eeddfb6d-cc5c-4eee-a8bc-12e025e8fa4d,08-11-2025,IRCTC,4819.68,inr,Pending,Food,A37,
10f0d504-27e3-42e8-820f-561052dcf758,2025/10/24,Zomato,187.31,usd,FAILED,Healthcare,A2,Duplicate?
42c4367b-f691-4050-b17d-8db694de4ea8,2025/11/17,Netflix,$3096.22,USD,success,,A31,SUSPICIOUS
532c6a51-4db8-4409-83d9-1b9a7814f1a9,2025/07/01,Local Bakery,4295.74,inr,SUCCESS,Transport,A26,Refunded
b661cee6-481d-4197-b7c2-3479d72deb0f,22-07-2025,Uber India,1656.43,USD,PENDING,Food,A21,
12148a07-db9c-41b0-8944-25add9db3510,20-05-2025,Spotify,4577.53,INR,PENDING,Travel,A47,SUSPICIOUS
b859ab7d-f07e-4408-a4f9-6d1f60b5df13,2025/04/29,Uber India,3190.71,USD,Pending,Entertainment,A12,
e07f17dc-412e-44b3-b11c-878641cce51f,2025/04/07,Zomato,420.08,inr,failed,Transport,A19,SUSPICIOUS
,26-03-2025,Local Bakery,$2179.09,usd,Pending,Entertainment,A50,
45522f4e-bfc6-425a-9a67-e3147de7c340,2025/08/03,Uber India,$4387.33,USD,success,Entertainment,A50,Anomaly check
550c1088-a029-4cb0-a815-515f0157ea78,2025/05/07,Local Bakery,2171.4,INR,SUCCESS,Food,A43,Duplicate?
59373fab-56f9-466b-bb8f-977b61972618,2025/01/17,Local Bakery,185.56,usd,failed,Shopping,A41,
,2025/05/25,Amazon,3051.55,usd,success,Travel,A10,SUSPICIOUS
95ce7141-4a03-4bf9-b401-f2c10694623e,12-06-2025,Amazon,$3990.98,usd,SUCCESS,Entertainment,A38,Anomaly check
753ee2d3-2616-4870-bca8-36c88d156921,2025/11/13,Netflix,1356.66,INR,failed,Travel,A34,Duplicate?
62341286-5a28-43c5-a0c0-a9e484101282,02-08-2025,Zomato,3679.77,USD,SUCCESS,,A14,Anomaly check
2384c775-d0a1-4f56-b75e-d5dfaec2636a,2025/06/07,Amazon,1820.79,usd,FAILED,Cash Withdrawal,A44,Duplicate?
2384c775-d0a1-4f56-b75e-d5dfaec2636a,2025/06/07,Amazon,1820.79,usd,FAILED,Cash Withdrawal,A44,Duplicate?
ee067dac-c90f-4cfe-aced-94fc7b139303,16-06-2025,Ola,$1838.01,USD,FAILED,Utilities,A36,
b2fdcfde-e3da-4e26-bc64-341e62ed3e5a,04-06-2025,Amazon,632.5,INR,PENDING,Utilities,A36,Refunded
6ac6d9be-7d42-4054-87a4-ec1de4148fbb,22-02-2025,Spotify,1249.43,INR,SUCCESS,Transport,A9,
0ee550b3-5f35-4417-af6c-3989247d9471,29-11-2025,IRCTC,1151.15,INR,Pending,Entertainment,A24,
ddf56615-4082-42a6-bc1a-84a7f2b876d4,12-10-2025,Amazon,4928.13,USD,FAILED,Healthcare,A24,Refunded
1209a5e9-500b-419b-ad87-4babf4eb1bb9,16-08-2025,Swiggy,$107.9,inr,SUCCESS,Utilities,A31,SUSPICIOUS
1f993040-bf9c-4c0a-8778-f26e690e6e10,18-02-2025,Zomato,4736.99,usd,success,Shopping,A28,SUSPICIOUS
1f993040-bf9c-4c0a-8778-f26e690e6e10,18-02-2025,Zomato,4736.99,usd,success,Shopping,A28,SUSPICIOUS
e2716b98-cc7c-43c6-b8c7-36f589537b5a,24-09-2025,Netflix,1620.43,USD,FAILED,,A44,Duplicate?
b0ee0c57-f627-44a6-823e-b95d42687c57,2025/10/18,Zomato,337.51,USD,failed,Healthcare,A37,
1165f4db-3630-448e-b349-a0487ac50012,05-04-2025,Uber India,$1006.22,usd,PENDING,Cash Withdrawal,A29,Refunded
cdab1095-eebd-460d-9281-64c131284a19,03-03-2025,Swiggy,2007.49,INR,PENDING,Utilities,A22,Duplicate?
c8240f9e-fd88-431e-bf45-8b274429dbd5,18-09-2025,Apple,2712.8,INR,Pending,Transport,A22,Duplicate?
f9f0e764-9efe-47dd-ab8e-6cd6a573dd51,05-01-2025,Local Bakery,4428.48,USD,FAILED,Shopping,A40,
93840006-373f-40c8-a025-e0c6bf6973ca,2025/05/26,Apple,$995.05,inr,FAILED,Travel,A9,Duplicate?
10b397d7-0b25-4f50-b59e-6de157a32b2e,19-12-2025,Google,$1044.33,inr,SUCCESS,Other,A34,Duplicate?
8ccb359e-4adb-4cde-820c-3d29eac39c14,19-03-2025,Flipkart,1179.45,inr,FAILED,Transport,A33,SUSPICIOUS
a9d05e88-238b-4c44-a809-8f05c6d622ed,31-01-2025,Zomato,3396.53,inr,Pending,Food,A19,Refunded
4cb45bb5-33df-473b-bdfc-bf489f210411,30-05-2025,Ola,3650.6,usd,success,,A4,SUSPICIOUS
42c03418-d6bf-41b1-9945-02b047b2521e,19-11-2025,Ola,$3639.7,USD,Pending,Travel,A21,Refunded
d349108e-abdc-4e3e-8752-108db0e21c07,2025/03/02,IRCTC,1939.0,USD,Pending,Other,A35,Anomaly check
1c78ce99-d4fd-4803-9fd4-985bca8e733c,2025/03/01,Netflix,1291.72,usd,PENDING,Other,A37,Duplicate?
065416cd-266e-449c-b5e7-edabdd003b4e,2025/04/17,Uber India,1506.13,inr,FAILED,,A32,Refunded
bd6e5c58-08b2-4daa-a5d8-b58b4d45105d,2025/08/23,Google,4194.41,usd,PENDING,Transport,A48,SUSPICIOUS
c0f0f362-b8b4-4bfe-b312-3ef30af9266f,2025/09/19,Uber India,98.94,usd,PENDING,Food,A12,Refunded
50ec7b16-308e-4dbb-8035-f47b6127db0f,2025/05/19,Swiggy,868.61,USD,PENDING,Entertainment,A5,Duplicate?
dc83b66b-7b50-43cd-9cdc-f2fb793a984d,22-02-2025,Local Bakery,4037.87,usd,success,Travel,A9,Anomaly check
865ae536-b167-41f2-98bf-4ad6d380d36a,2025/12/06,Spotify,3013.64,USD,Pending,Food,A42,
dbfdf07d-085b-42c2-9c4f-29a4c73f78bf,2025/10/13,Zomato,4118.79,USD,SUCCESS,Food,A16,Refunded
48ba1e60-d5f0-4680-af14-9b9ac207409e,2025/09/16,IRCTC,2398.6,USD,success,Utilities,A7,Anomaly check
c0369125-5392-4ba9-ad70-69204511e6f8,2025/07/04,Shell Petrol,2702.58,USD,Pending,,A5,Refunded
b11e6c88-2303-40dd-8b7a-271c29fd6851,2025/11/15,Amazon,4859.78,usd,FAILED,Travel,A16,SUSPICIOUS
4357a4d3-8701-4d69-b61b-8dd2bf132c43,05-11-2025,Zomato,4232.24,INR,FAILED,,A8,
61f19ece-3651-47e3-b247-05936ec33d8e,27-12-2025,IRCTC,1683.76,INR,success,Other,A17,
537ae233-d6e8-4096-9a9d-498926747a17,18-12-2025,Local Bakery,3894.2,usd,Pending,Cash Withdrawal,A6,Refunded
0e4823c2-32d5-4798-b87e-9ff1c26ae693,2025/05/25,Local Bakery,$3007.92,USD,Pending,Travel,A16,SUSPICIOUS
62955998-593d-48ec-8bef-738b91f262d2,13-04-2025,Google,3689.39,INR,Pending,Healthcare,A10,Anomaly check
20b45058-ad88-48c2-83fe-4e38646acbe4,2025/01/27,Netflix,174.66,inr,failed,Transport,A8,Duplicate?
3c2ec928-792c-4f5a-9eb3-0872643eaef9,2025/02/17,Flipkart,956.47,inr,SUCCESS,Food,A23,Duplicate?
204fb0c2-cad4-425c-b707-4f50bacb3d08,2025/11/15,Apple,463.82,USD,failed,Healthcare,A2,Duplicate?
325a0d5c-e1c6-45e4-94f1-b9c38380c9c0,28-06-2025,Google,3920.83,USD,SUCCESS,Other,A10,SUSPICIOUS
,23-11-2025,Swiggy,$1997.46,USD,FAILED,Cash Withdrawal,A24,Anomaly check
a62515a5-9832-4d52-9016-b302011935eb,19-03-2025,IRCTC,4045.22,USD,Pending,Cash Withdrawal,A10,Refunded
,2025/02/18,Swiggy,4444.35,inr,PENDING,Shopping,A9,Anomaly check
cc7a3a73-c12d-4a53-91b7-02ca521ada39,30-03-2025,Amazon,4068.29,usd,FAILED,Other,A22,Anomaly check
9d104d28-29aa-424f-b03c-d6d5bbbde810,09-07-2025,Google,1568.47,inr,Pending,Travel,A10,Duplicate?
37ed2ac8-b88a-4005-bf43-6f2aaf6289d9,26-11-2025,Netflix,$4935.24,inr,failed,Healthcare,A43,SUSPICIOUS
,21-12-2025,Zomato,$2196.86,usd,failed,Entertainment,A35,Anomaly check
9d3e166d-b151-4825-9d9e-9c9a30225e1a,21-06-2025,Spotify,$3485.24,inr,FAILED,Transport,A12,SUSPICIOUS
58e26b40-f6dc-4651-91b8-2d8f893ac301,05-05-2025,Apple,1962.49,inr,SUCCESS,Utilities,A12,Refunded
8a784bd4-392e-4fb3-aa17-c636796695a6,13-12-2025,Spotify,1189.39,USD,success,Other,A12,Duplicate?
,01-07-2025,Zomato,678.38,inr,FAILED,Healthcare,A42,Anomaly check
d32b202e-554a-475c-9c88-3773dc9af8ff,2025/10/01,IRCTC,3698.22,inr,Pending,,A50,
ee2b4b4f-e8cf-4608-ade3-2146075eaf21,2025/08/16,IRCTC,$780.8,usd,Pending,,A48,Anomaly check
eb6c0eff-5f1d-44de-a8bc-443343722259,10-04-2025,Local Bakery,3045.0,inr,Pending,Travel,A3,
3332ad06-a4fd-4939-bd68-142a3445eeb6,06-03-2025,Spotify,2505.61,usd,Pending,Travel,A13,Anomaly check
,2025/08/09,Amazon,2420.77,USD,success,Other,A45,
a82b3d62-99cd-4474-b1cc-f55dec10c3be,03-02-2025,Google,606.72,inr,SUCCESS,Travel,A10,SUSPICIOUS
c1011727-85f1-4788-9f7e-4112389688cf,2025/03/14,Uber India,$3669.8,USD,PENDING,Food,A26,Anomaly check
47b1925f-34fe-459b-b16a-1198c53925ef,18-06-2025,Zomato,42770.51,USD,SUCCESS,Healthcare,A35,
6e2a57d5-d834-4dac-b785-bcdad4c8a2e8,21-04-2025,Uber India,$2267.83,inr,Pending,,A31,SUSPICIOUS
f7788d0e-e79c-4d3a-ac04-ddba43b1f7aa,2025/01/25,Google,4230.06,USD,FAILED,,A27,Anomaly check
bfe9374c-7c36-4a6a-8f93-e711cc101b2f,2025/06/22,Local Bakery,3474.8,inr,failed,Other,A18,
1757c94b-6fd7-4b9f-9c18-0862d06177da,25-07-2025,Apple,4559.5,INR,failed,,A25,Anomaly check
f50f16fe-4909-424f-8599-d2fc7cdb9410,19-09-2025,Google,2866.9,USD,PENDING,Utilities,A13,Duplicate?
b1d20a8a-f26f-4fc8-aa9f-21de5a4f28c0,01-03-2025,Amazon,4753.24,INR,PENDING,Entertainment,A38,Refunded
5553d13e-19ba-4ce2-95e4-df77ef640beb,29-06-2025,Google,$3223.32,inr,PENDING,Shopping,A23,SUSPICIOUS
070342f6-4542-4bc2-abdf-07459f9ee490,11-01-2025,Flipkart,3814.52,INR,SUCCESS,,A6,
57d6b02d-8f07-4c4f-826e-3e2898d177ef,08-03-2025,Netflix,446.98,inr,SUCCESS,Utilities,A28,
fe6b4ecb-2ace-4bd7-9ba2-311c483b9b54,2025/01/14,Flipkart,4456.9,INR,PENDING,,A33,SUSPICIOUS
54eb4ec3-522d-4a22-9e99-d4f78349d0bc,18-06-2025,IRCTC,$870.27,USD,failed,Cash Withdrawal,A36,Duplicate?
3d1fd94b-9d8b-4a29-ae54-3cb56f1d0a2f,26-10-2025,Uber India,3684.58,USD,Pending,,A50,Duplicate?
3e30b8b6-1643-4f6e-ba8a-ef1dc23dfbb6,21-12-2025,Ola,$2058.18,inr,Pending,Entertainment,A42,Anomaly check
1646e68a-5ef5-40a0-bfd4-d545a4682882,17-08-2025,Apple,1389.45,inr,success,Healthcare,A5,SUSPICIOUS
83d297cd-c478-4273-8b07-1fd434bb7f38,2025/10/12,Zomato,4495.68,INR,Pending,,A18,
1c8b1337-d1d1-48a6-b647-fcb9f23980c0,15-11-2025,Apple,1596.39,inr,Pending,Shopping,A47,Refunded
d0f3c9b6-8299-40d5-811d-dd6be3486fcd,2025/12/28,Ola,$1157.97,usd,FAILED,Shopping,A39,SUSPICIOUS
32a97d97-be08-471b-b2aa-d9e8601d181d,07-10-2025,Ola,1566.24,inr,Pending,Food,A37,SUSPICIOUS
2dc67615-eb24-4a0f-9205-c7097e4add4c,30-04-2025,Flipkart,2239.45,inr,failed,,A43,
0511b006-4e32-49f0-802e-7cc493b900a6,2025/05/02,Local Bakery,$3080.32,usd,PENDING,Travel,A23,Anomaly check
68d2af70-49ff-47a6-bc45-9be8b3488425,2025/06/09,Flipkart,4150.57,inr,SUCCESS,Food,A11,
5822fc51-8287-4188-aa61-1a6c67c5a29d,2025/12/18,Google,2617.71,INR,Pending,Entertainment,A45,Refunded
5c48d9a9-67bf-4c29-92b5-b0643c3891ee,2025/01/09,Apple,3244.61,inr,PENDING,Travel,A15,Refunded
2d2f7cb1-bc1c-4c1d-a48c-00547900f207,2025/03/14,Swiggy,4267.02,INR,FAILED,Travel,A44,Refunded
,17-01-2025,Swiggy,3275.9,USD,PENDING,Transport,A9,Refunded
fd8af6b3-ebd3-4421-b1af-09de2ac2aa92,2025/09/08,Amazon,1494.73,USD,success,,A21,Anomaly check
4aad0026-44e1-440a-bbfe-17e23535da5b,08-10-2025,Netflix,$2457.38,USD,success,Entertainment,A13,Anomaly check
18198e0d-e2ee-45d1-bad2-bf15afbfa3d1,2025/04/17,Ola,4662.34,USD,failed,Utilities,A35,Anomaly check
c0e62655-c81c-4d34-b56c-06925aeb07c2,29-12-2025,Spotify,3252.77,USD,FAILED,,A8,Refunded
ff1e48ce-6f20-49ca-a828-7e9d90ffe57e,22-01-2025,Zomato,3677.99,USD,PENDING,Food,A19,Refunded
8ab38de8-b005-4f35-b591-b3a9f95ca3f7,27-07-2025,Ola,1035.0,USD,failed,,A9,Anomaly check
fe61ce7d-4ebe-4e0b-90b3-f748f2f49b1d,06-02-2025,IRCTC,2408.71,inr,FAILED,Healthcare,A16,Refunded
a0af92ad-e066-4210-b6e8-54e64c68b30d,12-01-2025,Apple,1049.24,inr,PENDING,Utilities,A24,SUSPICIOUS
32340801-731e-4cbd-8d3a-9fc383a32054,2025/11/14,Local Bakery,$3630.38,inr,failed,,A46,SUSPICIOUS
6f1e12de-364e-48d8-bbf3-b6350bb67758,2025/07/02,Swiggy,526.5,INR,FAILED,Cash Withdrawal,A26,
2eaf460c-b72d-4b45-b864-1f09215cf1a5,2025/09/06,Netflix,3958.31,usd,success,,A49,Duplicate?
976ddc70-0357-4688-9f5d-9796a4307f71,21-01-2025,Netflix,3373.76,inr,success,Food,A7,SUSPICIOUS
88b54e1e-1dd1-4811-8506-9eb2a3f9ebff,11-12-2025,Flipkart,1691.17,INR,failed,Food,A5,Anomaly check
0765a053-4e8f-45da-8d01-a7ef8c743c7a,18-10-2025,Google,1147.61,usd,SUCCESS,Shopping,A24,Refunded
7f5fc3c7-7af9-4f45-9b6f-caad2d108cbf,2025/04/03,Google,3275.52,INR,Pending,Cash Withdrawal,A42,Duplicate?
623445cf-2156-4d78-b965-d521b0b8488c,02-08-2025,Amazon,183.3,INR,success,,A12,Anomaly check
8d5c7429-3f2d-4c6d-be0f-e9e26ce41f51,2025/04/03,Amazon,4134.88,INR,failed,,A8,Refunded
2b619c83-b75e-40eb-9baa-73d1cfa08f7f,2025/01/30,Amazon,$3817.57,USD,Pending,,A4,SUSPICIOUS
4dcf07ff-3147-4563-925c-c97c5386584e,04-10-2025,Flipkart,2539.35,USD,Pending,Healthcare,A44,Anomaly check
1cbc5165-5f5c-4f91-b7a3-f37a9a2f6a8a,2025/08/15,IRCTC,$1763.02,INR,PENDING,Shopping,A48,Refunded
c71dd6fc-3d0b-4063-8ff7-b012779acd4d,17-08-2025,Swiggy,4003.79,INR,PENDING,Cash Withdrawal,A20,Refunded
242d49bc-e02e-4834-aad1-3691d97587f1,21-09-2025,Flipkart,539.71,USD,failed,Other,A33,Anomaly check
91bc2ed5-d370-4900-aa99-f76caa4f109c,2025/01/27,IRCTC,476.22,INR,failed,,A8,SUSPICIOUS
82f3b6ad-e072-4cee-9cb6-e3cd824cfcc4,2025/03/09,Shell Petrol,778.4,usd,Pending,Entertainment,A23,SUSPICIOUS
f28d31ca-0a73-45e7-9a45-e6321a981eb2,24-11-2025,Apple,2358.31,USD,SUCCESS,Entertainment,A33,
8b1b369e-2f6a-4b66-b6d8-a24280c59f38,27-10-2025,Local Bakery,3868.29,usd,FAILED,,A1,SUSPICIOUS
e0e8e7a9-4d24-4ff4-9f54-1a9163ad8d16,24-08-2025,Netflix,2646.63,inr,success,Travel,A15,Refunded
d3afcb5b-d482-4b54-ac87-a6c15a7e385c,10-06-2025,Amazon,1007.1,INR,PENDING,Utilities,A33,
742a9fa0-315e-452b-b2a2-2cb1daf4cf75,20-03-2025,Swiggy,$1722.49,INR,success,Utilities,A22,Anomaly check
9bce7baf-d6a4-47de-b837-742d8a89508a,29-10-2025,Spotify,$42.66,usd,failed,Transport,A17,Anomaly check
40258523-509e-4bea-954b-cc440e58ed84,2025/03/12,Apple,$4041.85,USD,FAILED,Transport,A50,SUSPICIOUS
ccc72dda-9148-40ac-bd14-185adff83e6f,23-02-2025,Amazon,4181.67,INR,SUCCESS,Shopping,A33,
e75dd847-23d4-4a31-9d23-73a26ce15b45,2025/03/13,Flipkart,3881.17,INR,success,Food,A27,Refunded
c0322c9d-08ff-4334-9cd2-145659ab9abd,15-02-2025,Amazon,4210.59,inr,failed,Shopping,A13,SUSPICIOUS
0d095b78-7217-492b-87b2-4d52952add99,2025/06/02,Uber India,2797.38,INR,SUCCESS,Utilities,A48,Duplicate?
00b0fb4d-23e3-47d4-bdd1-93ce40a75176,2025/01/11,Apple,2907.61,USD,failed,,A27,Duplicate?
abd2620b-8460-4d8b-b399-edf1e6a4f563,2025/11/01,Local Bakery,4533.27,INR,FAILED,Utilities,A41,Refunded
1dbabc72-337e-4d19-8aeb-99b57d508b7d,2025/12/05,Netflix,891.97,INR,Pending,Shopping,A14,Anomaly check
908c42d2-7975-41f1-8c81-cede6e54b5f1,16-06-2025,Ola,2766.0,INR,PENDING,Entertainment,A39,Duplicate?
0ace9076-ed60-41d0-bea0-d139f8443706,23-08-2025,Flipkart,$1332.28,inr,success,Cash Withdrawal,A10,Duplicate?
d647a8c9-0eb7-4197-b8ea-5ce4b65727a4,16-01-2025,Shell Petrol,$4631.7,INR,FAILED,Cash Withdrawal,A14,SUSPICIOUS
5e7f5e41-9055-495d-bc27-dc7af5b1227b,2025/12/08,Swiggy,1655.25,USD,failed,Food,A42,Anomaly check
67d1d0b5-07b1-4b60-9f39-e77fd1178fbb,05-02-2025,Shell Petrol,1529.07,USD,success,Cash Withdrawal,A44,Anomaly check
67d1d0b5-07b1-4b60-9f39-e77fd1178fbb,05-02-2025,Shell Petrol,1529.07,USD,success,Cash Withdrawal,A44,Anomaly check
5868454a-d6f4-4087-bdc6-227c1edfd483,2025/10/24,IRCTC,$2232.06,INR,success,Healthcare,A31,Refunded
773597ed-ebba-4b42-be57-05dd2ed81a19,06-06-2025,Ola,1092.21,USD,FAILED,Travel,A10,Anomaly check
31ccd218-ac42-4fa2-927d-a9dd71c6adea,10-09-2025,Amazon,1085.4,inr,Pending,Food,A49,Refunded
906de295-952e-4ef6-852a-11e2e2b7a669,2025/06/05,IRCTC,4317.59,INR,SUCCESS,Transport,A43,Anomaly check
e878aa74-3a42-4f66-9202-0216cee57a00,15-01-2025,Uber India,$1580.27,USD,failed,,A45,Refunded
dd140e27-3367-4b06-9614-1069dc467c35,2025/01/13,Google,310.95,usd,FAILED,Utilities,A1,Duplicate?
f4960b54-2006-4998-91de-7bcd4fa0e730,2025/12/16,IRCTC,$1773.13,USD,FAILED,Shopping,A38,SUSPICIOUS
68f67fdf-9eaa-4cd9-ae6f-0b2ae8a85f0d,2025/02/12,Google,$361.5,inr,Pending,,A7,
,17-07-2025,Netflix,1511.17,INR,SUCCESS,,A34,SUSPICIOUS
e6ea9eaa-1007-4b68-bf23-236bd232ea87,04-04-2025,Local Bakery,$89.44,INR,failed,Other,A33,SUSPICIOUS
634f5252-3b03-4585-bd5d-a2538380c1c7,2025/08/25,Google,4278.12,inr,failed,Transport,A27,Duplicate?
b4d34d96-552a-48eb-a2a0-d534b3b2d970,2025/05/17,Shell Petrol,$1773.44,USD,Pending,Transport,A30,Refunded
,27-05-2025,Swiggy,4083.39,usd,Pending,Utilities,A39,Refunded
8bcf3bbc-f5f5-4ffe-a79c-748227195af4,2025/03/19,Netflix,3795.8,inr,failed,Cash Withdrawal,A1,Anomaly check
afe1574b-3faf-4acd-a122-ac2d03e6b2e4,2025/06/10,Shell Petrol,4163.08,usd,success,Other,A5,Refunded
a17f62ba-bb23-4775-a99e-277ebf2d7b46,2025/03/15,Uber India,2615.75,usd,success,Travel,A17,
f3b08e95-bc01-449e-afb8-6f0f22f4918a,2025/10/21,Amazon,$4453.45,usd,success,Cash Withdrawal,A24,Anomaly check
bd17a140-58ed-4681-8a01-c493c0138f32,04-04-2025,Google,1826.43,inr,Pending,,A14,SUSPICIOUS
b9fb5bee-10d1-4831-ba68-8ddc1bae08f7,12-09-2025,Shell Petrol,$468.75,usd,FAILED,Entertainment,A33,SUSPICIOUS
ad1f99be-05bc-4a55-badd-fe244c656411,14-02-2025,Swiggy,1802.37,inr,SUCCESS,Transport,A12,SUSPICIOUS
b763fe64-5af9-4b40-aeff-5291c281c508,2025/09/20,Zomato,$2548.28,INR,FAILED,Healthcare,A10,Duplicate?
7a175007-350e-4b12-af34-b9eadcd4ea12,26-04-2025,Apple,2195.33,usd,PENDING,Travel,A5,Refunded
0e584071-bcc1-462b-8e61-e2b33bb8ecec,2025/12/20,Flipkart,2987.16,USD,success,Travel,A38,Duplicate?
,2025/06/17,Swiggy,1245.57,inr,SUCCESS,Cash Withdrawal,A38,SUSPICIOUS
9a53f261-e8a5-44cb-9273-05b521f46539,30-05-2025,Spotify,$4235.85,inr,failed,Healthcare,A33,SUSPICIOUS
68b246d6-8baf-4bbd-b970-1c8af72306a1,2025/05/10,Uber India,724.82,usd,PENDING,Shopping,A15,SUSPICIOUS
38af7d1b-5b81-4986-9270-9a915fdc1d3d,2025/09/09,Ola,1503.45,USD,success,Transport,A6,SUSPICIOUS
61e761b0-2361-43f2-af54-fd953daad3cd,2025/03/11,Swiggy,1630.39,usd,Pending,,A3,SUSPICIOUS
8f8e5f78-4627-4497-99c0-773b4ad23992,2025/05/14,Ola,1874.12,INR,success,Healthcare,A50,Refunded
979bffe3-3ff9-42ac-94c0-55660b3dffee,14-12-2025,Uber India,1806.65,inr,failed,Travel,A20,Anomaly check
737500df-5599-4e55-9a0a-addcd5cbc69d,2025/03/14,Amazon,4491.02,USD,failed,Transport,A38,Duplicate?
,2025/09/19,Apple,4382.5,INR,PENDING,Travel,A45,SUSPICIOUS
fa0da186-3f78-46dc-b324-fc0241974c80,06-12-2025,Swiggy,3544.51,INR,SUCCESS,Shopping,A35,Anomaly check
3e7a28f1-09c5-492b-a6a5-ab4de564790d,19-07-2025,Ola,1313.44,USD,FAILED,Utilities,A25,SUSPICIOUS
e6791603-fb0e-49d4-b9a2-3e7e05196b55,2025/08/19,Shell Petrol,3086.39,usd,failed,,A3,Duplicate?
f3e51113-87ae-4170-9ccc-df71a70357d4,04-02-2025,Uber India,2583.24,INR,SUCCESS,Healthcare,A8,Anomaly check
2a8b728b-dbb7-4c56-9e8b-001fd98b198c,2025/03/17,Google,$1756.97,INR,PENDING,Entertainment,A32,Refunded
cb267ce2-c740-4527-8105-8139cf621612,01-01-2026,IRCTC,$640.18,INR,failed,Transport,A46,
47bfe787-de29-434f-93bb-2e45be5bbdfa,2025/11/16,Local Bakery,$2070.05,usd,SUCCESS,Entertainment,A19,SUSPICIOUS
9c6c6095-9103-4d8c-b047-262b0069f47d,2025/12/05,Spotify,$3316.54,USD,SUCCESS,Food,A4,Refunded
33f7786f-fea8-46e6-99c5-5e6b522a1029,13-02-2025,Amazon,1804.95,USD,PENDING,Healthcare,A7,SUSPICIOUS
ad7f7a77-f7a4-45d6-aa7f-519110642f0c,12-03-2025,Spotify,3387.57,INR,PENDING,,A35,
e4eecdf6-3e09-4128-8f60-ea9a67674f50,08-03-2025,Zomato,2967.33,USD,SUCCESS,Healthcare,A5,Anomaly check
d984e877-dac3-4767-a68e-22385154d65a,2025/05/13,Amazon,2712.62,inr,PENDING,Utilities,A29,Refunded
bceb3f02-948e-457e-bf38-1e61e3216859,09-05-2025,Uber India,2348.99,INR,PENDING,Shopping,A37,Anomaly check
1838d06e-95a1-46bd-85f0-a66fc3972af3,24-12-2025,Local Bakery,2363.05,USD,PENDING,Entertainment,A4,Duplicate?
,2025/08/07,Flipkart,2137.08,INR,SUCCESS,Entertainment,A12,Duplicate?
6d5dcd04-30ee-4138-b540-68fc731ce9db,2025/07/24,Shell Petrol,4623.22,USD,success,Healthcare,A6,
d3207bb0-70bf-4524-a3ca-b649d3463a50,2025/10/25,Apple,$4989.97,inr,FAILED,Utilities,A35,Anomaly check
2e920b70-e93b-490f-afe7-90bc7199383a,2025/02/12,Ola,3384.33,INR,FAILED,Shopping,A39,Duplicate?
f620ae6d-1284-4add-9993-67b31dbf1077,2025/11/03,Apple,2464.7,USD,PENDING,Healthcare,A25,SUSPICIOUS
1649ffb0-b245-43c9-b5a7-8ed2c6ccc595,2025/06/14,Amazon,2922.3,usd,success,Cash Withdrawal,A12,Anomaly check
8f502e32-878b-4c6f-b636-b6143fe80a05,31-03-2025,IRCTC,4307.97,USD,Pending,Utilities,A45,Anomaly check
38c0dbea-2295-4b26-b81d-ad37fff770f7,2025/11/06,Flipkart,$3846.81,inr,PENDING,Healthcare,A38,Duplicate?
ef9ed9b5-9328-451b-9e83-725fcb846984,2025/07/17,Google,1772.28,USD,success,Entertainment,A4,
7ef852e5-7731-4d15-bf0e-0da8a3b4675d,2025/12/05,Spotify,993.06,usd,FAILED,Travel,A12,
3551d8a6-a80d-4184-bfcc-4bd314ac9542,2025/06/05,Ola,2926.74,USD,FAILED,Travel,A22,
65373812-71f8-4f2c-be62-cc21b4aa8689,2025/02/13,Apple,2586.64,inr,Pending,Utilities,A34,SUSPICIOUS
,2025/01/17,Local Bakery,4722.28,inr,success,,A35,Duplicate?
093a8fa2-f17a-491c-b8be-b5988456bcb5,2025/10/23,Shell Petrol,119.01,USD,Pending,Entertainment,A10,Anomaly check
1a5290ed-aa7b-4211-a1a3-16416b3e2355,23-02-2025,Swiggy,2445.76,INR,PENDING,Utilities,A3,Anomaly check
ff118ad4-d0c0-4cb7-9573-9ade714052d1,03-09-2025,Uber India,$2274.58,usd,FAILED,,A23,Refunded
a2c84e7f-c663-4429-ba61-633a41620339,22-11-2025,Ola,607.69,inr,SUCCESS,Transport,A16,Anomaly check
0ab25b1f-2ec6-4f73-ad24-0e8981017006,29-11-2025,Spotify,1454.6,INR,SUCCESS,Travel,A42,Refunded
341903e2-6ca7-4b62-a4cf-3f13c328e51e,19-05-2025,IRCTC,4857.53,USD,success,Other,A37,Duplicate?
bc1598d6-e055-46cb-a498-aa0d200bdb04,2025/03/31,IRCTC,3720.58,inr,failed,,A35,Duplicate?
2abda3f3-61ae-4fea-afe2-f310dc75d075,21-03-2025,Swiggy,3720.1,usd,PENDING,Food,A6,
d8e535ed-5ffa-4774-92c4-5d90a2b4e463,17-06-2025,Flipkart,4803.37,usd,PENDING,Travel,A17,SUSPICIOUS
5b25b39e-8f9b-409f-8815-5ee40975e935,2025/05/23,Netflix,4777.19,inr,success,Healthcare,A43,
f768386a-8659-4478-9d21-ce2f5ceb4a8c,2025/10/27,Netflix,3486.13,inr,success,Utilities,A15,Duplicate?
30e670a7-6a8b-4751-ba60-45bb9e980dd8,2025/02/16,Ola,3335.46,inr,success,Entertainment,A7,Anomaly check
a1f58081-4d1c-42b0-aa54-5602decf5ddb,03-01-2025,Swiggy,2393.2,USD,SUCCESS,Shopping,A16,SUSPICIOUS
6fda4865-8462-4db9-a63a-01ed50c938b7,2025/05/24,Swiggy,1138.55,inr,PENDING,Healthcare,A12,
3182ef5a-01a3-4b8d-af37-d768943eefe4,30-11-2025,Swiggy,$4426.87,INR,PENDING,Cash Withdrawal,A32,Duplicate?
3841284f-ebcf-4790-9234-5e83a353d040,08-05-2025,Netflix,$1129.5,USD,PENDING,Food,A23,Refunded
0684b377-d674-4246-a03d-32f4fea74189,2025/03/02,Ola,1244.61,USD,SUCCESS,Entertainment,A43,Refunded
0684b377-d674-4246-a03d-32f4fea74189,2025/03/02,Ola,1244.61,USD,SUCCESS,Entertainment,A43,Refunded
35846259-0437-418d-922a-e2e1957cdff0,2025/08/03,Uber India,4242.67,INR,success,Cash Withdrawal,A3,Duplicate?
2b9b4093-89fd-4315-9520-bb511e7ee486,01-02-2025,Ola,907.3,inr,failed,Shopping,A41,SUSPICIOUS
ac9f1eba-ab82-47b6-bd5a-2dc41aee159d,10-09-2025,IRCTC,$1303.56,inr,success,Shopping,A48,SUSPICIOUS
a42fe87c-40b5-4c72-9e7e-466438277fb4,25-10-2025,Ola,4962.16,INR,SUCCESS,,A16,Duplicate?
7aad3671-447b-4918-aa21-e659d6416f3c,22-07-2025,Apple,4561.45,INR,success,Food,A20,
7fdbe4ba-83c6-496b-8425-c425af077502,24-03-2025,Netflix,943.84,USD,SUCCESS,Other,A13,SUSPICIOUS
7aedc951-66d3-495a-b8d8-97c054c99c2d,26-03-2025,Uber India,4384.32,usd,SUCCESS,,A21,Anomaly check
a2ec305c-1ec0-4708-9226-9f4c0f71ec0d,2025/09/02,Zomato,4221.34,INR,SUCCESS,Healthcare,A46,Duplicate?
3641445e-2497-4420-ad9e-cfa93b6f1f33,11-10-2025,Uber India,$2247.3,INR,FAILED,Healthcare,A1,SUSPICIOUS
b458f17f-e7c1-46f9-b0d3-5dd4124807f2,2025/07/12,Zomato,406.9,inr,FAILED,Transport,A5,SUSPICIOUS
,2025/03/04,Swiggy,562.28,USD,SUCCESS,Shopping,A38,SUSPICIOUS
2ff0bc28-231c-4b95-b090-36b83cbe00fd,2025/06/25,Local Bakery,$2859.11,inr,PENDING,Healthcare,A13,Anomaly check
d0b9ccc0-a4a5-4d0f-874e-7df93df645c0,2025/06/05,Swiggy,3349.42,inr,Pending,Healthcare,A45,SUSPICIOUS
726d33d3-05fd-4a10-93b6-1380b3447d96,16-11-2025,Shell Petrol,4622.59,INR,PENDING,Other,A33,
597885cb-31e0-4f1e-aa6f-93d1f124af99,2025/10/18,Local Bakery,426.59,USD,failed,Travel,A22,Refunded
1e3f5989-ef30-470e-b103-90711bed5424,2025/05/31,Google,1484.6,USD,FAILED,Cash Withdrawal,A22,Anomaly check
9776ea02-8994-45b9-ae4b-7baa364f1c2a,19-03-2025,Netflix,1730.47,inr,failed,Entertainment,A24,Refunded
646bd256-e2b6-41e9-a342-cd45eb302d9e,2025/09/26,Apple,3872.59,usd,Pending,,A11,Refunded
95f2a9e0-ba4c-4ee2-beba-727754a5bc01,2025/04/29,Swiggy,94.52,USD,PENDING,Entertainment,A18,
7a12f818-b80d-45ac-b082-297e9374446a,2025/05/14,IRCTC,$1077.43,usd,Pending,Utilities,A31,Refunded
9b8673f0-1b8f-4a3e-8e9c-d5ac69696ac3,08-08-2025,Netflix,4207.37,usd,success,Travel,A40,Anomaly check
95de0ce5-96db-4ba8-a8ce-20d80c9d6d7f,04-02-2025,Ola,286.02,USD,SUCCESS,Food,A9,SUSPICIOUS
7ab55635-50c6-49a3-a348-b6796149626f,2025/11/22,Shell Petrol,4278.34,INR,success,,A36,SUSPICIOUS
c8211dbc-e3df-45e1-9584-77ba7c4566cb,20-04-2025,Flipkart,4195.82,USD,FAILED,Transport,A5,Refunded
33c40b35-f3ad-489d-b34f-daf62216e8b2,12-12-2025,Shell Petrol,3699.93,usd,failed,Entertainment,A42,Anomaly check
142f7c08-f61e-4bbe-830b-464c484c60ba,07-06-2025,Local Bakery,3019.41,USD,SUCCESS,Other,A20,Duplicate?
55c6469c-8c4d-4256-9f87-abd8ffcf34dd,13-04-2025,Uber India,$1320.69,usd,Pending,Other,A31,
30774383-381c-495a-ba9a-dc3fa5785fde,2025/11/01,Netflix,4506.0,USD,failed,Other,A40,SUSPICIOUS
052840cd-5228-4b78-8a1e-c1b20a4535b7,10-08-2025,Apple,3717.28,INR,failed,Transport,A44,Anomaly check
,30-10-2025,IRCTC,3111.66,USD,SUCCESS,Entertainment,A49,Refunded
f9e5bf72-a8a0-4742-8dfe-39a8a59302f1,04-03-2025,Shell Petrol,$1442.29,inr,FAILED,Shopping,A17,SUSPICIOUS
fad9a809-103c-4305-80c3-4256ce5447c0,14-11-2025,Uber India,639.78,USD,PENDING,Transport,A10,Duplicate?
ca984206-3baa-4a69-b652-2e7fa9c4b91c,23-01-2025,Zomato,342.03,usd,Pending,,A47,Anomaly check
19b167de-40ae-47d3-9de9-c0f86d6dbcfd,17-08-2025,Uber India,$3947.24,USD,SUCCESS,Other,A11,Duplicate?
eb733cb9-a035-44a0-a7cc-f4c5de22eab7,2025/10/31,Apple,$1054.93,USD,PENDING,Utilities,A45,Anomaly check
ebc572dd-4593-48d1-b5dc-c5361699c00a,29-09-2025,Netflix,215.87,USD,success,,A8,Refunded
e499f153-e8e5-4a5a-9987-d39d15ec1597,2025/09/17,Spotify,1067.53,USD,Pending,Entertainment,A5,Duplicate?
812be188-504f-4f5a-97bf-f9a21a49c9dd,2025/10/26,Uber India,2300.25,inr,failed,Shopping,A23,
4ab7933f-97a6-4429-918d-2f031f53a468,2025/11/06,Google,4947.08,USD,PENDING,,A50,
7ccf2417-4a77-493f-87da-862720d2e957,2025/03/06,Swiggy,1486.35,USD,failed,Travel,A13,Duplicate?
8781c5a0-93d7-42bc-83d8-eb04005e1d8c,2025/10/22,Google,2751.27,usd,FAILED,,A20,SUSPICIOUS
cd90742c-d06d-4c24-b1c0-63bd29b4e95d,20-09-2025,Apple,453.45,inr,Pending,Cash Withdrawal,A11,
c605a1d1-6a8f-44eb-b07e-eaf1175c2350,2025/07/07,Local Bakery,$2760.09,INR,Pending,Other,A10,Anomaly check
743e5523-1eb6-4fd5-a89e-0a8d99ad451c,2025/01/06,Uber India,1561.14,INR,Pending,Entertainment,A14,Duplicate?
57cbdf59-2ab0-463b-97d2-665bc2ae7768,02-03-2025,Google,$2667.93,INR,success,Cash Withdrawal,A11,SUSPICIOUS
28d15235-9aa5-4e50-a7d7-afb46db05239,2025/12/19,Local Bakery,188.32,USD,SUCCESS,Transport,A39,Anomaly check
ddb91fc5-5118-4ed2-bccf-07d6ce76f235,11-04-2025,Swiggy,3728.83,INR,failed,,A45,SUSPICIOUS
98f965c0-1b0d-4791-8ed3-1d274203f15e,2025/05/19,Google,2679.2,USD,Pending,Transport,A34,SUSPICIOUS
c7e7fd33-0282-493d-8aea-aedfaa6ca43b,2025/01/28,Swiggy,914.66,USD,Pending,Other,A6,Duplicate?
a5355e02-b938-4b79-9aca-72773800d203,04-05-2025,Amazon,4463.31,inr,failed,Healthcare,A29,SUSPICIOUS
948cf0bd-dea7-43e5-8360-03f0728bd2d6,19-07-2025,Google,4693.49,USD,PENDING,Utilities,A6,SUSPICIOUS
147917af-644e-4e11-a57f-48e7dbbc1e1c,2025/02/20,Zomato,336.07,INR,success,Healthcare,A8,
876ee49b-b224-436a-a7f8-f68d6baa6524,2025/08/22,Google,317.08,INR,FAILED,Utilities,A14,SUSPICIOUS
48961d25-6c2f-45e0-9177-9949408cb498,2025/01/15,Google,2255.75,usd,SUCCESS,Travel,A9,
f7f7fe4e-6ae8-422d-b23c-48f1312e6ab0,07-07-2025,Shell Petrol,$1601.79,INR,success,,A20,SUSPICIOUS
f7f7fe4e-6ae8-422d-b23c-48f1312e6ab0,07-07-2025,Shell Petrol,$1601.79,INR,success,,A20,SUSPICIOUS
c2fff07a-f45d-4a8f-a6d4-d70a12c57e56,2025/04/16,Zomato,1256.06,usd,SUCCESS,Healthcare,A24,SUSPICIOUS
2d6c46ca-41ab-4580-ae07-184282fd9ed3,03-05-2025,Flipkart,$3378.18,inr,failed,Travel,A9,Refunded
ade5c11c-afb0-4aac-8fbb-901b6953e7cf,2025/12/19,IRCTC,$2341.1,INR,PENDING,Food,A19,Duplicate?
b7adfe7d-f615-4a7a-b91d-9a0e71700598,18-03-2025,Zomato,4706.33,inr,failed,,A36,Anomaly check
1a654433-97c6-4733-8099-c4d010684dcc,2025/11/29,IRCTC,3107.71,inr,failed,Food,A3,SUSPICIOUS
e8e3db56-8939-45f2-99f5-507f5035772d,29-08-2025,Shell Petrol,2601.93,usd,PENDING,Cash Withdrawal,A42,Duplicate?
76773680-5ed5-4e77-8ad8-f9d619152ff7,19-02-2025,Google,2767.7,usd,failed,Transport,A42,Refunded
7e22e11d-a143-4538-8d92-3e77ca94928d,2025/01/08,Flipkart,4043.04,usd,FAILED,Other,A48,Duplicate?
c38aec44-423e-4e46-ba1b-f05cb9349e3a,07-05-2025,Ola,4620.17,USD,SUCCESS,Shopping,A28,Duplicate?
bff1deab-e9b2-4c85-a5bc-177795e36ec9,28-10-2025,Spotify,4939.7,INR,failed,Food,A24,Anomaly check
71796363-f893-4927-8d18-fc390d8c81b3,2025/11/21,Local Bakery,3227.54,usd,SUCCESS,Other,A44,Anomaly check
df764835-ac9a-4a3d-a454-e74c207eb97f,16-03-2025,Uber India,3260.3,usd,PENDING,,A44,Refunded
5fb31f4d-3d5f-437e-9e95-8a0e3216b0b9,28-02-2025,Spotify,2302.04,INR,failed,Healthcare,A14,Anomaly check
ef9597c9-7129-473d-bdc4-31c38c1be77e,12-05-2025,Uber India,3558.38,INR,FAILED,Other,A47,SUSPICIOUS
dfe035ee-d1f4-469f-a0c2-6db16e8f6345,10-02-2025,Spotify,139.77,inr,SUCCESS,,A48,SUSPICIOUS
4f135c3c-3b5a-4f1e-b5dc-fbdfea9736d4,2025/04/04,Local Bakery,3743.27,usd,SUCCESS,,A47,Refunded
bf67c829-7480-44fb-b342-1417535c82c1,2025/11/15,Apple,1559.75,INR,success,Travel,A4,SUSPICIOUS
8228388a-d6ef-4987-8d0d-f16d1791c368,25-11-2025,Local Bakery,4147.75,USD,success,Food,A41,
8228388a-d6ef-4987-8d0d-f16d1791c368,25-11-2025,Local Bakery,4147.75,USD,success,Food,A41,
8576a0c9-43a6-4803-a89b-57fb4c85adaf,2025/05/11,Ola,2313.94,usd,FAILED,,A40,Anomaly check
143294c6-3657-4602-8673-1d1614464886,17-07-2025,Netflix,960.77,USD,success,,A25,
10a19611-4ead-4839-8141-77c80acdd6cc,28-11-2025,Ola,4495.39,INR,failed,,A2,Refunded
fe23a8e6-8c0f-4c99-ad8c-7d99f63ad05d,24-07-2025,Spotify,2460.89,usd,FAILED,Food,A27,SUSPICIOUS
6894fd36-9752-4134-a2c0-37a2e0898035,2025/03/10,Apple,4415.44,usd,FAILED,Entertainment,A49,Anomaly check
f11f2bd4-292b-4289-92bc-2eadca518247,2025/01/25,IRCTC,2640.92,USD,PENDING,Travel,A32,Anomaly check
31971320-36f6-4562-9bf1-7fbdb861dc04,2025/03/22,Uber India,4917.78,inr,Pending,Utilities,A22,Anomaly check
a2a8f615-2220-4d86-8a4b-e8ccfdcb1dfb,2025/03/26,Apple,1248.03,usd,SUCCESS,,A22,
fb8c896f-d75f-496f-b186-ec84278a33a2,16-09-2025,Google,$4681.7,INR,Pending,Other,A16,Duplicate?
bd5476a5-8df3-4772-85e8-be7daf07a61e,2025/08/23,Google,$3531.05,USD,Pending,Travel,A4,Refunded
86650d4a-e49b-4ae0-a5a0-d9855eb61009,18-11-2025,Flipkart,4362.66,usd,FAILED,Travel,A19,Duplicate?
77656017-3b41-4577-9988-4cebf0deca54,28-11-2025,Uber India,$1867.46,inr,PENDING,Other,A25,
8da83ab8-a8ec-4684-8184-77089d39c930,11-03-2025,Amazon,1623.48,INR,success,Travel,A1,Refunded
c13e6931-7920-4b7d-b3f1-e1307c629fa5,10-08-2025,Uber India,785.99,USD,PENDING,Travel,A35,Refunded
56ab67c2-7760-475b-b0fb-9b8040c8a2ae,06-03-2025,Spotify,3705.9,usd,Pending,Transport,A11,Anomaly check
1751d4a5-576e-44e0-a13c-8e1a460f440b,2025/02/26,Apple,1192.31,INR,FAILED,Transport,A20,
ce7fa311-3ba1-4f6c-a7c0-a6308f5730e5,29-04-2025,Google,1900.58,inr,SUCCESS,Entertainment,A46,Refunded
d64e71c9-eadc-4c99-b97d-f04832834d2f,2025/11/20,Local Bakery,$3973.62,inr,success,Other,A12,
183a7ff0-9da2-4955-8e33-f122b8efc8e1,16-08-2025,Netflix,2962.1,USD,Pending,Shopping,A2,Anomaly check
183a7ff0-9da2-4955-8e33-f122b8efc8e1,16-08-2025,Netflix,2962.1,USD,Pending,Shopping,A2,Anomaly check
3434366c-67e3-4564-b80a-0b941b1453e4,06-10-2025,IRCTC,4162.22,INR,failed,Healthcare,A11,Refunded
7f43ae4b-23fb-44b8-af98-0d58a47b59e0,2025/03/11,Shell Petrol,1623.91,INR,PENDING,,A32,SUSPICIOUS
e472db67-182f-4c71-928a-ea97938d9a2a,2025/07/02,Swiggy,3356.29,usd,SUCCESS,,A7,Refunded
dad5ac2b-ed0c-4ae8-94de-02392382a062,18-11-2025,Netflix,$2686.58,usd,PENDING,Cash Withdrawal,A41,Anomaly check
c4209df8-fb20-4322-8314-9d73a7051e78,2025/10/05,Google,1718.11,inr,success,,A49,Duplicate?
ac04f1d9-9f9b-446b-a676-43bfabb8e09e,2025/08/06,Spotify,2451.46,INR,failed,Utilities,A20,
ac04f1d9-9f9b-446b-a676-43bfabb8e09e,2025/08/06,Spotify,2451.46,INR,failed,Utilities,A20,
7d349066-54c6-481e-b976-53f2ccebffe3,2025/12/22,Local Bakery,2346.73,inr,Pending,Healthcare,A50,Refunded
abb7c7a1-8d08-42c1-9826-bc0cc78fd1d2,02-08-2025,Amazon,1944.74,USD,FAILED,Food,A40,Refunded
,24-08-2025,Flipkart,1642.44,usd,FAILED,,A33,Refunded
3fa01d65-373f-4a90-92f3-f9ab45c3b064,2025/12/16,IRCTC,3800.39,USD,Pending,Cash Withdrawal,A36,Refunded
f915016d-881b-46ab-b7da-5acfb37f448f,30-04-2025,Google,2471.69,inr,success,Other,A25,Anomaly check
f915016d-881b-46ab-b7da-5acfb37f448f,30-04-2025,Google,2471.69,inr,success,Other,A25,Anomaly check
a48b158b-9e64-4459-aa31-f1fab59b41a7,2025/12/02,Amazon,3327.58,usd,PENDING,,A33,Refunded
844c50fe-71dd-4c96-9466-9bdfde9446b1,2025/12/14,Amazon,4218.36,inr,FAILED,,A41,Anomaly check
bc5dbf1e-95a8-46b0-a03d-910dd5b0cf46,2025/12/02,Shell Petrol,2133.15,inr,success,Transport,A46,Duplicate?
44956e20-1f18-494f-ac8c-a92fd5369469,2025/12/02,Flipkart,4169.07,INR,PENDING,Food,A25,
baa37e37-1f18-45cb-a6fa-90c6c3d067c5,06-10-2025,Local Bakery,2700.94,USD,Pending,,A4,SUSPICIOUS
76ec5b61-0d82-4b46-9ff4-8a928fa98175,22-01-2025,IRCTC,3624.31,USD,FAILED,Entertainment,A48,Duplicate?
,2025/02/05,Netflix,4139.73,usd,Pending,Healthcare,A13,Anomaly check
675333fe-e3bb-4abf-a5c1-0e7a43e00463,26-01-2025,Apple,476.04,usd,Pending,Healthcare,A44,Refunded
d599ca6c-cb05-4829-859f-88490ab46806,07-06-2025,Swiggy,3298.52,USD,failed,,A50,Refunded
2a9b9117-8052-433e-8436-5e2aa73af10f,08-11-2025,Amazon,4104.09,INR,PENDING,Utilities,A26,Anomaly check
04a2a383-205a-4610-9263-c9326cf13127,14-06-2025,Apple,$1881.65,inr,success,,A11,SUSPICIOUS
3b0a599b-ea7f-4377-9731-61d74174792c,2025/06/27,IRCTC,2539.69,USD,Pending,Utilities,A42,SUSPICIOUS
a5c69737-a290-4753-92af-5fbd941ae543,2025/11/27,Spotify,2727.05,usd,FAILED,Utilities,A16,Anomaly check
ddba4365-187c-4293-af20-8733f7b2b079,2025/06/28,Apple,$2161.45,inr,FAILED,,A33,Duplicate?
66327543-dbea-46a6-b975-e61c9f2123f5,2025/07/18,Flipkart,1953.81,INR,failed,Other,A28,SUSPICIOUS
ba92e00e-a792-4435-8852-d0834e75207a,2025/09/21,Flipkart,1624.08,inr,SUCCESS,Shopping,A37,Refunded
4270ae94-6834-4adc-b89e-f4d6dd0682fd,2025/06/02,Uber India,2966.43,usd,success,Other,A32,Duplicate?
3833f863-0fb4-4cf0-8634-55c967122dbb,2025/03/03,Netflix,$1080.16,inr,success,Food,A44,SUSPICIOUS
f03d3445-5c2c-433f-8295-07d33093445c,2025/09/20,Amazon,$1451.55,INR,SUCCESS,Other,A5,
dc642eee-b728-4989-ba11-60c8f055b4ec,2025/09/22,Ola,$1845.23,USD,Pending,Other,A50,Anomaly check
96196458-17d6-484d-a28e-1a95bc33193b,2025/10/30,Amazon,3285.25,INR,PENDING,,A23,
73dc7032-067e-4736-94ba-126ce967b23d,2025/03/25,Uber India,3206.81,USD,success,Travel,A43,Duplicate?
f0dddcfb-2138-42b5-b993-b82a7c59aa76,08-06-2025,Flipkart,4300.04,usd,failed,Utilities,A8,
331b0f62-5f97-4527-8927-5b0a882f653c,08-03-2025,Spotify,2428.24,usd,success,Entertainment,A44,Refunded
5e973ad3-738f-44f8-9d1f-3fc726df8778,10-01-2025,Shell Petrol,4103.17,inr,failed,Entertainment,A31,Refunded
6bf0938d-28c0-4759-b796-d36de2e66bd4,12-09-2025,Spotify,518.52,inr,success,Food,A20,Anomaly check
97658302-ea6d-4336-a47f-3156e3261b0e,2025/12/06,IRCTC,501.22,INR,success,Healthcare,A1,Anomaly check
437c694e-6ef2-44bf-a101-ccb9da691123,2025/06/27,Local Bakery,4144.48,INR,failed,,A5,Refunded
5b3b29fb-3d32-42c9-a94c-749ecbf0804e,2025/11/28,Zomato,$3005.54,USD,FAILED,,A3,SUSPICIOUS
ae8095a4-e4c4-4a54-960d-59dda611d093,26-08-2025,Apple,3469.85,usd,Pending,Transport,A45,SUSPICIOUS
9a428ecc-fb24-4057-8307-f04ea352224a,23-05-2025,Ola,2557.07,USD,PENDING,Entertainment,A43,Refunded
0500665c-0f11-4640-8945-4c5d82c485a6,2025/08/04,Flipkart,1116.82,USD,FAILED,Shopping,A16,
2ebc0ab2-a7c6-443c-add2-654cd2ddf4d9,11-04-2025,Apple,2420.28,usd,PENDING,Transport,A10,Refunded
0394ca31-b481-4529-9bb4-e2bfcec128a4,25-05-2025,Apple,551.0,inr,PENDING,Cash Withdrawal,A15,Anomaly check
abd8546e-bda9-4b11-b1d0-1d243bc5fb80,28-12-2025,Local Bakery,384.82,usd,SUCCESS,,A6,Duplicate?
2ea98f15-5bc4-41d8-9ef8-a19128e5863e,31-05-2025,Swiggy,3737.49,inr,success,Cash Withdrawal,A26,
37058c21-ac9f-4152-a5e1-6f43f332a7a4,2025/01/15,Flipkart,3548.81,inr,FAILED,Cash Withdrawal,A9,Anomaly check
c5b98062-67ed-484b-8de4-ac9787fcb6a2,29-12-2025,Zomato,3773.17,inr,PENDING,,A3,Refunded
5a2786d5-5063-4641-a5ff-cdc4c4c47a95,02-08-2025,Zomato,1818.51,USD,PENDING,Healthcare,A20,Duplicate?
a42490fe-6b89-4936-a427-97fb269fc9de,2025/11/28,Uber India,3853.5,INR,Pending,Entertainment,A37,SUSPICIOUS
d5a6f57c-46cd-4183-b101-373c0b82761e,10-02-2025,Local Bakery,1181.85,USD,SUCCESS,Entertainment,A15,
636f8be6-919a-4f19-8d2c-3bf0b50f9421,2025/08/01,Local Bakery,$3487.16,inr,SUCCESS,Travel,A45,Anomaly check
70bc7ea4-1683-491e-b3f9-f5f0c9f5820c,2025/07/31,Zomato,2855.02,USD,Pending,Entertainment,A18,
70bc7ea4-1683-491e-b3f9-f5f0c9f5820c,2025/07/31,Zomato,2855.02,USD,Pending,Entertainment,A18,
0c0ab465-7f57-4be8-9d91-de701066a70b,03-11-2025,Amazon,1206.46,inr,SUCCESS,Cash Withdrawal,A50,Refunded
a9c388c7-73e8-4f63-82a0-dc5893d0ac1b,2025/12/13,Apple,419.53,inr,SUCCESS,Entertainment,A12,Refunded
,2025/05/07,Local Bakery,3289.87,INR,FAILED,Healthcare,A15,
,2025/05/07,Local Bakery,3289.87,INR,FAILED,Healthcare,A15,
0a5fb5e4-c111-4148-ab73-7898b03a3aaf,2025/09/09,Local Bakery,2393.25,inr,Pending,,A13,Refunded
,09-10-2025,Google,$3799.63,USD,Pending,Entertainment,A4,
af6fd4c9-34ff-40a6-9ec0-3df35a65a5fe,2025/03/22,Ola,$3682.64,INR,SUCCESS,Shopping,A44,
739d8519-10bd-4abb-b7c5-75fd3cc7fba9,24-10-2025,Zomato,4999.72,INR,FAILED,Healthcare,A17,SUSPICIOUS
84a3191f-ee88-474b-94ce-fc17589e0e49,2025/10/14,Shell Petrol,3300.07,inr,failed,Healthcare,A13,SUSPICIOUS
144df441-cdcc-490c-bbf4-d3cf3753f149,02-01-2025,Swiggy,385.03,USD,Pending,Other,A22,Anomaly check
4df0af0c-7569-40b2-980c-ba4adae7a343,2025/05/06,Flipkart,3938.06,INR,FAILED,,A11,Anomaly check
9526dd33-0492-48fe-af02-0ab550107857,06-12-2025,Swiggy,2784.09,INR,failed,Healthcare,A24,Anomaly check
6adccc7f-6574-4601-8917-d73b622c1560,06-04-2025,Uber India,852.25,inr,PENDING,Transport,A21,Anomaly check
d7f3f8c1-d0fa-4daf-91df-4be44d0a6a77,30-04-2025,Netflix,1002.73,inr,Pending,Other,A17,Refunded
97a4b8b5-13f8-4f1f-a727-38166f6c5be1,08-02-2025,Spotify,581.1,USD,PENDING,Shopping,A23,Refunded
6f4bba03-57e6-44c8-ba55-16e8aabc18bd,2025/12/06,Spotify,$1397.98,usd,SUCCESS,Healthcare,A35,Refunded
219f0da7-8346-4686-a8ef-dfaaff91e075,2025/02/10,Shell Petrol,$1757.66,USD,FAILED,Transport,A40,Anomaly check
219f0da7-8346-4686-a8ef-dfaaff91e075,2025/02/10,Shell Petrol,$1757.66,USD,FAILED,Transport,A40,Anomaly check
80d981f1-f048-4765-abc0-856c331c3a9c,15-01-2025,Apple,$428.96,USD,Pending,Healthcare,A23,Duplicate?
941edbd6-1697-4024-b58a-674ae9a21b46,13-05-2025,Netflix,$466.04,usd,PENDING,Shopping,A28,Refunded
da09aaaa-d5bf-48c3-886e-7acb9a79b7bc,25-02-2025,Local Bakery,1573.72,USD,FAILED,Entertainment,A29,SUSPICIOUS
8a49ecc1-4dea-421e-8d28-bbf4a94dbf10,2025/03/12,Netflix,876.31,INR,Pending,Travel,A41,Duplicate?
e30f33b9-0e56-4030-99e1-9465d15725d4,2025/07/11,Local Bakery,$2235.63,USD,Pending,Healthcare,A4,SUSPICIOUS
b395024c-bd26-47fb-94ac-dc7fb6fb73d2,2025/03/03,IRCTC,2692.09,usd,Pending,Other,A11,Duplicate?
5a7a392e-57f1-48bb-8c2a-597d4c407d0d,14-01-2025,Local Bakery,3917.43,inr,FAILED,Travel,A28,SUSPICIOUS
57d24ac0-7c23-4006-b9e4-4c6a865c27b1,2025/05/06,Google,$2829.43,USD,SUCCESS,,A32,Anomaly check
0fa82e2f-c574-4062-a0ea-a704be8baf49,08-07-2025,Flipkart,4953.26,inr,SUCCESS,Cash Withdrawal,A8,
9bb5dab4-5cc9-4630-a8d4-29d369b339a0,17-12-2025,Ola,535.4,USD,Pending,Other,A25,
7eac7b87-14b8-4575-9c0c-da3c8f2d2729,25-02-2025,IRCTC,2658.88,usd,FAILED,Other,A45,Anomaly check
6c571253-46a8-4a1f-b703-f4b9b243cd59,20-11-2025,Uber India,$1918.36,USD,FAILED,Cash Withdrawal,A32,Duplicate?
4de053f6-f8f6-4f6c-8c8d-4fe354675be3,05-04-2025,Apple,3917.22,INR,SUCCESS,Entertainment,A43,SUSPICIOUS
4e7ec78f-105c-4a2a-aa00-dc8e8d853afa,25-01-2025,Uber India,$4578.49,inr,success,Shopping,A27,Refunded
1561dfa1-ca4e-44d4-a01b-5e4ff72e1896,03-11-2025,Zomato,79.74,USD,failed,Travel,A11,Anomaly check
4d263f04-0179-479f-b15e-7e3e6a0c181f,10-09-2025,Swiggy,$196.07,INR,FAILED,Entertainment,A13,Duplicate?
,11-01-2025,Flipkart,1245.84,inr,FAILED,Travel,A16,Anomaly check
c233bc6a-5aaa-496f-9563-372670064f77,2025/08/19,Flipkart,736.02,usd,PENDING,Food,A44,Refunded
08d6d1ce-4dee-4de4-8052-da5bd2c084ea,11-04-2025,Flipkart,1009.33,INR,failed,Shopping,A13,Duplicate?
6427d329-78b4-4b2f-a321-0fc99192e0bd,18-05-2025,Uber India,4569.36,USD,failed,Food,A35,Duplicate?
a81ef470-b42a-4823-a8aa-a9703709661d,07-07-2025,Flipkart,2154.71,usd,PENDING,Utilities,A39,Refunded
7696a484-fb79-4720-93e1-07e9b24b6778,07-06-2025,Zomato,1574.41,USD,PENDING,Utilities,A31,Anomaly check
,15-11-2025,Google,1099.63,USD,success,,A3,Refunded
bac26bdd-8e9d-400b-b03e-33249c1a696e,03-01-2025,Netflix,1694.29,USD,PENDING,Healthcare,A13,
bd9a8233-d9bb-4ec1-9a40-a6e1c0074da8,08-08-2025,IRCTC,3167.03,inr,PENDING,Other,A14,Duplicate?
165ae992-5e36-47fd-a778-1ef69f5e8dee,06-06-2025,Ola,859.95,USD,FAILED,Entertainment,A37,Duplicate?
023debf2-802b-4d51-9cd2-753199a2dc4b,2025/12/14,Google,3082.5,inr,FAILED,Healthcare,A43,
2e189cb4-316f-410c-9722-0ac7e97c210c,2025/12/16,Apple,1096.06,usd,success,Other,A27,SUSPICIOUS
8046c652-8a3d-4fdd-954f-acb225be225d,2025/01/21,Shell Petrol,3901.54,inr,Pending,Travel,A44,Refunded
4d96b5cb-be29-4043-aaff-b9812abc5718,2025/01/24,Netflix,$1915.48,inr,failed,Utilities,A44,Anomaly check
4bc01a1e-4b76-43dd-bc4f-99fdae13f604,22-09-2025,Flipkart,$103.96,inr,FAILED,,A48,Duplicate?
069f2410-ac1b-4613-abed-ecaa4d17cc1a,2025/10/06,Shell Petrol,2605.09,INR,failed,Utilities,A21,
2a57c0ee-fc4b-46d3-a21e-a68308a4a93e,14-05-2025,Google,4384.97,USD,success,,A13,SUSPICIOUS
f84b14a9-7a61-433f-82af-e67029a8d21d,01-10-2025,Spotify,$73.7,USD,failed,Food,A50,Refunded
78dc8d61-af7e-4ec9-a383-231a7b068b4b,2025/09/18,Shell Petrol,2312.58,usd,Pending,Shopping,A12,Anomaly check
209d22cb-bb29-4a8f-9819-140b0893c96d,2025/04/21,Uber India,$4684.71,inr,Pending,Utilities,A14,Anomaly check
71a189c4-1f67-4220-8e26-e5f3dc29770a,10-06-2025,Apple,219.7,INR,FAILED,Shopping,A10,Anomaly check
d4631503-0435-4cf3-9170-d7243cf526bf,14-05-2025,Uber India,$3452.1,INR,PENDING,Shopping,A47,Anomaly check
ef3f61c8-a043-422b-bc80-cdc4d10612e4,24-07-2025,Zomato,3347.82,inr,failed,,A19,
7337a6f1-b1a6-4d3b-9044-24468f785472,17-01-2025,Ola,721.0,USD,SUCCESS,Other,A27,
26b3a71d-3e75-47a7-bf44-f3495f7dce70,2025/02/16,Shell Petrol,2216.05,USD,SUCCESS,,A6,
eb6cdda2-cff2-4779-94fa-1556b6369367,2025/03/22,Swiggy,58.95,INR,SUCCESS,Transport,A48,SUSPICIOUS
30c0cfe0-7802-498c-a820-3fdd6456ec97,2025/10/29,Amazon,$4566.82,inr,SUCCESS,Other,A24,Refunded
599d1576-8ec4-4b09-8968-5034c6ba90b6,2025/06/27,Google,2260.79,usd,PENDING,,A9,Anomaly check
7f46556b-9459-4e9e-a323-820e1bcf86de,11-12-2025,Flipkart,3770.34,INR,failed,Healthcare,A47,Duplicate?
a1ac8a8a-ae82-4d05-8ce6-c03c9d27ee81,2025/11/29,Apple,1287.57,USD,Pending,Healthcare,A24,Refunded
3539391a-0fa5-45bb-bf1c-ebcbb1a2d438,2025/05/15,Local Bakery,1227.01,USD,PENDING,,A44,Refunded
fe301b74-b17a-40ab-94ac-fe740fd9e0d4,20-10-2025,Local Bakery,$1619.85,inr,Pending,Entertainment,A4,Refunded
e8289a1c-cc32-4e42-82b5-814cb9fa643e,14-02-2025,Google,2402.69,USD,success,Utilities,A40,Anomaly check
fbda20f1-74c7-4908-bbf6-2681a01db83c,13-11-2025,Zomato,1122.15,INR,SUCCESS,Travel,A15,
f3896ae2-26c0-450e-a541-439fb4b95571,2025/10/08,Ola,4430.79,INR,SUCCESS,Food,A25,Refunded
1e95b9ab-504d-4bd9-86d3-5691d83a493a,2025/05/30,Flipkart,42.25,INR,Pending,Other,A23,Anomaly check
82aeb154-496a-4a1c-97b6-6c6d28471813,2025/03/07,IRCTC,889.39,INR,FAILED,Other,A33,Duplicate?
99fc00aa-fdc7-4a0d-8169-a5c0f3feb867,2025/02/20,Amazon,4340.15,USD,Pending,Utilities,A45,
69d50641-28a5-4446-9ec6-d181510a598c,2025/07/23,Zomato,318.08,USD,success,Entertainment,A12,Anomaly check
,28-12-2025,Amazon,1026.48,INR,PENDING,,A41,SUSPICIOUS
90872380-08d0-49e7-8479-6e6175d42308,12-07-2025,Ola,3110.78,INR,success,Shopping,A45,Anomaly check
a5bb0899-e84e-47a4-afd4-4fbdfaa487c4,2025/03/03,Local Bakery,4215.86,inr,failed,Travel,A18,Anomaly check
7d7ee16f-5958-4e89-ac63-c92cc6cef5c5,2025/08/06,IRCTC,$455.72,INR,PENDING,,A29,SUSPICIOUS
429f2c33-f02f-457c-891e-3a558b71c4b3,2025/05/09,Spotify,1966.21,inr,Pending,Other,A30,
d925889f-0f97-48b5-9313-4f6672696675,24-06-2025,Ola,$4683.98,inr,Pending,Transport,A32,SUSPICIOUS
e9f6f39e-45f6-4f6e-85be-68b4db9bb4bd,2025/11/26,Apple,$2884.93,USD,SUCCESS,Cash Withdrawal,A2,SUSPICIOUS
b11d7a26-c91c-420b-b8d3-d1dc1d8dd5c0,11-06-2025,Swiggy,2617.85,USD,failed,Healthcare,A4,Refunded
3a3cdd26-9562-4bc7-8f25-9395a1ad4eed,26-05-2025,Amazon,2825.31,usd,SUCCESS,Transport,A36,Refunded
fb502eff-3570-4bd0-bb17-575804766864,2025/07/18,Swiggy,$2163.22,inr,FAILED,Entertainment,A8,Refunded
33e09d33-3ebf-4b0d-8141-cc8d47ff9d9a,07-04-2025,Swiggy,4831.9,inr,success,Healthcare,A48,
d5f4b793-4eb7-4d31-9006-40fa376044fb,2025/05/22,Uber India,3098.05,inr,PENDING,Cash Withdrawal,A44,Duplicate?
b609fabd-9239-4d42-9d2d-1ef605cee848,21-12-2025,Shell Petrol,510.7,INR,failed,Utilities,A2,
a190f072-1831-4f4d-b44e-54a86e0bb9e4,2025/09/11,Swiggy,4171.14,INR,Pending,Entertainment,A9,Duplicate?
8b9d52d3-9fa0-4f7e-97ca-33205319578f,09-02-2025,Zomato,1608.65,inr,success,Other,A11,Anomaly check
617dbf65-1055-4c89-ab20-3191cfa68d64,11-09-2025,Apple,1525.21,usd,Pending,,A37,Refunded
660dfd52-9ecb-4d46-9781-5f27ee1076b9,26-01-2025,Apple,$3512.82,INR,PENDING,Food,A29,Refunded
5ddd582a-1901-4942-9ead-5fb00588c038,2025/11/12,Apple,2921.63,inr,SUCCESS,Food,A2,Duplicate?
ae5e6b2b-512e-45ad-b62c-6dbd19f7a48b,2025/04/16,Amazon,1191.13,inr,failed,Cash Withdrawal,A27,Anomaly check
62d6f52c-78cb-46dc-81dd-50173b99873d,2025/04/14,Ola,903.02,INR,Pending,Cash Withdrawal,A7,
9f9b50f9-7ceb-44c4-b75b-1117f16be5c3,2025/10/06,Flipkart,$28701.68,USD,Pending,Entertainment,A34,Anomaly check
d410ae31-b1ee-460d-8cb8-a807785eb40b,10-11-2025,Google,2220.35,INR,Pending,Cash Withdrawal,A12,Duplicate?
115e9e1e-726d-4275-9c0d-183e9e7113d8,06-01-2025,Flipkart,$2947.67,USD,failed,Utilities,A16,
96278db0-3937-4ec0-909d-ee1f64c2ec47,16-03-2025,Google,1588.84,usd,Pending,Food,A9,Refunded
df16af3b-7680-4205-ac71-b4877120e07f,2025/10/08,Ola,$425.83,INR,failed,,A49,SUSPICIOUS
56816318-e420-47e0-94cb-7b0da7177f6b,2025/04/20,Ola,3906.96,inr,failed,Other,A46,Anomaly check
2e2d857a-2567-44a9-960b-ed1ca4083da7,23-08-2025,IRCTC,3601.06,USD,FAILED,Cash Withdrawal,A28,Refunded
a50bbe0d-aa0b-4c10-b962-93566b289807,2025/01/14,Ola,1993.03,inr,failed,Entertainment,A11,Duplicate?
781304e1-baa6-4d36-a034-261740667085,2025/06/06,IRCTC,1842.99,inr,FAILED,Other,A19,Anomaly check
24edecec-c9a6-48e9-9a2d-87b1d8dcfd6e,2025/02/11,Apple,1158.86,INR,failed,Entertainment,A20,Anomaly check
b6d58cf1-2551-4715-ab70-67acf9d97716,17-03-2025,Local Bakery,2357.56,INR,PENDING,Healthcare,A40,Anomaly check
b6d58cf1-2551-4715-ab70-67acf9d97716,17-03-2025,Local Bakery,2357.56,INR,PENDING,Healthcare,A40,Anomaly check
23fa23cd-e9aa-4f50-b32a-87783a7a362d,2025/05/27,Spotify,4404.81,USD,PENDING,Travel,A16,Refunded
436b1b9b-95ea-4279-9681-fdb3fd2c76e3,2025/12/08,Apple,972.42,usd,SUCCESS,Utilities,A13,SUSPICIOUS
1e23eb6b-570d-4292-84bc-c61e11b2588e,2025/05/14,Swiggy,3169.05,INR,SUCCESS,,A48,Refunded
08cebec5-7a1d-4cf0-a0af-5589634a978e,24-03-2025,Shell Petrol,$3053.53,USD,PENDING,Other,A43,SUSPICIOUS
1b9f60cc-7ded-4c13-b843-cf67a8ce43e7,2025/12/01,Netflix,4771.69,inr,Pending,Other,A20,Anomaly check
b07f8981-2b87-4b6f-85dd-b1fb64f4d9e2,15-02-2025,Shell Petrol,2072.62,usd,PENDING,,A38,SUSPICIOUS
3719ff3e-862d-499d-9d07-0897887b3c03,2025/04/07,Swiggy,2385.1,usd,failed,Healthcare,A41,Duplicate?
99e65a1c-9ac7-498c-a7a8-1c9bc52b7bf1,29-07-2025,Netflix,2631.05,USD,PENDING,Shopping,A33,Duplicate?
b7c65bbc-93be-4955-a294-de69361b683e,09-05-2025,IRCTC,$969.8,USD,FAILED,Healthcare,A26,
8d0fa6c7-ce0a-488f-a834-85683b07dfbe,28-06-2025,IRCTC,3982.36,INR,FAILED,Other,A44,SUSPICIOUS
11a4f167-4cc9-47bf-a959-e758baf482ff,08-10-2025,Ola,4201.28,USD,failed,Entertainment,A31,
e0be3b41-0bea-4f0f-83cd-2f8e3f72f0f5,25-08-2025,Swiggy,4000.8,INR,PENDING,Transport,A39,Refunded
dfbee4d1-eb9c-4950-b268-6c9387df5ada,2025/03/25,IRCTC,229.02,inr,SUCCESS,Entertainment,A26,SUSPICIOUS
279f9b56-da25-43e9-bbd2-5a10ed4c7498,2025/07/06,Apple,48.62,INR,PENDING,Utilities,A16,
73a761ae-fbcb-4c63-8f19-aa94ec683ee4,02-03-2025,Apple,2898.99,usd,Pending,Entertainment,A25,SUSPICIOUS
75392ef8-25bb-4f49-8561-1295c2cf2808,02-08-2025,Zomato,3113.5,INR,Pending,Transport,A6,Duplicate?
f503deb2-e2b3-4f67-ac9f-472f977001d5,09-12-2025,Zomato,3099.19,INR,FAILED,Travel,A46,SUSPICIOUS
5ec5fbb9-65ca-493f-b49a-adcdbfcd2a70,2025/12/24,Uber India,3451.99,usd,SUCCESS,Travel,A43,Duplicate?
c475b465-72e8-4440-981d-f21f66564dc1,2025/11/28,IRCTC,3850.76,USD,success,,A39,Duplicate?
a542efcc-6c1e-492a-8053-679b5f7fc34a,2025/02/16,Apple,$4376.38,inr,SUCCESS,Other,A38,Refunded
5532a71b-c568-44e5-a292-983492d33916,11-06-2025,Uber India,653.42,USD,SUCCESS,,A43,SUSPICIOUS
220ce919-eefc-41d0-aa05-3c78599342ce,2025/02/23,Ola,2597.01,inr,PENDING,Healthcare,A47,Anomaly check
600c02c3-116f-43f7-a9ba-18526585edb2,05-03-2025,Flipkart,3768.23,INR,success,Healthcare,A15,Refunded
701a441f-5dd6-45fd-9af6-76f57939fdf1,30-03-2025,Amazon,$3974.23,usd,PENDING,Other,A24,Refunded
04832bd9-4cce-47d6-a76c-710e41cc0bc8,16-09-2025,Google,1142.44,INR,FAILED,,A24,Refunded
e76ce39d-546f-4805-b4bf-97b7d5922a93,2025/07/10,Uber India,2092.62,INR,failed,Other,A43,SUSPICIOUS
ab66bd65-0e4a-4756-ad5a-de7fded41662,19-03-2025,Uber India,$3167.0,INR,PENDING,Food,A18,Anomaly check
dd89f734-c12b-49aa-adc7-e3f0aa2e8569,15-02-2025,Ola,3624.52,USD,Pending,Cash Withdrawal,A9,
7fefd236-107a-4149-bd65-a66faa2ac3e9,10-06-2025,Uber India,4943.17,USD,Pending,,A29,Anomaly check
78f95621-6ccc-433d-b5f5-2e2f3eb9f009,2025/11/20,Apple,2449.77,usd,FAILED,Utilities,A25,SUSPICIOUS
1cea029a-6cf1-46d2-960f-b7d3e7ee340a,2025/04/27,Flipkart,$27.0,usd,PENDING,Food,A9,SUSPICIOUS
6836e46a-cb99-4bbc-b185-df381ca46c0d,2025/12/24,Uber India,3358.32,usd,FAILED,Entertainment,A26,SUSPICIOUS
073f7158-3c13-4055-95eb-2c757bc96401,24-09-2025,Swiggy,4600.91,USD,Pending,Cash Withdrawal,A3,Anomaly check
9478bc7e-3ea7-4dad-82de-97a720912e31,27-02-2025,Zomato,296.59,inr,success,Healthcare,A13,Refunded
16cbde01-c767-42c2-aa45-7cadb878630d,18-06-2025,Ola,$741.68,usd,failed,Cash Withdrawal,A49,
c6582b85-6c4e-4348-aa0e-44719fba0979,2025/10/18,Amazon,4158.94,inr,Pending,Shopping,A37,Duplicate?
a39de33b-9382-4bf2-bba4-c895d024291f,05-12-2025,Flipkart,2765.89,usd,Pending,Shopping,A28,
f4c2681e-09d1-4123-a053-eeef4c7b0552,2025/07/28,Netflix,1629.84,inr,success,,A10,Refunded
5963f351-fa52-4edb-bdb0-ac07009696fc,2025/02/03,Spotify,1000.07,INR,failed,Other,A47,Anomaly check
b1bb366c-6f0d-4ad2-91c2-a0e9723f76e4,2025/02/05,Local Bakery,4834.38,inr,FAILED,Cash Withdrawal,A2,Anomaly check
4cd89149-f5b8-4c8f-a586-e0378cc355d2,2025/12/01,Amazon,462.52,USD,success,Shopping,A17,
fcb27cc8-cd1c-425e-8b95-356393a62822,06-01-2025,Uber India,2982.96,INR,PENDING,Other,A12,
5e1187ec-ddf8-45df-a17a-f10dcaba0f8e,12-08-2025,Ola,$4211.12,INR,success,Cash Withdrawal,A3,Refunded
cfa57087-e8b2-401f-b322-e879dcb6f291,2025/06/12,Swiggy,$1015.49,INR,Pending,Healthcare,A22,
99b8f7dc-62bc-4713-b6ce-0035ac629169,15-05-2025,Apple,3601.13,inr,FAILED,Shopping,A8,Refunded
8f62f24a-bc31-4c74-96cf-57641305d438,28-01-2025,Ola,4044.25,USD,Pending,Other,A30,
1b1fa11d-348b-4064-b13b-7d9cd388052c,27-08-2025,Swiggy,3061.13,INR,failed,Cash Withdrawal,A40,SUSPICIOUS
fe23576f-bf05-47af-9593-aaa6423adb39,22-08-2025,Ola,2165.14,USD,PENDING,Shopping,A29,Refunded
3ccb6d8f-3f7e-4187-9111-b6aec4383ae9,2025/02/23,Google,2331.76,INR,Pending,,A35,Duplicate?
7f5a3937-c3f6-4c63-9f01-14cae8b063cb,2025/04/15,Netflix,3546.32,inr,FAILED,Utilities,A1,
896335fa-8cbe-4a91-91ea-d744de1c6067,2025/12/10,Spotify,1148.78,USD,PENDING,Shopping,A33,Duplicate?
7e6e7de0-8eac-4013-9b6a-3af1b6539fc7,19-10-2025,Spotify,1823.99,USD,failed,Utilities,A23,SUSPICIOUS
d811d875-e9f1-42f4-8ffc-692566814a07,16-05-2025,Swiggy,$2432.61,inr,success,,A2,Refunded
3d512675-900f-4243-9565-269b69b3b852,2025/03/24,Spotify,4646.13,USD,PENDING,Food,A20,SUSPICIOUS
4d76173a-46b7-4ac3-95a6-d6db9b26e7db,2025/12/07,Uber India,1550.65,inr,failed,Other,A14,Refunded
e599bb35-f170-44ae-a09f-6d4624fbde01,2025/05/17,Google,$2688.42,inr,FAILED,Food,A25,Anomaly check
4bd83c5f-c6b2-48b1-80e2-d25bd739a798,28-04-2025,Shell Petrol,$772.71,inr,failed,Transport,A13,Duplicate?
db5e16cc-bd3d-4916-a880-e2792f42dd5e,26-06-2025,Netflix,4994.2,inr,SUCCESS,,A3,SUSPICIOUS
ba709d40-8cfa-46b4-8357-aaa7e3f20573,21-10-2025,Shell Petrol,2852.89,usd,SUCCESS,Healthcare,A36,SUSPICIOUS
d50c5d95-2d2e-4359-8b86-4d96400b04c0,2025/04/20,Uber India,1970.9,usd,Pending,Transport,A21,SUSPICIOUS
435cc18b-7b01-41de-bb2e-c642f465b179,11-11-2025,Swiggy,$1051.86,inr,success,Food,A12,SUSPICIOUS
a1a85a0e-50a4-4a28-b090-c5b7e9c55bfd,12-03-2025,Local Bakery,3984.83,USD,SUCCESS,Travel,A43,Anomaly check
6fb22023-0841-432b-aa85-c8efb1665750,2025/02/24,Spotify,2722.13,INR,success,Transport,A12,Anomaly check
42dc0fb7-635f-4501-b994-4cf82c6492a6,08-10-2025,Local Bakery,123.93,inr,failed,Healthcare,A34,Refunded
02b865b5-5adb-43d5-823e-57a6b43a5613,29-04-2025,Zomato,$1626.74,inr,FAILED,,A36,
29777936-b1a4-48a2-a935-f0c737f2f6c3,30-09-2025,Ola,4876.98,INR,Pending,Shopping,A20,Duplicate?
dab9802e-a1e1-4c64-995d-ac853c1db096,05-08-2025,Local Bakery,1551.74,INR,SUCCESS,Food,A5,Duplicate?
1526e913-5469-4843-bb61-f9e3aa538313,19-08-2025,Amazon,3681.49,INR,failed,,A31,SUSPICIOUS
004d4f74-2cef-4682-a35c-5633fa8c9e50,2025/12/05,Google,$4334.41,inr,failed,Transport,A50,Anomaly check
1b5a393f-7337-48a1-a098-0b080d31b2b7,26-03-2025,Uber India,1962.07,USD,PENDING,Shopping,A22,SUSPICIOUS
097d44c3-c8ce-46c9-a69e-a4ba47e5ac39,22-07-2025,Swiggy,4176.79,inr,FAILED,Cash Withdrawal,A33,Refunded
7bf6579b-e16b-4bea-9be1-2be406c94cc6,2025/06/01,IRCTC,2974.42,INR,Pending,,A44,Anomaly check
9d1dfd8b-5f12-4616-a502-ba3bdc1d47d6,01-01-2026,Swiggy,$1405.8,usd,PENDING,Utilities,A22,Anomaly check
bbc8f2e4-2349-4faf-af39-3eef21fac62c,20-05-2025,IRCTC,3418.23,USD,FAILED,,A39,Refunded
c153b9b0-b03c-4bed-a7ac-19284954f864,2025/05/27,Zomato,50.57,USD,failed,Healthcare,A48,SUSPICIOUS
47997258-98b8-4e9a-ab0b-d886a25954b3,2025/03/04,Spotify,160.37,inr,PENDING,Food,A28,Anomaly check
15186b3d-c988-43cd-a03b-4ef188175402,2025/07/18,Spotify,$583.07,inr,Pending,Other,A5,SUSPICIOUS
33333d83-ef19-4c76-9f14-b9e28b14d2ef,02-03-2025,Swiggy,3398.51,usd,failed,,A17,
b384cfe4-4d67-4287-8f9a-7f16bf4a4c0e,2025/07/31,Ola,$2657.32,inr,Pending,Entertainment,A30,Anomaly check
95eded05-c7c7-4b90-a912-d99a83b49e39,11-09-2025,Google,1525.58,usd,Pending,Other,A17,Duplicate?
075cc910-875c-490b-ba1e-95c80968ecd5,2025/01/20,Apple,4545.58,INR,failed,Transport,A26,Duplicate?
cb48338b-26f2-4d01-bda1-6d9b6e6dda4b,04-09-2025,Spotify,1682.35,usd,failed,Transport,A36,Duplicate?
96e0e5c3-632d-4699-9168-a1d0dcd28320,2025/04/29,Netflix,1092.58,USD,FAILED,Transport,A2,Duplicate?
9c6a7539-7b7e-4028-88d0-c6f862906d19,24-07-2025,Shell Petrol,$3803.48,USD,failed,,A18,SUSPICIOUS
de89d1bf-f72e-4e53-9200-fbd11a3d84b3,2025/07/21,Spotify,3406.87,USD,failed,Utilities,A15,Anomaly check
33452a95-134b-436b-989b-c2dde806d33c,2025/08/28,IRCTC,1776.94,USD,FAILED,Transport,A8,
d95c95b1-0699-4948-a45b-5e9f06e27db0,10-08-2025,Amazon,485.61,inr,FAILED,Entertainment,A37,Refunded
61f70953-56c8-46b0-9ed2-e3171793a3db,07-03-2025,IRCTC,$1919.47,inr,failed,Food,A42,SUSPICIOUS
4eda36e5-f655-4ead-a260-ce2c03932c70,09-05-2025,Swiggy,$4021.81,USD,SUCCESS,Other,A45,
a1c13b9e-9256-467f-9028-2ff2886ad43c,16-11-2025,Google,$4895.73,INR,failed,Travel,A26,Duplicate?
4bb9caed-fcac-428d-9d4b-31906d1c7eac,2025/02/24,Uber India,2737.76,INR,FAILED,Cash Withdrawal,A29,Anomaly check
676ee247-c8dd-4e95-b93a-4c60487f03ec,2025/09/29,IRCTC,330.35,usd,success,Shopping,A5,Duplicate?
f4de88c4-5287-493f-b540-385d05a2263d,30-01-2025,Spotify,2325.17,USD,success,Food,A40,SUSPICIOUS
53177a2d-0b3d-4355-8012-6d8023db752c,2025/06/24,Ola,$4089.79,usd,FAILED,Utilities,A45,
148a5b7c-bec2-45d5-ac99-bbf12d536c84,2025/03/20,Flipkart,3163.64,inr,success,,A34,Duplicate?
7a0b5a3d-7f33-4109-a0c3-b046210b09ed,2025/09/06,Ola,2471.99,INR,Pending,Shopping,A40,Refunded
ef36384f-7840-4a52-a458-448c0175216f,2025/10/22,Ola,3101.49,USD,success,Utilities,A19,Refunded
e6a57fe3-f761-41dd-9e1a-256f6c19e454,2025/01/19,Apple,2367.53,USD,failed,Healthcare,A8,Anomaly check
9c1ca758-0112-4c93-83cc-a6c5e406081d,2025/09/05,Spotify,509.67,USD,PENDING,Healthcare,A28,
80f813e3-ac42-4f54-aa25-d94cdfb24ab9,12-04-2025,Local Bakery,961.62,USD,failed,Utilities,A24,Anomaly check
10caf1f2-45f3-4195-b2af-8d7190b26510,2025/08/12,Apple,4611.85,usd,SUCCESS,Utilities,A41,Refunded
39e5591e-0bf6-4056-a67c-aff089897142,2025/10/22,Zomato,1195.5,USD,SUCCESS,Travel,A6,Anomaly check
ab0224bc-0d22-494a-8515-d0ffaa3b960b,02-03-2025,Zomato,$467.14,inr,FAILED,Food,A40,Duplicate?
8d1bd59a-1b3a-4040-af08-5ef092cb4467,07-06-2025,Google,3916.39,usd,PENDING,Utilities,A46,
c50396ba-abca-4d9f-91b6-dfa010ab8388,10-08-2025,Amazon,4835.02,USD,PENDING,,A19,Refunded
9916b705-8d99-4df2-a25a-e57fb919fa34,2025/11/20,Google,4419.03,INR,PENDING,Travel,A44,
39083176-0945-480b-8ffa-b252e115ac42,15-10-2025,Ola,$1554.59,USD,SUCCESS,Shopping,A44,Anomaly check
83009a18-5543-44f0-b9aa-d3e851f93784,08-07-2025,IRCTC,2725.35,inr,success,Transport,A23,Duplicate?
9819597e-e59c-45ef-95c3-9e127cc31e2a,2025/06/09,Flipkart,$3105.24,inr,FAILED,Entertainment,A7,Anomaly check
b4cf9592-6014-4342-951d-f13d0a84dbb4,2025/03/08,Flipkart,655.64,INR,PENDING,Utilities,A35,
9bbfcc8c-c05c-42a1-b9cd-abe15b805d79,2025/05/01,Google,$4349.41,USD,failed,Transport,A6,SUSPICIOUS
93524bdf-c06a-41ba-b1c0-7030603dde67,20-01-2025,Zomato,2752.55,inr,PENDING,Transport,A9,
415b23d2-f033-4efc-ba54-22f0af4a4a4c,2025/08/25,Apple,2187.39,INR,Pending,Healthcare,A48,Duplicate?
6f2e17bf-0f09-4ec2-8b98-a1c5f8661029,2025/06/23,Local Bakery,1344.2,inr,failed,Healthcare,A50,Refunded
c9605124-a59a-4869-b7f0-8512b09521df,05-12-2025,Ola,4873.99,inr,success,,A14,Refunded
,2025/07/22,Netflix,1000.32,USD,success,Travel,A28,
fd1a22b0-f764-4604-97b1-6c66807eef73,10-05-2025,Ola,3000.15,usd,success,Other,A48,SUSPICIOUS
de897a14-0db8-42a6-9906-9e569691ecf8,22-03-2025,Spotify,3305.84,INR,FAILED,Other,A28,Duplicate?
,2025/01/05,Shell Petrol,2128.95,USD,FAILED,Food,A31,Duplicate?
,2025/01/05,Shell Petrol,2128.95,USD,FAILED,Food,A31,Duplicate?
6802d5e2-6ddc-4f50-8b39-743774b3a7d6,09-08-2025,Uber India,3011.65,INR,success,Utilities,A5,SUSPICIOUS
686bc4d8-e39d-4140-b9cc-946f697597d9,29-09-2025,Zomato,1589.53,inr,PENDING,Shopping,A23,Duplicate?
1e60121e-3b89-40eb-9361-3f23a4be01b9,2025/09/24,Flipkart,4139.11,USD,success,,A38,Anomaly check
0e86fd57-ba9a-41cf-9a5e-dda8d9fe0448,2025/11/10,Netflix,4880.39,usd,SUCCESS,Utilities,A15,Refunded
fa95296a-cfe1-4a43-a73a-235eebc51689,16-05-2025,IRCTC,2383.46,inr,PENDING,Travel,A6,SUSPICIOUS
9acfb1bd-6c8b-47f9-bb72-fe1193e79317,14-08-2025,Apple,1209.46,usd,Pending,,A43,Refunded
9ff72e00-39c2-4c9f-8dd6-a5ba16117005,06-05-2025,Netflix,4242.69,USD,SUCCESS,,A11,Anomaly check
9fb344fb-f5a8-4026-9d77-4242fbcf8ca8,11-11-2025,Uber India,287.86,inr,Pending,Food,A32,Refunded
59763750-1fa4-4628-9eb9-2902073db0cf,2025/07/11,Netflix,4688.96,USD,failed,Travel,A27,Duplicate?
a555eed3-72f2-49d0-a8f5-b381e53c8d88,2025/01/24,Ola,250.07,INR,PENDING,Cash Withdrawal,A45,
b1335ec2-b2dd-4f67-98bf-39788c4a70f7,02-07-2025,Uber India,1931.41,inr,success,Utilities,A10,Refunded
94480ab3-75c5-465a-a031-0f0061cf6438,09-10-2025,Spotify,2464.06,USD,FAILED,Transport,A36,SUSPICIOUS
5d1f6d85-33ca-4b81-bd14-2e04213834fb,2025/11/18,Google,4519.46,INR,FAILED,Other,A44,Anomaly check
dd123e28-ac52-4553-85af-ae3d631da539,2025/03/07,Amazon,4685.66,inr,PENDING,Travel,A19,SUSPICIOUS
82bedfff-3c9b-4462-aa15-79838ba3c50d,2025/10/21,Netflix,4755.65,inr,PENDING,Cash Withdrawal,A9,
50f01b82-6124-4795-a651-f4a07bf314f8,11-10-2025,Netflix,3768.53,INR,SUCCESS,Cash Withdrawal,A1,Anomaly check
e8579f2f-dc78-45e7-8532-47189c376eac,2025/07/13,Swiggy,22.25,INR,FAILED,Cash Withdrawal,A28,Duplicate?
3e368a61-5dd7-4e92-b6fe-040385df3793,17-01-2025,Shell Petrol,222.29,USD,FAILED,Entertainment,A25,Anomaly check
2efd521d-4e34-4547-8906-46aa62eda3bb,03-09-2025,Uber India,$4580.52,INR,success,,A28,SUSPICIOUS
77f8e329-8768-4b97-b4a5-87efc4d1a566,06-04-2025,Zomato,3910.2,usd,FAILED,Travel,A19,SUSPICIOUS
410e35cf-cb74-499c-a4e5-b6b49b50caa8,2025/08/09,Shell Petrol,4081.39,INR,success,Travel,A24,Anomaly check
8d4f1169-f03a-4e82-b4df-cc803d0a8091,15-09-2025,Zomato,$1576.5,USD,success,Food,A43,Refunded
268aa467-e16a-4e5b-ba92-62be07c3fbc7,2025/04/28,Swiggy,2439.0,usd,FAILED,Food,A48,Anomaly check
123295d9-026b-4c0d-9cc3-afe827cd105f,2025/01/16,Apple,$3198.69,INR,SUCCESS,Cash Withdrawal,A21,
c0a165e5-b91e-4bb0-aaa1-75e0d69e6ef4,17-08-2025,Google,3860.59,inr,PENDING,,A14,Duplicate?
1aecc24c-a019-4c8d-a0d8-7700f4b278d4,2025/01/11,Apple,2160.85,INR,FAILED,Healthcare,A15,
8e43e02b-c13f-4051-94cc-7faab2bf7386,02-09-2025,Zomato,2452.98,USD,SUCCESS,Other,A32,
ee3562ea-5040-4c85-929e-df0ecdc527c0,2025/08/04,IRCTC,39.74,USD,SUCCESS,Other,A7,Refunded
5b34a4da-b887-4f91-ae26-669e67c86c7a,15-07-2025,Swiggy,316.08,inr,PENDING,Travel,A10,SUSPICIOUS
0b76958c-407f-40b5-9bb8-67be5f3e77ef,14-08-2025,Amazon,2443.9,INR,PENDING,Other,A46,Refunded
988650e7-dba0-403e-851d-d0bbc0324143,07-07-2025,Uber India,3580.12,inr,FAILED,Other,A15,Duplicate?
90e88897-a38a-4b63-8639-42e23707be48,15-01-2025,Amazon,2603.8,inr,FAILED,,A7,Duplicate?
604c0776-11ec-4962-85d9-91e985b387f7,2025/08/12,Zomato,4535.28,inr,failed,Shopping,A8,Anomaly check
39825169-0c0d-4543-8031-d24a4aa3a998,12-07-2025,Flipkart,2385.25,inr,SUCCESS,Utilities,A17,SUSPICIOUS
0b8208b9-6282-4095-a615-c96a8fe9eea1,05-12-2025,Google,4625.19,usd,SUCCESS,Shopping,A20,Refunded
3eacc175-f834-4130-9ca2-35a3c24d38e4,12-05-2025,Local Bakery,$458.72,inr,Pending,Utilities,A15,SUSPICIOUS
ee6dbbdc-5a15-4587-8c0d-49218b0f33bb,2025/05/06,Amazon,$4351.49,usd,PENDING,Healthcare,A43,
1fc0c00c-d9f8-4c4e-bb3d-97a3e1a19fe9,2025/08/03,Ola,1985.74,inr,success,Travel,A40,Duplicate?
6be618cc-7ca4-4622-8d87-3dff40aed98b,2025/04/24,Zomato,3779.51,USD,success,Transport,A16,Refunded
95428304-586e-443d-b695-91b798c06b07,2025/03/27,Shell Petrol,$4591.84,INR,success,Entertainment,A35,Refunded
a432bb17-5f32-4e9a-8703-bc81b212ef6d,2025/11/17,Shell Petrol,2249.71,USD,FAILED,Entertainment,A6,SUSPICIOUS
616366df-c169-4eb5-9a62-2eaf87b80a43,15-10-2025,Ola,$1480.09,INR,failed,Healthcare,A15,Duplicate?
92bc2e55-fbb8-40d0-be6a-3159814919fe,2025/03/02,Shell Petrol,743.93,USD,failed,Shopping,A1,SUSPICIOUS
77974f4a-674a-4919-98f8-1d464026ac75,15-06-2025,Uber India,4494.25,inr,FAILED,Transport,A14,
09f074f4-9817-4a88-b88b-bbd87004dd26,27-03-2025,Flipkart,595.31,inr,PENDING,Utilities,A35,Anomaly check
6907a696-2bfc-4d00-bbda-c5bb34497d86,2025/10/28,Zomato,733.98,inr,Pending,Shopping,A47,SUSPICIOUS
495ec4d3-c79f-487a-b37a-e91e174e56b0,10-08-2025,Flipkart,2365.48,inr,SUCCESS,Healthcare,A9,Anomaly check
3da9f2ae-e6d7-4cbd-abcb-738a7e20ad2f,26-04-2025,Shell Petrol,144.8,usd,PENDING,Entertainment,A12,Duplicate?
a25086bd-1b1a-4c78-ab74-9ae27587ef2b,2025/10/11,Flipkart,288.79,usd,success,Shopping,A46,Duplicate?
026ff0bc-7349-4653-aecf-2d4cbab5a771,2025/02/18,Spotify,312.42,inr,success,Transport,A33,SUSPICIOUS
a0b98603-1751-4c83-bb9f-9ba4c5243929,15-10-2025,Ola,$4969.59,USD,failed,Food,A44,Anomaly check
b867fb67-de04-4276-a4dc-5437cd2883b2,31-05-2025,Spotify,1704.45,usd,Pending,Travel,A20,SUSPICIOUS
,2025/10/27,IRCTC,1699.03,INR,FAILED,Utilities,A18,
54d466f2-3a8f-4b91-89fa-b649895a3d4b,02-06-2025,Local Bakery,3088.39,inr,success,Shopping,A13,Duplicate?
5c15b9cb-23f8-46b5-94a2-f536ea9c9ebf,09-11-2025,Local Bakery,$1082.92,INR,SUCCESS,Cash Withdrawal,A2,Anomaly check
91bf7898-06a6-45cb-b91a-3abde01fea96,10-03-2025,Uber India,$3484.04,INR,FAILED,Utilities,A7,
fd6319b0-f6a0-4669-abce-e7ee3aa13f9b,2026/01/01,Local Bakery,2818.63,inr,FAILED,Entertainment,A23,Anomaly check
2b4c3500-586b-4130-99e1-a34af58a5589,08-12-2025,Uber India,3213.41,usd,FAILED,Transport,A32,SUSPICIOUS
77f1bc31-2ddb-4783-9fbf-44812d4051d2,18-10-2025,Spotify,3359.62,usd,PENDING,Food,A24,SUSPICIOUS
f31b371d-a844-4ae0-ae66-c4744b62d883,2025/03/10,Flipkart,3559.45,usd,FAILED,Other,A33,SUSPICIOUS
fbd84bab-4c94-4280-aafc-61e594faca49,13-11-2025,Local Bakery,633.84,INR,FAILED,Healthcare,A21,Refunded
fbd84bab-4c94-4280-aafc-61e594faca49,13-11-2025,Local Bakery,633.84,INR,FAILED,Healthcare,A21,Refunded
f29298bb-40f1-4b27-87a6-bc676ebc8534,19-09-2025,IRCTC,2503.44,usd,FAILED,,A21,Duplicate?
adea3c65-a848-4665-a3c2-a6e70d85cfa5,06-11-2025,Ola,3277.42,USD,FAILED,Other,A46,Duplicate?
abb147e1-2b6c-4b71-9d4c-2d5944c5c606,2025/05/25,Google,1278.81,inr,failed,Travel,A3,Duplicate?
a38d47d1-6ca4-49f8-82fb-1a6298e36137,01-09-2025,Uber India,510.94,USD,FAILED,Utilities,A22,
74a924c2-e5d3-4963-8f2f-3a7cca17c756,2025/11/18,Ola,2261.51,INR,failed,Transport,A16,
3e9da670-c296-4e2c-9cd1-be6fbec36a92,22-04-2025,Google,1371.14,inr,FAILED,,A8,
21dead05-b37a-4a89-a512-8b3b924adcd3,05-04-2025,Amazon,2389.82,usd,Pending,Utilities,A1,SUSPICIOUS
d819d0d3-0d89-4a38-b3a7-372c491ef25c,2025/03/25,Apple,4921.61,inr,Pending,Utilities,A24,Duplicate?
9d5911a9-4930-44fa-b34b-5312097ab599,2025/10/27,Local Bakery,1505.06,inr,success,,A31,Duplicate?
2e515c0d-d9f7-4aa0-8765-33cdde1cc513,23-05-2025,IRCTC,4786.71,USD,failed,,A15,Duplicate?
6b4f8d52-9e09-4511-92c6-7cb98e6008dc,2025/02/27,Uber India,480.96,usd,Pending,,A28,Anomaly check
17e5d235-b20e-42f6-83f4-397b58daabd5,2025/02/12,Ola,1068.18,USD,failed,Utilities,A10,Duplicate?
4f94d31a-a8f2-4f40-8265-39aaabf861d3,15-10-2025,Spotify,1235.78,inr,SUCCESS,,A23,Anomaly check
,2025/06/17,IRCTC,277.22,inr,success,Entertainment,A50,Anomaly check
3c06f7e2-ce13-4950-b89d-8a5f83174c61,01-08-2025,Zomato,956.86,INR,FAILED,Shopping,A1,Refunded
52d48e8d-445f-491a-a679-3f882132f33d,06-10-2025,Shell Petrol,$2790.79,USD,success,Food,A2,Duplicate?
03b2d751-8bf6-419b-9f2d-5c5400979620,2025/04/22,Uber India,2347.03,usd,failed,Travel,A19,Anomaly check
b103d6fd-5249-4312-923b-09a51ec11d6f,2025/12/29,Zomato,4982.62,INR,SUCCESS,Cash Withdrawal,A46,Anomaly check
ead580fb-6299-42d5-88ed-70023a712cbb,23-02-2025,Netflix,125.62,USD,Pending,,A39,Refunded
f7555dd2-8e73-4ead-96ac-37ac0cd8de7a,2025/04/08,Uber India,4014.28,usd,Pending,Food,A25,Anomaly check
4e0d0be8-dee8-4e17-bee4-05288583fa0b,2025/12/01,Google,$3491.61,inr,failed,Entertainment,A20,SUSPICIOUS
0423c10e-a4b6-49d9-a185-bb7f98ac7af8,09-02-2025,Ola,2614.28,inr,FAILED,Entertainment,A46,Refunded
2792a72c-f0e8-405c-9c41-10c64fd143b0,23-06-2025,Google,$4428.27,INR,failed,Transport,A8,Refunded
cd355a70-11bf-410d-a080-9f47b8b57369,2025/06/21,Amazon,202.57,INR,PENDING,Utilities,A10,Anomaly check
165e82bb-367a-4475-86fb-a96cfc221d60,2025/05/28,Zomato,2198.96,inr,failed,Shopping,A5,Anomaly check
5e0c8928-be5e-4f44-b610-21a6e1951dd1,11-04-2025,Local Bakery,1021.83,inr,success,Other,A5,Duplicate?
96cc56fb-247d-4dfc-9473-f3ad27817f54,2025/10/17,Uber India,3971.6,usd,FAILED,Healthcare,A3,Refunded
14e880e2-c4fd-43be-86b4-50b1917edfc4,22-02-2025,IRCTC,1068.1,INR,PENDING,Utilities,A13,
5d21babe-bf75-44f5-ac3a-7f48e50adf8a,2025/02/06,IRCTC,$104.34,USD,SUCCESS,Food,A32,SUSPICIOUS
98f7b4f3-c841-48ad-87ec-78efee2cd333,2025/11/02,Uber India,$109.11,usd,success,,A13,SUSPICIOUS
e1ef5d85-ff60-4768-ad43-6c51dbce5e1c,12-04-2025,Shell Petrol,4782.9,inr,failed,Utilities,A22,
820e7111-8c1f-4c5e-bd70-548effbbed12,2025/10/19,Local Bakery,2316.21,INR,PENDING,Food,A29,Anomaly check
7ec976c4-5271-4da4-a494-1905c8790018,31-08-2025,Netflix,3111.61,USD,FAILED,Other,A38,Anomaly check
,2025/08/23,Netflix,471.05,usd,SUCCESS,Entertainment,A34,Anomaly check
4b44767a-786d-4216-a45a-f888f2a173bb,2025/05/09,IRCTC,4668.31,inr,PENDING,Transport,A13,
4fdb7c63-80e6-4b6c-82d8-a67eb4695060,2025/04/23,Uber India,$945.01,usd,PENDING,Shopping,A35,Anomaly check
0297d076-a558-47ae-a9e9-206853846910,2025/12/29,Spotify,3692.2,usd,FAILED,Food,A1,Duplicate?
98a06530-cccf-4c19-bd16-78fabbcf1c15,15-09-2025,Local Bakery,$1051.23,inr,Pending,Utilities,A42,Anomaly check
6f9bd986-5ad0-44e9-a63d-6d3e52ec6d48,16-12-2025,Zomato,$1894.04,USD,PENDING,Utilities,A37,
902ddcf1-44f6-4527-9475-7e65ef2ed698,09-08-2025,Uber India,3385.24,usd,failed,Other,A34,SUSPICIOUS
19d5b059-20a2-4920-8a9d-c25a9f11f3a3,2025/08/03,Google,$4475.24,usd,SUCCESS,Transport,A10,Anomaly check
ab416895-3205-44e4-9237-b5692f0c6c7a,2025/01/09,Netflix,4147.39,inr,failed,Food,A42,Anomaly check
b8265f12-6ea5-409d-ae93-56a727769658,14-01-2025,Google,$1749.09,USD,PENDING,Cash Withdrawal,A10,Anomaly check
,02-02-2025,Amazon,719.61,USD,SUCCESS,Shopping,A9,SUSPICIOUS
bce73b17-dd9c-41a9-8f85-11dd5fd0a05e,14-06-2025,Ola,120.63,USD,PENDING,Transport,A9,Duplicate?
3684c7a6-99b0-42c6-adf4-7ab4778b0260,10-08-2025,Google,2169.38,usd,failed,Transport,A50,Duplicate?
40e6d4ec-431a-4b5b-850e-b174b0f24dc9,08-08-2025,Flipkart,3784.7,inr,Pending,Cash Withdrawal,A27,
b6b80685-1ad6-472b-98ec-477785ebdc75,02-10-2025,Uber India,$47.65,INR,FAILED,Utilities,A42,Refunded
c7462fdc-8783-4523-8b09-136b331e851a,30-07-2025,Amazon,4696.2,USD,PENDING,,A1,
ae108f4f-b7c8-46f1-8b30-7d43f6f5f4c6,05-11-2025,Spotify,$3143.44,usd,FAILED,Cash Withdrawal,A8,
24d9122e-0e1e-4aa7-9b38-07a921921f3c,28-07-2025,Amazon,3881.51,INR,Pending,Other,A43,SUSPICIOUS
72996ef9-2042-44d4-9d75-0b7e4eb7cf5d,2025/07/27,Uber India,3120.87,usd,PENDING,Healthcare,A38,SUSPICIOUS
b1b2a47a-4ebd-47da-8a2f-c3174f07d3d4,16-12-2025,Uber India,4161.54,inr,success,,A25,
21840947-0667-40e5-afd4-61fa9a0efd8f,04-05-2025,Zomato,221.27,INR,FAILED,Healthcare,A5,Refunded
e8807db1-9c19-45fd-95d3-07c069436343,09-07-2025,Shell Petrol,1290.73,USD,Pending,Healthcare,A6,Refunded
e999362e-ce8a-4d11-b0da-1196ad1f03b5,29-12-2025,Ola,362.71,usd,Pending,,A20,Anomaly check
9e192e74-2d9d-4344-8123-5caf08c1e91b,05-07-2025,Uber India,3569.05,usd,success,Healthcare,A18,Refunded
,2025/08/01,Shell Petrol,$4757.48,INR,PENDING,Transport,A8,Anomaly check
ed855ee1-32f6-4d9a-9fe1-fe6b4b5b2a2e,2025/09/12,Shell Petrol,451.69,inr,failed,Shopping,A17,Anomaly check
6975487e-b24d-439b-b2f4-1a681a8e4024,01-10-2025,Local Bakery,$2035.67,inr,Pending,Cash Withdrawal,A16,
072bf2f1-8654-41fd-a6f7-ae7b102af02e,24-05-2025,Swiggy,$411.93,inr,success,Entertainment,A30,
3413fade-1b89-44af-b3ae-0856e068be16,05-01-2025,Netflix,1208.39,inr,PENDING,Shopping,A21,
db51b15a-ae16-42eb-9dc2-58680fd4d1b1,2025/07/21,Zomato,3834.24,INR,SUCCESS,Cash Withdrawal,A27,SUSPICIOUS
f1b45c69-89c2-436e-ac4f-37a5950078f6,18-05-2025,IRCTC,$3107.48,usd,SUCCESS,Shopping,A38,SUSPICIOUS
d97efe0f-7966-410b-a296-a58bde3541cc,07-07-2025,Google,1042.78,inr,SUCCESS,,A24,SUSPICIOUS
c1a7bac5-b091-4292-b09f-3069115baad5,05-09-2025,Flipkart,874.66,INR,SUCCESS,Healthcare,A41,Anomaly check
d624c898-238f-426f-b8ef-693b86d7fbc8,07-07-2025,Local Bakery,2337.57,inr,success,Transport,A17,SUSPICIOUS
6752c102-4110-4014-b376-c827a1d93605,2025/03/27,Google,2226.33,USD,success,Other,A37,Refunded
474a2af7-1602-461e-8088-4de82e02aa27,2025/02/20,IRCTC,4664.04,INR,SUCCESS,Shopping,A35,Duplicate?
504de119-3c48-4224-b3d3-309c94011112,10-01-2025,Ola,4811.62,INR,success,Other,A40,Duplicate?
9fc093eb-cf68-4295-88c1-c6201ea2c254,2025/08/10,Zomato,3596.38,USD,failed,Healthcare,A32,
,2025/05/22,Spotify,3552.95,usd,PENDING,,A27,Duplicate?
,2025/05/22,Spotify,3552.95,usd,PENDING,,A27,Duplicate?
0eafa847-b19f-424d-a0b8-6c8139619c7a,2025/11/10,Netflix,$1046.89,USD,SUCCESS,Entertainment,A24,
61e6da9b-0b44-43e4-a2e3-e2c67a241313,2025/10/07,Swiggy,1264.71,USD,SUCCESS,Utilities,A44,
348f6885-893d-4281-9f24-9c4fd8be7607,02-01-2025,Zomato,2564.11,inr,Pending,Food,A50,Anomaly check
a96adce5-f581-4c87-8979-3b90ecdf77a8,2025/04/28,Uber India,2915.77,INR,SUCCESS,,A26,Refunded
404bffa1-83b2-48b0-b0b7-cc041afe73ba,27-02-2025,Apple,3188.54,usd,PENDING,,A2,Refunded
0ccb18af-5f31-4e69-b3a9-d90d0afa1180,22-02-2025,Netflix,2460.57,INR,SUCCESS,Healthcare,A46,Duplicate?
3c1b1425-67d8-4b58-bcb7-2a149741d5d1,2025/06/25,Local Bakery,$1825.72,usd,FAILED,Utilities,A6,Anomaly check
4e5177e5-6ab8-45e2-a22f-3aaa3c66bc6f,28-01-2025,Local Bakery,$1293.69,inr,success,Transport,A10,SUSPICIOUS
6994e202-8066-4ca9-a225-c8350d5b4642,2025/07/15,Swiggy,2445.92,inr,failed,Cash Withdrawal,A1,SUSPICIOUS
3dbf4473-00d2-45f5-acd9-29e80f283838,2025/02/11,Apple,3305.58,USD,success,Entertainment,A4,Refunded
cb6891f4-0163-48ab-8e48-02353ad93267,2025/02/14,Spotify,$4225.63,usd,failed,,A13,Duplicate?
cb6891f4-0163-48ab-8e48-02353ad93267,2025/02/14,Spotify,$4225.63,usd,failed,,A13,Duplicate?
5a1b715d-b056-4015-9d26-4c43905983b4,07-07-2025,IRCTC,$2544.45,USD,success,,A29,Refunded
57c33368-b610-46b7-b255-9a4a1f39c3ed,22-07-2025,Amazon,3677.38,USD,success,Travel,A12,Anomaly check
9156278f-fb41-434c-a282-9e4a8c90f829,01-07-2025,Ola,2154.15,INR,failed,Other,A16,Anomaly check
cbfa713f-eac5-4a22-96ba-5144aeacc0a6,2025/11/06,Ola,1580.57,USD,failed,Transport,A9,Anomaly check
4b8a4ca4-e33c-4ec4-9fe0-c7446e95efb0,27-10-2025,Ola,2732.13,inr,SUCCESS,Healthcare,A42,SUSPICIOUS
73ec9fbb-270b-4de5-9ed7-0a5d3f08ce1f,2025/04/19,Flipkart,$2632.8,inr,PENDING,Utilities,A9,Refunded
865a0f5b-7d60-4dbc-a876-fabb4c57d3eb,05-02-2025,Netflix,1985.67,usd,success,Cash Withdrawal,A8,Anomaly check
fe26fdfe-fbca-4fd6-981a-f22c11db18a8,30-08-2025,Uber India,$2079.97,inr,Pending,Other,A6,SUSPICIOUS
1b403735-f289-4ae0-b3eb-132e5c267744,2025/04/24,Zomato,2913.6,USD,failed,,A44,
3d18f01f-e7bb-40c0-9648-48079a7611f4,2025/02/01,Google,1886.44,usd,Pending,Entertainment,A38,Duplicate?
dda1900d-c744-4b3d-8d4b-2961df91f159,2025/04/14,Shell Petrol,4022.28,usd,SUCCESS,,A25,Duplicate?
3754f15a-8f58-4101-ad7d-2b9e4a12812e,08-05-2025,Flipkart,1095.62,USD,success,Transport,A13,SUSPICIOUS
fe7e635e-95bc-4ee1-8051-62afa32176a9,17-12-2025,Amazon,3463.13,INR,FAILED,Healthcare,A34,Refunded
0cdecbbb-da95-406d-a26a-0234ee908ad6,28-10-2025,Apple,4555.96,USD,PENDING,,A4,
c7393875-f8be-48c2-9e25-ca52e10e53c8,2025/05/05,Swiggy,1753.84,INR,SUCCESS,Travel,A15,Duplicate?
ae86e475-c549-46e8-8fad-6de2e9c7452d,14-10-2025,Shell Petrol,1176.77,usd,failed,Other,A44,Refunded
dbb4c043-4322-4d69-8567-a17d907312eb,02-02-2025,Spotify,$4545.48,INR,PENDING,,A12,SUSPICIOUS
2095bb43-897f-4bb5-b528-33e3445fc7d1,26-08-2025,Apple,$2855.55,INR,Pending,,A43,Anomaly check
0bd79bfb-05e7-4e82-9f46-90bd7a4ac58c,2025/07/11,Spotify,2425.94,USD,PENDING,Shopping,A27,Duplicate?
9ed6b6a7-2953-4ef8-a80c-9dab816b2e8c,26-05-2025,Swiggy,4404.1,inr,success,Travel,A34,Refunded
,2025/05/25,Zomato,1716.89,inr,success,,A35,
324998e0-8e50-4bcf-9d77-850963a8b0c4,20-01-2025,Zomato,3811.14,USD,SUCCESS,Food,A31,Refunded
ba60a7ff-de6b-4868-bc71-b101b3afc02a,26-07-2025,Spotify,523.75,inr,FAILED,Utilities,A28,
f92544b0-67cf-45b9-8af0-5efa762483bd,09-10-2025,Netflix,895.17,INR,success,Entertainment,A11,Anomaly check
c62a2b43-479f-4ae8-82a7-cd8890ebdd47,2025/09/01,Shell Petrol,644.48,USD,failed,Other,A2,Anomaly check
e6a4ec3e-4af4-484e-ba40-7fbc6bdf630e,26-11-2025,Google,$2222.39,INR,failed,,A39,Refunded
ecc51cf8-cee4-489f-ab64-8aa4fbe9ad8d,2025/12/15,Ola,$3072.3,USD,Pending,Transport,A37,Duplicate?
ef91b623-33a4-4a31-bf43-4d1ffbe1ef3a,2025/06/29,Uber India,$569.21,inr,Pending,Healthcare,A43,Duplicate?
27fe81aa-30e2-4a43-93bd-bbec0c1cb8ee,01-06-2025,Apple,1868.34,usd,Pending,Healthcare,A7,
adce34d1-227f-4012-9ad2-322583d3ec85,21-09-2025,Google,500.98,inr,failed,,A34,
18bac684-ddee-4977-ac1e-319ec1e007b7,11-06-2025,Google,1952.09,inr,SUCCESS,Entertainment,A9,Duplicate?
c7357034-5ca8-40ae-b121-c0b813451019,22-09-2025,Zomato,801.34,INR,PENDING,Travel,A30,SUSPICIOUS
40df739e-8b93-4a38-a66f-2817aee6ef61,19-10-2025,Zomato,4741.17,USD,SUCCESS,Food,A36,Duplicate?
abaae32b-95b1-4b36-8c59-7920e0f8e5f5,2025/03/14,Local Bakery,$785.86,usd,PENDING,,A19,Anomaly check
f862c1b6-56d4-4e54-9670-98d9d1a8dd42,2025/03/01,Uber India,654.24,usd,failed,Cash Withdrawal,A3,Anomaly check
fa387462-d8b5-4104-8193-f4a9b437ea6b,19-09-2025,Spotify,3252.39,USD,PENDING,Entertainment,A5,Refunded
94d6f437-c46c-40e1-8187-d1b5b244e891,05-11-2025,Zomato,$4285.51,USD,FAILED,Healthcare,A35,Anomaly check
06453dbc-1f19-4827-ac98-78ed9fc9a494,2025/10/06,Swiggy,2009.87,usd,PENDING,,A28,Duplicate?
93f03c41-d64f-4984-8485-d8d775238761,18-08-2025,Google,3786.14,INR,failed,Transport,A14,
7806e5b4-3f02-4aca-af42-8c16c0fc8cf6,16-10-2025,Shell Petrol,583.96,INR,failed,Food,A46,Refunded
0ae53b5a-6330-4cb6-85a0-c4a85b968e2e,2025/02/08,Apple,2607.01,usd,FAILED,Cash Withdrawal,A46,Anomaly check
fb8343a0-470a-44dd-bd38-b4a99c220e3e,19-06-2025,Zomato,1028.57,inr,FAILED,,A25,Anomaly check
18a042b5-347e-4892-a011-13e262e1ccfc,2025/01/03,Google,1186.6,USD,failed,Travel,A28,
800afe53-3041-425c-a484-827fc754bcb8,08-03-2025,Local Bakery,1357.38,USD,failed,,A2,Duplicate?
52630419-fc25-431e-9615-e1428aeb7812,2025/03/18,Local Bakery,4170.13,usd,failed,Food,A21,Refunded
d2acae5c-2cab-4e38-b8fe-4dc4ad3a2f16,2025/02/20,Spotify,4023.43,inr,failed,Travel,A8,Refunded
3bd6ea5e-3c93-42dd-a043-87f1afed15b1,2025/11/22,Zomato,375.05,USD,success,Transport,A36,SUSPICIOUS
d2b9aa46-2f2c-46fb-8840-0790bfbf0b1f,2025/09/11,Zomato,2422.86,inr,success,,A1,Duplicate?
f68af9c1-a15b-4c80-ae96-c54a85efa4cb,03-09-2025,Ola,4832.85,USD,Pending,Food,A6,
74e78548-b901-4f03-92d2-a9b941afaf1d,04-10-2025,Apple,$4049.08,usd,FAILED,Cash Withdrawal,A29,Refunded
bed72386-cfed-4cef-9116-718cebde32a7,2025/09/23,Swiggy,4771.53,USD,PENDING,Cash Withdrawal,A45,SUSPICIOUS
7cb171d1-3302-4032-8bc4-10cc69691f02,2025/04/01,Ola,379.45,INR,PENDING,Shopping,A33,Duplicate?
b8f8fa90-ac0a-4334-babf-5137db2bceb8,2025/10/11,Netflix,625.79,INR,failed,Other,A22,Anomaly check
e504f0bd-9dc7-48d3-885c-83a78154d4bb,21-07-2025,Uber India,2600.9,INR,FAILED,Food,A29,SUSPICIOUS
cc38e2d9-62dc-4261-aafa-11716d7147a4,12-02-2025,Google,2907.1,USD,success,Travel,A42,Refunded
4637641d-ce2b-4b58-8c4a-568e5248fbfb,06-03-2025,Spotify,4312.32,inr,FAILED,Entertainment,A47,SUSPICIOUS
f8da0884-efc2-4734-be14-46772cce2f0c,2025/08/14,Local Bakery,$4354.21,inr,PENDING,Travel,A49,Refunded
e928e9e8-ea54-4fae-87bd-5e8edefdb902,2025/07/12,Uber India,$2057.12,inr,SUCCESS,Healthcare,A13,Duplicate?
861e7599-f1f8-40d8-b1e3-84ecc949a4c6,24-04-2025,Ola,1612.48,inr,PENDING,Entertainment,A42,
2275240a-f7b2-4b8f-bb25-517963935c3e,20-01-2025,Zomato,$3486.05,inr,Pending,,A36,
b34d3ba8-e909-40e7-944d-27d4faf015bc,2025/03/17,Swiggy,1511.7,INR,PENDING,Shopping,A14,Anomaly check
514c629b-f0ce-4161-baa9-968d411d3524,2025/12/17,Apple,3192.88,USD,FAILED,Cash Withdrawal,A39,Anomaly check
7292bc67-6778-4682-bc65-7f51e07f8916,2025/08/01,IRCTC,700.9,inr,PENDING,Transport,A45,
d3e4eac1-15ef-4a87-bc01-de57dbac4d75,2025/02/03,Ola,1703.81,INR,Pending,Travel,A29,SUSPICIOUS
07b1fb2e-fb74-4c3b-814c-5c2fa4d8b3f1,14-09-2025,Uber India,1225.71,INR,SUCCESS,Transport,A47,
3c527152-be81-4645-8992-057e31c5d2c4,04-09-2025,Google,4618.13,INR,SUCCESS,Travel,A48,
eb6785a8-12cf-4eaa-9b7c-35dce6dd8491,09-08-2025,Spotify,856.65,usd,Pending,Transport,A35,
28dbacc7-4ed0-44a0-bc36-9ded1c524fbd,2025/12/12,Ola,4812.91,inr,success,Transport,A26,SUSPICIOUS
249206a2-8ed4-44a0-9a51-22b720a7b985,05-06-2025,Flipkart,2500.51,inr,failed,Travel,A45,Anomaly check
b14455a0-4a8c-4c29-829f-5eab4887eff6,2025/10/06,Swiggy,574.76,inr,success,Shopping,A36,SUSPICIOUS
7f574967-6f81-40ab-9f7d-c11137a888dd,2025/11/26,Spotify,679.78,INR,Pending,,A10,Duplicate?
d3d26c9c-3c01-4a67-8db0-3704ad8b6df5,11-03-2025,Uber India,$1633.21,inr,Pending,Entertainment,A21,SUSPICIOUS
993d1be5-71cb-4dd4-b436-bb0eb1fb9713,17-09-2025,Netflix,3071.03,inr,PENDING,Transport,A10,Anomaly check
421246db-3264-4004-bd28-5ee2d3eebd0a,11-05-2025,Apple,462.87,USD,Pending,Healthcare,A28,SUSPICIOUS
6fb436a5-f977-40be-8ce3-ea444d6359b9,2025/01/10,Amazon,$37.97,inr,PENDING,Other,A23,Refunded
91faeee3-70a2-401f-ab56-b58d05b24d7e,2025/08/31,Swiggy,3670.22,USD,FAILED,Shopping,A8,Anomaly check
,2025/01/28,Zomato,1441.84,usd,success,Transport,A25,Duplicate?
03ae2e53-f2e3-4c50-9882-3f47f983026b,23-02-2025,Uber India,4719.18,usd,Pending,,A43,Anomaly check
9ac205c0-bde0-4883-9fac-496b08ae9cfd,29-12-2025,Flipkart,2845.19,USD,success,Travel,A39,
6bea295d-b6e0-4560-ac33-7231518a34ca,18-01-2025,Uber India,$1649.71,INR,failed,Food,A25,SUSPICIOUS
9a9fce2e-4831-420e-8c05-1601570aaf9c,2025/03/02,Ola,4969.21,USD,SUCCESS,Cash Withdrawal,A47,Duplicate?
9a9fce2e-4831-420e-8c05-1601570aaf9c,2025/03/02,Ola,4969.21,USD,SUCCESS,Cash Withdrawal,A47,Duplicate?
37686d7a-b606-4bd0-a03c-46df813b2b23,17-09-2025,Local Bakery,4458.47,INR,Pending,,A40,Duplicate?
e0627ec8-81fa-4db9-b1d2-11cfda593b21,09-12-2025,Swiggy,4324.0,inr,PENDING,Utilities,A21,Refunded
a6c18ae8-d48a-44ac-bd00-7dd3cfccebdd,20-11-2025,Shell Petrol,1531.66,usd,Pending,Food,A20,
d28152c2-ff73-4142-b794-102417142195,14-06-2025,Amazon,4382.76,inr,SUCCESS,Healthcare,A17,Anomaly check
c09571a7-0bb4-4058-97f0-f64fff353810,2025/06/28,Uber India,2569.83,INR,FAILED,Entertainment,A14,Anomaly check
b04c89b4-424f-455a-b37c-bc7f48d3969b,08-05-2025,Local Bakery,297.94,usd,success,Cash Withdrawal,A30,Duplicate?
e5d5838c-d1cb-43ab-a923-5caf67d617dd,2025/03/31,Uber India,$1614.03,usd,success,Transport,A5,
40e8ebb1-c89e-4064-a234-0ae7da4392dc,07-07-2025,Ola,$1573.72,USD,Pending,Entertainment,A39,Refunded
eab6afa2-fafd-4647-b168-79cef2a52966,2025/07/09,Spotify,1312.5,INR,PENDING,Other,A8,Anomaly check
1123c7e1-d3f1-4c01-ac50-10b7eeec6483,2025/12/16,Flipkart,4006.52,INR,SUCCESS,Food,A37,Duplicate?
2a11f9ed-54b7-4719-b7ef-df223bb2aeef,30-11-2025,Flipkart,2664.87,usd,SUCCESS,Food,A15,Duplicate?
151135c2-0f39-4d93-8a0f-1ae077c3d54c,29-05-2025,Spotify,1363.95,INR,SUCCESS,Other,A43,SUSPICIOUS
7ef657cc-f9e4-4c68-a36f-08ce785ac2a8,2025/02/15,Netflix,1739.08,inr,success,Healthcare,A37,Anomaly check
1ec85b6d-1f92-4b1d-8f5a-11c649a5873d,2025/10/02,IRCTC,2552.82,usd,FAILED,Transport,A16,SUSPICIOUS
bee14f0a-3ea0-4be3-b7d1-f94db4ec8da8,15-01-2025,Amazon,3017.79,INR,FAILED,,A8,Refunded
a6aed47a-b054-44e6-bc16-b002c3e1fce6,2025/01/14,Uber India,$2282.3,INR,PENDING,Shopping,A29,Refunded
28febbfc-8665-417e-ac6f-cfa9be82a011,2025/02/27,Apple,$753.56,USD,PENDING,Utilities,A28,
14741b2a-4ea2-4693-82b7-7e727a323d5f,27-06-2025,Apple,2797.06,inr,SUCCESS,Food,A39,
0313cc08-21f7-4554-8688-057c6c25fa7d,2025/10/03,Zomato,2280.55,usd,PENDING,,A30,Anomaly check
21453a1a-d7ff-40d8-aaf3-400f85d08dcc,24-01-2025,Ola,$3432.78,inr,FAILED,Utilities,A11,SUSPICIOUS
567ebc02-0692-444e-8720-0e8f7a7651b0,2025/11/17,Uber India,3595.03,usd,FAILED,,A31,SUSPICIOUS
fd75c303-5e0b-45ae-a66d-41347ea74882,2025/11/23,Ola,$3819.58,INR,SUCCESS,Healthcare,A32,Refunded
0879df49-bffe-4594-aab1-c0d27b9722a9,2025/02/26,Zomato,3950.83,USD,failed,Food,A50,Duplicate?
0fd31ccf-11e9-486d-ba5e-3cf95e9ef9b9,2025/12/25,Google,2330.59,inr,failed,Travel,A32,Duplicate?
05dddfdd-84ae-4a1c-9432-06071bbd4d24,16-12-2025,Local Bakery,151.15,USD,PENDING,Food,A17,Refunded
58b077f2-0d6e-49cb-9691-4e18e434396b,2025/06/15,Netflix,4328.41,usd,failed,Transport,A49,
e6d64408-33d0-4873-9a88-5e79c6ac3c6a,2025/06/16,Apple,2329.96,INR,FAILED,Shopping,A42,Anomaly check
2358c866-8989-479c-849a-e07ff928b2d4,29-03-2025,Amazon,2508.52,usd,success,,A36,Duplicate?
13b40a08-4998-4888-bf93-30a897306a47,2025/03/31,Swiggy,$928.37,INR,success,Utilities,A30,SUSPICIOUS
3ccf73ad-d901-469f-900e-3fccd8b9f40b,11-12-2025,Swiggy,618.67,INR,FAILED,Utilities,A50,Duplicate?
486040bf-94d6-47d9-ad3b-07728ae1ddbe,15-11-2025,IRCTC,4075.68,inr,success,Entertainment,A24,
47d5663d-8ad6-4372-a7c5-5453f3e9c8f0,2025/04/16,Spotify,$5.78,inr,failed,Transport,A39,Anomaly check
11b5c07f-b3e1-4290-9a2f-4b1fa7617b1b,2025/03/13,Ola,$1496.23,usd,failed,Transport,A49,
ff3008fa-ce4f-4ac1-965a-dc7b5648e64f,18-07-2025,Spotify,870.21,USD,SUCCESS,Cash Withdrawal,A50,Refunded
9fd48542-10db-4890-94e3-3ec2ee67a818,08-11-2025,Google,1412.42,usd,failed,Other,A48,Duplicate?
2fa07f3d-a5a0-4155-a602-43732aa5cdc0,28-04-2025,Ola,1856.61,inr,success,,A28,
6066729f-cce5-457c-afdb-479d21918e5a,2025/07/17,Shell Petrol,2950.17,USD,PENDING,Shopping,A8,Anomaly check
0edb65cb-71f7-4fbf-9695-7d96807d7ece,15-03-2025,Ola,$3461.09,usd,SUCCESS,Entertainment,A34,SUSPICIOUS
37384053-d72a-4607-b32a-b1ca26c15660,2025/11/25,Uber India,290.82,inr,FAILED,Healthcare,A38,Duplicate?
197f4d55-6dc2-47e1-804d-d65c4e782b62,2025/03/29,Apple,$1232.41,usd,Pending,Travel,A34,SUSPICIOUS
9a1a9428-6853-43fd-a5c5-4d11f54b2460,2025/01/31,Uber India,2219.36,usd,SUCCESS,Utilities,A35,SUSPICIOUS
8c6022a7-3730-435e-b2b0-99e7ce160a14,2025/02/23,Uber India,526.42,USD,SUCCESS,,A20,Refunded
d350726c-7b18-4d2c-b021-d18935619007,2025/08/16,Spotify,$2658.11,inr,PENDING,Utilities,A34,Refunded
caf43cc4-acb9-4aed-9aa5-ef9c8bfa25f5,2025/04/30,IRCTC,4681.63,inr,Pending,Travel,A36,
ddffa21e-f14a-42ac-840f-8a9bfde2d72a,31-08-2025,Ola,$3492.48,USD,success,Healthcare,A41,Refunded
c1d8a636-f250-4a6f-8ce3-fe1690794c50,2025/12/12,Google,4436.79,usd,SUCCESS,,A6,Refunded
811e47ea-4590-4400-a6c6-53c863363e24,2025/03/16,Ola,$134.56,INR,FAILED,Entertainment,A34,Refunded
7e47711f-4956-4eeb-9022-481c9703ec7a,2025/09/11,Shell Petrol,1204.57,inr,Pending,,A35,Duplicate?
b7764f44-6d78-4d30-a766-e21a62e1e2a8,2025/06/19,IRCTC,3683.42,inr,FAILED,Shopping,A12,Anomaly check
6a3d7eef-545e-48ff-8a27-3d88ecaf295d,26-05-2025,Swiggy,$3606.62,INR,failed,,A4,Refunded
e86712b8-fe67-4fa2-a225-ef1e18e9db3f,2025/05/19,Google,748.6,usd,FAILED,,A34,
32f22d77-6faa-422a-9390-487025f3f5a5,30-01-2025,Apple,$3574.2,USD,success,Entertainment,A24,Anomaly check
e793a805-192f-4f35-afbd-fa415385c386,18-10-2025,IRCTC,3112.85,usd,FAILED,,A2,Anomaly check
3ef8b608-1669-4869-b948-aa44af82e9b3,2025/12/01,Uber India,2975.71,inr,Pending,,A37,Duplicate?
30180c42-4942-4ff9-8c79-983c50870d57,30-06-2025,Apple,1386.26,inr,failed,,A38,
32ce7a3c-d428-4de6-a9d3-a4075c1781ee,2025/10/21,Amazon,2726.44,usd,FAILED,Transport,A12,
47affd77-b09c-40de-874a-aa1f5f57e289,16-10-2025,Spotify,33110.6,USD,success,Utilities,A35,SUSPICIOUS
ce9b03b2-782a-40bd-b223-3d9224e094ea,2025/05/29,Ola,3249.12,INR,failed,Transport,A39,
89a368a1-99d4-44f9-9bb3-d8742755d278,2025/07/16,IRCTC,3966.98,inr,FAILED,Utilities,A32,Duplicate?
894ec558-4af6-45bf-ad8b-a48371dcd9e4,24-11-2025,Amazon,1448.06,usd,PENDING,Entertainment,A22,Anomaly check
ab7f9588-4f8c-4bba-87f5-7c0f39692844,18-02-2025,Swiggy,4009.39,USD,success,Food,A21,Anomaly check
89df4672-8591-425c-8512-f0a9fde5d3c0,2025/04/24,Google,4883.17,usd,success,Transport,A1,Duplicate?
de696955-a7d8-4de8-9dbe-49cc6718fd78,2025/06/21,Netflix,$3787.22,USD,PENDING,Transport,A30,Duplicate?
,2025/08/25,Shell Petrol,$4168.44,usd,SUCCESS,,A49,
3338fff0-f6fd-4934-ad65-37016b61b188,17-01-2025,Amazon,3238.73,inr,PENDING,Other,A31,Refunded
5cc4260d-fe17-4091-a685-85cd94b32d79,2025/07/15,Uber India,340.29,INR,PENDING,Cash Withdrawal,A31,Anomaly check
97d1b1bd-4753-4d0b-b4a0-98c8d7118e90,2025/09/10,Amazon,1235.29,USD,success,Cash Withdrawal,A11,
29b1bc3e-1e29-4e85-a0b0-d0a448a6a615,2025/09/14,Flipkart,314.64,INR,SUCCESS,Entertainment,A21,
14d4c567-99bb-4e87-b148-a3a649c0bcc5,2025/04/28,IRCTC,3597.5,USD,failed,Other,A45,
e9795ce8-7716-492c-8dc5-0480d0b3dc81,2025/03/20,Apple,3006.33,INR,PENDING,,A30,Refunded
d613ee47-3746-4b49-899d-cae059a4bedd,2025/10/17,Shell Petrol,769.33,INR,SUCCESS,Other,A22,SUSPICIOUS
781f37bd-3f7a-4869-87a1-9e18fc165fd1,2025/01/08,Zomato,718.79,USD,Pending,Other,A5,SUSPICIOUS
8113dad7-ed7f-496d-935d-fb96534343bd,2025/01/24,Shell Petrol,4284.65,inr,FAILED,Cash Withdrawal,A40,Anomaly check
4990131d-1b30-48f9-a601-fcce39bddbf8,13-11-2025,Netflix,4338.3,inr,failed,Cash Withdrawal,A19,SUSPICIOUS
,01-10-2025,Shell Petrol,3268.3,inr,SUCCESS,Travel,A46,Anomaly check
31bc9d68-8833-4144-af64-cbef51abb0c8,2025/03/29,Uber India,4060.07,INR,PENDING,Travel,A16,Duplicate?
942b90ef-fd29-4e95-a4ae-5037b0714af0,2025/08/16,Shell Petrol,2779.44,INR,success,,A20,Refunded
c277be38-352d-4811-955c-cd23d1128117,26-10-2025,Ola,1324.41,USD,FAILED,,A17,Duplicate?
d9656222-b153-49a4-908e-9c1c925c9873,2025/06/06,Google,$30761.13,USD,Pending,Travel,A21,Duplicate?
48cc689f-0f07-4d9d-ae0f-a3d8aaece634,26-12-2025,Apple,2986.53,usd,success,Other,A28,Duplicate?
667d260e-82ae-45aa-935e-6bd7d48d6fb7,26-05-2025,Google,$30926.86,USD,failed,Shopping,A41,Anomaly check
711432ac-5942-4d75-aa2a-b3121ec10950,15-03-2025,Uber India,$972.04,USD,Pending,Other,A47,Refunded
8acf5dea-93ad-4e86-b568-f85b8313dedb,19-11-2025,Uber India,1478.03,inr,PENDING,Food,A20,
8acf5dea-93ad-4e86-b568-f85b8313dedb,19-11-2025,Uber India,1478.03,inr,PENDING,Food,A20,
7ae2f1cc-6a72-4d2b-8519-ebb4f6ca79ab,06-11-2025,Zomato,$1603.58,USD,PENDING,,A16,Duplicate?
2625ac4f-2032-40df-b0cb-4a6755f79d7e,19-04-2025,Uber India,583.03,USD,failed,Cash Withdrawal,A45,Duplicate?
a17a4912-1a8e-4afc-891f-460ad5cd0934,2025/05/09,Amazon,3739.4,USD,PENDING,Food,A32,Duplicate?
b7052b26-fa98-4a8a-9269-293f6cdb213d,12-12-2025,Swiggy,2795.34,INR,Pending,Healthcare,A48,SUSPICIOUS
731a7213-7826-464b-b143-cf30daa91c57,2025/11/17,Amazon,2671.54,USD,PENDING,,A5,Refunded
d3194872-8356-4aad-ba91-ba7bfacd9891,2025/06/03,Zomato,2167.64,inr,success,,A8,
e6761cb6-0040-49d4-a1a8-02967c8a3e88,2025/09/11,Netflix,3092.68,inr,failed,Cash Withdrawal,A35,Refunded
16b0b8d2-3d95-46c2-8601-0382595c4d35,26-09-2025,Shell Petrol,403.65,inr,failed,Cash Withdrawal,A6,Refunded
27825c5b-fae2-49c9-937d-0a63ef329ab7,05-03-2025,Netflix,2682.6,usd,PENDING,,A17,Duplicate?
4ddcc82f-f53c-4b03-89c0-141e3101677b,10-11-2025,Netflix,445.93,inr,FAILED,Transport,A5,Duplicate?
e616554f-9096-4533-b7fa-077a8666ef26,12-09-2025,Ola,2811.19,USD,failed,Other,A10,Anomaly check
ee20004b-84e7-495e-a57b-0d4450f6617a,01-07-2025,IRCTC,$1243.4,usd,success,Cash Withdrawal,A9,Anomaly check
64b0ae28-7a17-4d5c-b1b2-bd64b525a7ba,07-11-2025,Zomato,$3877.98,USD,PENDING,Cash Withdrawal,A17,SUSPICIOUS
cd41fe21-02d6-4f73-ab3e-d96a423670f7,06-10-2025,Zomato,1320.68,usd,FAILED,Utilities,A48,
3000d9a4-6972-4645-98d6-9e6422926e6d,2025/06/29,Zomato,3196.2,usd,Pending,Other,A29,
bb20c866-1554-40e1-b00c-311474837458,25-03-2025,Spotify,$3328.95,inr,Pending,,A5,Refunded
16c3c510-d4a4-4062-ae7e-6259ad9b61b1,2025/07/14,Google,1540.73,usd,FAILED,Cash Withdrawal,A11,
8666ff3e-9c7e-4473-8f09-02075c6dd482,07-08-2025,Ola,1802.68,inr,PENDING,Utilities,A6,Anomaly check
1be078e9-dc57-472b-8e0c-25b1313ef3dd,2025/08/16,Zomato,1228.1,USD,failed,Cash Withdrawal,A23,
a53c8f8a-d469-4e04-96e6-75ded13bebb9,2025/08/24,Ola,3539.16,USD,failed,Transport,A46,Refunded
7fae920c-448c-4caf-b4a9-ebf223220ed3,21-06-2025,Spotify,$2951.66,INR,success,Utilities,A46,
ab109fc4-2a72-4c45-81e5-76849c0a93e0,2025/04/07,Zomato,$3431.17,USD,Pending,Healthcare,A34,SUSPICIOUS
,21-11-2025,Shell Petrol,3435.79,usd,SUCCESS,Shopping,A10,Refunded
f3cac8e9-2513-4708-af90-3c44785e5def,2025/02/11,Uber India,4031.23,usd,success,Utilities,A30,Anomaly check
29ee4582-c385-4d1d-b9e6-5ac376485874,04-08-2025,Shell Petrol,$1479.09,usd,PENDING,Utilities,A30,Duplicate?
feb662fc-4e10-4cdf-90db-c20d1df08dc5,2025/01/31,Amazon,$757.41,usd,Pending,Food,A23,SUSPICIOUS
e713a83e-671a-4e9d-a354-9499cabf4b62,2025/07/12,Swiggy,4114.93,USD,Pending,Utilities,A31,
44324c6d-367e-4b37-8a7d-ea954a9b54c6,12-09-2025,Spotify,257.49,INR,failed,Entertainment,A50,Anomaly check
44324c6d-367e-4b37-8a7d-ea954a9b54c6,12-09-2025,Spotify,257.49,INR,failed,Entertainment,A50,Anomaly check
a555bd2c-80ed-4509-9736-7bf5b1bebaee,01-12-2025,Ola,$4795.95,USD,SUCCESS,,A39,Refunded
0ce4bc43-885c-4a26-b143-c1c2e9b13a04,26-01-2025,Swiggy,3715.36,usd,failed,Cash Withdrawal,A5,
63689901-82a9-4914-b5c2-8f2723be16e6,2025/03/05,Apple,1099.77,USD,SUCCESS,Utilities,A7,Anomaly check
07ec6507-baa8-4f78-a7fb-4dce9765ab6a,2025/01/03,Shell Petrol,$871.27,usd,FAILED,Shopping,A29,Refunded
e43f1e1b-ce87-48de-a22a-14a850de9f9a,2025/12/11,Ola,3146.03,usd,FAILED,,A20,SUSPICIOUS
f7d3865b-24d1-430a-bf4c-45cbf79fca29,2025/04/12,IRCTC,3319.5,USD,SUCCESS,Transport,A31,SUSPICIOUS
58baf3bc-3128-41c4-ad9e-0b79b7446969,2025/06/17,Apple,74.63,INR,PENDING,Transport,A29,SUSPICIOUS
801d942b-37a9-44ad-a4e4-f0d0f3d4d897,29-03-2025,Uber India,1528.08,usd,PENDING,,A11,Anomaly check
636ad213-d493-48d6-b6bc-1b6ab4d006bb,2025/01/02,Zomato,60.66,inr,failed,Transport,A48,SUSPICIOUS
fe5942ca-aff8-4bee-bef1-a4ba2cfdd737,2025/09/03,Ola,325.31,usd,success,Shopping,A11,Duplicate?
72fed451-332e-4340-bd10-639dc5e7fa84,20-04-2025,Amazon,3042.76,USD,failed,Utilities,A1,Duplicate?
b50a60c9-40d4-4754-bced-090939037226,2025/06/03,Netflix,3351.73,usd,FAILED,Shopping,A18,Duplicate?
fcd53222-5507-4c7d-acb7-ef02ecdf4836,03-04-2025,Zomato,$1929.83,USD,PENDING,Food,A17,Refunded
714ab451-213c-4d71-a5c4-849d44a69c72,02-08-2025,Swiggy,710.28,USD,SUCCESS,Food,A6,SUSPICIOUS
b2eb3b99-770e-41ab-a306-ad4318b37ca9,20-03-2025,Flipkart,$4724.9,usd,success,Cash Withdrawal,A10,Refunded
7521aa75-cdee-4a21-8741-7bdcf04ab49b,2025/04/23,Shell Petrol,4447.22,usd,SUCCESS,Utilities,A40,Duplicate?
85918912-0c92-41b4-a5f9-fb39e527bed9,2025/03/29,Uber India,4780.15,USD,FAILED,Transport,A21,Anomaly check
8d683cc3-f060-4023-a9db-91a2bd8092c4,2025/08/02,Uber India,2931.52,usd,SUCCESS,,A37,Refunded
,10-03-2025,Amazon,1371.91,INR,SUCCESS,Shopping,A25,SUSPICIOUS
b11c9888-10c4-481a-85f2-23d8fe3aaedc,2025/06/14,Netflix,$147.79,inr,PENDING,Shopping,A17,SUSPICIOUS
076110c5-4e13-4ac4-85d2-066af616bf8b,25-03-2025,Apple,4547.24,USD,failed,Food,A36,
de61f8a6-61f9-4baa-badc-93b612957cd3,19-06-2025,Flipkart,$2980.72,usd,failed,Shopping,A44,Refunded
bb9e2cb5-6f9c-4ed5-b412-ec02f1fee384,01-07-2025,Uber India,317.95,INR,PENDING,Other,A31,Refunded
1fbb9f80-635d-4d4b-8067-8442543448c4,07-07-2025,Spotify,4715.53,inr,FAILED,Healthcare,A44,
51503a40-7b51-4a6f-9ffa-aea6f3f41cbb,2025/01/11,Amazon,513.27,inr,FAILED,,A3,Duplicate?
a194b78b-0f23-4e50-8325-98671392c880,2025/10/13,Ola,45876.58,USD,failed,Healthcare,A4,
9f049a6b-f492-4b5f-abb4-1864b14a5cc7,10-02-2025,Uber India,889.68,USD,failed,,A33,Anomaly check
0ac8b914-5fbb-4c4d-a47e-8ac600957afd,12-03-2025,Local Bakery,4200.28,USD,PENDING,Entertainment,A38,Anomaly check
9273c59f-e26c-4e76-8267-a9a033d49219,04-04-2025,IRCTC,1523.42,inr,success,,A6,Anomaly check
2327f66b-2884-42ff-8eba-ee436c6abc66,22-04-2025,Netflix,$3561.35,usd,SUCCESS,Shopping,A38,Anomaly check
e34e7e7f-c258-465f-9923-85564e1fa051,24-12-2025,Shell Petrol,$846.52,inr,PENDING,Food,A31,Refunded
57103c7d-d902-4e3f-b6a6-b6c082b18a5e,16-07-2025,Apple,136.66,usd,failed,Food,A50,Anomaly check
48f52414-f999-48fe-91b8-5c0a2aa06ef6,22-04-2025,IRCTC,259.13,inr,success,Travel,A6,Refunded
,2025/10/28,Swiggy,653.76,USD,SUCCESS,Utilities,A8,Duplicate?
e0caad3c-be70-4001-a797-b7420c1d23ec,2025/05/06,Shell Petrol,1326.66,USD,FAILED,Healthcare,A33,Anomaly check
faf22747-b5df-40bc-9640-70c93087efda,2025/11/17,Google,4990.86,USD,SUCCESS,Utilities,A27,Duplicate?
442cd6e2-ca2c-4d88-acc6-d3997e7845bb,22-11-2025,Google,1163.75,USD,PENDING,,A38,Duplicate?
10882632-589b-42a2-9755-e2e3149ebf49,09-12-2025,Local Bakery,3567.36,USD,failed,Shopping,A4,Duplicate?
0f65066f-20f9-4344-b579-a2af2e39f8fe,05-09-2025,Google,3456.51,usd,failed,Healthcare,A32,Anomaly check
357279bf-0760-4900-a55b-ad90c783f772,2025/02/12,Spotify,4993.88,INR,success,Shopping,A31,Anomaly check
ab6b6d2c-5d38-4463-8543-2d7c9ef96dab,2025/07/24,Amazon,1380.69,usd,PENDING,Entertainment,A48,Refunded
4f48442e-43fe-4d4f-8922-1b51bc4fcef1,2025/02/16,Zomato,$2256.95,USD,success,Healthcare,A45,Anomaly check
0c722691-b536-4f3c-bef7-42bcdf3fa88b,01-06-2025,Ola,$721.73,usd,Pending,,A37,Refunded
fb5e22eb-6ca5-4d95-b235-c4d8f814126b,27-09-2025,Amazon,$4775.21,usd,Pending,Utilities,A39,Duplicate?
9d29fd22-521d-4711-b727-5b419785376e,2025/05/21,IRCTC,358.14,USD,failed,,A13,Duplicate?
76d0a189-abdd-4703-8903-1be962e60b74,2025/12/06,Netflix,$2581.71,INR,success,Utilities,A27,Refunded
d8db59dc-bfdf-4cf7-b250-b1faa6bc6a54,25-12-2025,Local Bakery,$41724.73,INR,PENDING,Shopping,A38,
53451dc1-4f90-4834-9bab-89e9fa57e497,2025/03/02,Zomato,4207.81,INR,Pending,Other,A48,
f58164c9-f8cb-42f7-acb3-888167b93129,02-10-2025,Uber India,3287.49,USD,PENDING,Utilities,A35,Refunded
,28-02-2025,Apple,4764.01,USD,failed,Other,A6,Duplicate?
3a49c941-34d4-4545-9889-cca714129d3e,12-12-2025,Zomato,2740.33,INR,FAILED,Food,A4,Duplicate?
ddc843a4-f078-4772-844e-7f21a5913dd9,15-09-2025,Zomato,3594.41,inr,failed,Healthcare,A36,Anomaly check
3b7dc58d-1f14-4aa4-87f6-617698c7948f,2025/04/07,Apple,3035.55,usd,Pending,Utilities,A33,
27831ba4-522a-4449-89bd-65a6bbfeaf0a,28-01-2025,Uber India,3460.32,INR,failed,Food,A27,Anomaly check
e42fdfda-9cbc-402a-b953-a5fc32e184ce,05-10-2025,Shell Petrol,413.25,INR,failed,Transport,A36,Anomaly check
fbfae3d4-35cd-42a1-b00a-09bd3e76cb7a,22-03-2025,Apple,4784.26,usd,failed,Travel,A35,Refunded
be5af1dc-60ac-44b6-b606-4c3e8e1394af,07-07-2025,Shell Petrol,2989.24,inr,failed,,A17,Anomaly check
09065112-fff3-4681-a709-195bd72ab6a7,31-08-2025,Amazon,635.27,inr,failed,Healthcare,A46,
04bb1a20-91cd-4385-912a-fe90e1de3c1c,04-01-2025,Shell Petrol,$4173.58,USD,FAILED,,A1,SUSPICIOUS
a6268b63-1fb1-40c5-b892-75f88f1b3699,15-07-2025,Amazon,$4015.98,USD,PENDING,Cash Withdrawal,A33,Refunded
8e8bda68-22b2-4d25-adaf-ada8a1644506,2025/12/23,Amazon,1457.68,INR,failed,Utilities,A13,SUSPICIOUS
6c00b304-426d-41ba-92ab-348d4134c3f0,2025/01/28,Local Bakery,2145.75,inr,failed,Travel,A38,SUSPICIOUS
8b02c7c6-a365-49db-9440-efececd20ef9,2025/03/26,Amazon,3888.96,INR,PENDING,Shopping,A48,Anomaly check
c9990845-62b2-40d4-abde-ae9fd2e65828,2025/06/02,Amazon,$291.23,inr,failed,Entertainment,A29,Refunded
83febdd4-14d5-4186-84d5-c54998879fff,22-01-2025,Zomato,287.96,usd,success,Other,A25,Refunded
bd226a01-305f-4c0d-953f-3b9a46d11fbd,31-12-2025,Flipkart,2051.2,inr,PENDING,Food,A39,
169d4e1e-07b7-4b08-87e3-512ec687fe7f,2025/02/12,Local Bakery,4674.21,usd,SUCCESS,Utilities,A25,
fd0fb87a-c7de-4070-8982-0f98d08f0232,18-11-2025,IRCTC,$1000.58,INR,SUCCESS,Shopping,A39,Anomaly check
5834e406-dfde-42ae-91e7-ae80fe59f77b,2025/03/06,Apple,$4340.77,inr,PENDING,Travel,A29,Duplicate?
dbfb7bb7-d958-4980-b44b-84a3e455e4ce,12-04-2025,Flipkart,1614.03,usd,Pending,Utilities,A22,Anomaly check
b19c8ea6-f88b-4fa1-a55b-9e0cc130ec77,2025/08/03,Shell Petrol,4646.03,INR,failed,Cash Withdrawal,A32,Anomaly check
0bbfe33d-256c-45ab-8617-d29e2a34b75e,2025/07/29,IRCTC,2993.17,INR,Pending,Shopping,A21,Duplicate?
,22-07-2025,Netflix,4451.52,usd,PENDING,Healthcare,A45,Anomaly check
77cf6c03-a68c-423b-87ab-11ef9d6e1899,04-05-2025,Swiggy,4279.71,inr,PENDING,Travel,A17,
40361d54-dd28-483d-ab58-569fd42d6dc3,2025/12/09,Apple,1993.19,INR,SUCCESS,Other,A12,Anomaly check
61da70a6-04ec-4733-9eb6-57a825b775c6,02-06-2025,IRCTC,2278.39,USD,success,Cash Withdrawal,A48,Anomaly check
ec993bdb-8ebc-4028-809f-27db1c3ae8a1,2025/05/13,Amazon,1808.6,INR,FAILED,Healthcare,A36,Anomaly check
d82d31e0-2165-412f-965a-0b2ee5d1db06,20-11-2025,Amazon,$667.73,inr,PENDING,Food,A50,Duplicate?
,27-05-2025,Uber India,4722.77,USD,success,Food,A7,Duplicate?
2bafcf90-a207-4d8c-927c-2051365b9c2c,2025/11/09,Ola,2040.06,inr,PENDING,,A35,
a909644c-6a98-426d-acb1-0194c7403a7b,2025/04/23,Google,385.68,USD,PENDING,Entertainment,A3,Refunded
7df76a57-9adc-4813-b716-dc327bbb4b72,26-03-2025,Local Bakery,2384.53,INR,PENDING,Food,A11,Duplicate?
d946cf2a-7819-4cc4-bea3-59107e6e32d6,12-07-2025,Amazon,2993.79,INR,SUCCESS,Utilities,A27,Refunded
98c2d8bd-f17a-4ede-ae63-6b548aa3cc91,08-10-2025,IRCTC,1865.67,INR,FAILED,Entertainment,A40,Anomaly check
98c2d8bd-f17a-4ede-ae63-6b548aa3cc91,08-10-2025,IRCTC,1865.67,INR,FAILED,Entertainment,A40,Anomaly check
a55aad24-1eaa-4ccf-adab-e91d525a945d,2025/01/05,Local Bakery,32848.82,usd,FAILED,Food,A7,SUSPICIOUS
898eddc6-4bcf-41c1-a9a8-094665e4c88c,18-08-2025,Spotify,3382.72,INR,failed,Healthcare,A30,SUSPICIOUS
f1263799-6dca-4e8b-b55e-75fa4e8a88a0,12-07-2025,Local Bakery,1890.68,USD,Pending,,A19,Refunded
f041bfa5-02fd-47a8-a67c-83e043caef6a,2025/06/05,Google,1770.13,USD,Pending,Shopping,A5,SUSPICIOUS
651b673a-5876-4641-a1f8-6cb20cfaa6d8,2025/12/06,Zomato,232.68,USD,Pending,Other,A32,
,26-01-2025,Local Bakery,4128.15,usd,PENDING,,A25,SUSPICIOUS
895abf7c-55b7-4642-ac13-9b8a1e2e6756,2025/03/17,Apple,2053.58,inr,SUCCESS,Food,A4,Refunded
08d9e22e-78ba-4f20-b075-3cdf0ac038f2,2025/07/22,Spotify,3614.82,inr,success,Cash Withdrawal,A28,SUSPICIOUS
0363fd96-f7e6-476a-9cdf-acf814145638,08-01-2025,Ola,2848.86,USD,PENDING,Cash Withdrawal,A41,Duplicate?
9fe47547-aff0-449e-8233-c36f2ab32569,01-01-2025,Uber India,$2173.58,inr,failed,Utilities,A35,
0ec7f195-7058-4583-9896-b9c912f79f81,20-04-2025,Amazon,$2111.5,inr,PENDING,Travel,A10,SUSPICIOUS
cc2ef16a-8db3-4111-b03b-9a4337ac7dbb,31-08-2025,Local Bakery,2301.87,USD,success,,A28,Refunded
524e292a-986c-4a3f-80bd-819b77999f61,25-01-2025,Spotify,$32513.17,INR,FAILED,Food,A22,Anomaly check
32c8d0a5-e516-4be0-ba5f-fed614725b1f,02-07-2025,Swiggy,4998.36,inr,FAILED,Utilities,A26,Anomaly check
5d1f0ec4-55dc-4623-a634-8123940d0556,06-04-2025,Shell Petrol,$2862.31,INR,Pending,Cash Withdrawal,A33,Refunded
848555a9-f6d6-4b0a-a819-d4254955a8a1,2025/08/08,Spotify,3722.59,usd,success,Utilities,A24,SUSPICIOUS
3e5ae6c3-4774-41b8-9dc2-1c0767ec691f,2025/12/27,Shell Petrol,4913.58,usd,success,Transport,A40,Anomaly check
ce13872e-9496-4558-a8e0-013b4a68e3a4,10-07-2025,Apple,2628.0,USD,SUCCESS,Cash Withdrawal,A41,Refunded
55da2494-3542-4fd3-8318-55450d7e9a0e,23-03-2025,Netflix,4313.1,INR,Pending,Travel,A48,Refunded
9756109c-a6c2-4943-8550-de34676f1472,09-06-2025,Amazon,2201.88,INR,SUCCESS,Other,A44,SUSPICIOUS
20b471c0-820e-46a7-933e-8b812274c872,2025/02/12,Spotify,335.74,inr,FAILED,Shopping,A19,Duplicate?
9ab13c14-a597-4939-a446-5cdef769979a,2025/12/06,IRCTC,4950.57,usd,SUCCESS,Entertainment,A22,Refunded
9ab4b152-5883-4be0-af1a-5d33417997e3,2025/01/11,Netflix,2381.42,usd,Pending,,A24,SUSPICIOUS
88f804e5-e53a-4696-9e9f-52f2adfa1cbd,13-05-2025,IRCTC,$4291.21,USD,FAILED,Cash Withdrawal,A8,Duplicate?
cbd7d438-f015-45b0-b686-f6e4755eb0aa,2025/08/05,IRCTC,3199.12,inr,PENDING,Food,A13,Refunded
21e1bfdc-a4b7-4956-b03c-15a6163f7e5b,2025/09/24,Ola,410.74,inr,Pending,Utilities,A17,Duplicate?
ca093da4-649c-44d0-b1b1-5a9a217b0cab,2025/04/09,Zomato,3495.73,usd,SUCCESS,,A17,Duplicate?
d4972f8c-6c03-45dc-9fa5-e8febddd9f48,2025/02/28,Uber India,2704.15,usd,SUCCESS,,A50,SUSPICIOUS
,29-03-2025,IRCTC,550.94,USD,success,Utilities,A34,Refunded
ee09ff66-8a04-48b2-afd7-83a89f32b15a,07-01-2025,Ola,1175.66,inr,PENDING,Entertainment,A15,Duplicate?
7239ea38-7d7c-4a3b-bfeb-e9c811ee3e9b,02-03-2025,Spotify,4884.57,INR,SUCCESS,,A21,SUSPICIOUS
c86f0987-057c-4d9d-8d98-1e11c4b94ef7,2025/04/06,IRCTC,1285.1,USD,Pending,,A7,SUSPICIOUS
d03444ab-a193-4234-9b20-796229257d29,2025/09/27,Google,25.75,USD,failed,Travel,A29,Refunded
25520c7b-1c17-4e0f-8250-dc409e993777,29-08-2025,Zomato,$2099.37,INR,Pending,Other,A4,SUSPICIOUS
25520c7b-1c17-4e0f-8250-dc409e993777,29-08-2025,Zomato,$2099.37,INR,Pending,Other,A4,SUSPICIOUS
405a3c86-9d08-4a86-aa5f-8515602fc694,17-10-2025,Zomato,1013.88,USD,success,Food,A20,Duplicate?
f3b2325e-623b-4d26-baaa-8285e525bb0e,31-10-2025,Spotify,2614.2,inr,success,Food,A12,Duplicate?
0cfb15e9-4376-4671-a848-0b390c6c6597,02-05-2025,IRCTC,751.73,INR,PENDING,,A11,Duplicate?
b0f3285a-2a39-4314-891e-e6e00588585a,2025/03/14,Google,3262.62,USD,SUCCESS,,A18,Anomaly check
69febce2-37b5-48a5-bde2-96a3402ebba6,07-01-2025,Shell Petrol,4174.96,usd,success,Other,A45,Refunded
bac2da86-b4fb-42eb-bbb5-41a3929e75b1,29-09-2025,Shell Petrol,253.81,USD,FAILED,Other,A17,SUSPICIOUS
d539cd6b-b446-49e2-a2f5-4566d00edbaf,09-07-2025,Spotify,1819.06,USD,PENDING,,A49,Duplicate?
,2025/05/08,Apple,3704.65,INR,PENDING,,A17,Anomaly check
f8c4d59a-1f41-4364-8dc3-39030f98b51c,15-07-2025,Netflix,3211.8,inr,failed,Entertainment,A44,Duplicate?
fe004705-6704-43cd-9ef4-6488401fd6e1,26-01-2025,Local Bakery,2662.53,usd,FAILED,Utilities,A15,Refunded
8fc303a0-8e1b-46c7-9fc7-c51b2e1c685b,14-03-2025,Apple,2574.67,usd,FAILED,Transport,A21,SUSPICIOUS
d4ae2ebe-3cfb-46ae-9460-649acfedbe00,2025/03/25,Swiggy,2352.39,inr,FAILED,Food,A32,Refunded
0af22d14-a9e8-448d-8389-31e5f52cfdaf,2025/10/18,Google,2283.09,USD,PENDING,Entertainment,A43,Anomaly check
05ce13b4-bc89-4b74-8856-9663dce1c39f,2025/03/21,Local Bakery,3646.51,inr,PENDING,Entertainment,A44,Duplicate?
1190f409-a2ca-434d-b73a-cd817b701089,2025/11/04,Spotify,3106.92,USD,FAILED,Transport,A26,
2673c2e3-132c-4a7e-8b74-a5ce4778e42b,07-09-2025,Shell Petrol,4135.92,USD,failed,Shopping,A42,Duplicate?
b66cc3dd-14b7-443b-bd20-4e4a59190f7a,2025/02/06,Shell Petrol,586.63,INR,PENDING,,A34,Refunded
,2025/06/16,Netflix,2604.15,INR,failed,Cash Withdrawal,A6,
24b59aea-05ef-4a3c-8e42-b43b61683b57,2025/09/23,Netflix,2827.4,inr,success,Travel,A27,Duplicate?
dbd4fafd-fd59-45c8-9e65-f0a887a2734c,2025/11/03,Apple,367.19,INR,success,Travel,A1,Refunded
,2025/09/06,Zomato,2783.76,USD,PENDING,Cash Withdrawal,A31,SUSPICIOUS
7aca8a03-ab8b-44f7-8f45-8d434d4df0d6,30-07-2025,Netflix,4847.11,inr,SUCCESS,Food,A15,
d84ee448-4694-4b95-b230-2cdf25faa8f0,2025/08/26,Zomato,1958.91,inr,Pending,Utilities,A47,
58497d04-579a-4a0a-9875-aeca84b645ca,2025/02/12,Ola,$3954.66,inr,success,Healthcare,A13,
e3f19be9-284c-428a-9e14-cd61aa16d075,2025/01/18,IRCTC,528.15,usd,success,Cash Withdrawal,A20,SUSPICIOUS
02697b61-cd6c-40f8-8f1f-abd93eff3a2e,31-08-2025,Local Bakery,681.38,USD,Pending,Shopping,A27,
885a9488-d166-4367-90f5-ab00dfe90987,2025/06/07,Amazon,1863.12,inr,success,Healthcare,A3,Anomaly check
e649bc52-bf75-4b1e-b3a3-e2cd20ab1e23,2025/08/17,Uber India,$3380.24,USD,PENDING,Cash Withdrawal,A41,Refunded
ee709305-04ca-4dbf-b712-23f3dcdc67a5,02-06-2025,Uber India,3152.63,USD,FAILED,Travel,A19,
,24-09-2025,Uber India,4538.15,usd,FAILED,Other,A36,
8645723f-1b3e-40cc-8400-77a9e8b173b8,18-05-2025,Shell Petrol,$3900.64,usd,failed,,A15,
aad4374a-213e-472a-8010-bce034587adf,26-08-2025,Uber India,2156.5,USD,success,Entertainment,A46,Refunded
a8f26c32-34ad-473f-8915-d1744b60e979,2025/11/23,Google,3443.7,usd,SUCCESS,Other,A43,
7d40b0e8-ae54-4dad-9c77-f55e73637f2c,23-05-2025,Uber India,$4669.34,INR,FAILED,Healthcare,A50,Refunded
d8fb2ed1-b118-48de-a636-87c64f878cf1,27-10-2025,Zomato,2210.99,inr,Pending,,A27,Refunded
b97870c5-c0b7-462c-a7bb-fb02fb228028,2025/11/28,Local Bakery,2873.16,INR,FAILED,Transport,A33,SUSPICIOUS
8a8806d4-7095-4ba2-a353-1d6c7c6acb94,29-06-2025,Flipkart,4627.48,USD,success,Cash Withdrawal,A14,Duplicate?
486398d7-6b80-412e-9526-4eda8b463446,18-09-2025,Swiggy,3228.74,INR,Pending,Healthcare,A42,
74fe1a69-e2aa-46fc-8b87-c78cdf08b3a7,18-04-2025,Ola,3503.02,usd,failed,Other,A36,Anomaly check
,19-08-2025,Google,$3606.5,inr,success,Shopping,A33,Anomaly check
,03-01-2025,Spotify,3658.03,USD,SUCCESS,Food,A39,
1539438d-7030-428d-a288-d74f9a35dd06,2025/08/12,Spotify,759.05,usd,success,Travel,A3,Anomaly check
aa9c5bb6-91ec-4a9d-a26f-421390cf98ee,2025/08/12,Netflix,828.83,INR,success,,A43,Anomaly check
e01c9cae-3d98-4aca-b45f-70297b200ce8,04-01-2025,Zomato,3657.91,inr,PENDING,,A43,SUSPICIOUS
c7fa2c7a-116c-4f20-bac9-daebb29eaad9,2025/12/24,Apple,1586.28,USD,success,Other,A6,
90faa041-d834-4259-9c76-0222595e5f5e,2025/06/16,Flipkart,$44461.4,usd,PENDING,Other,A26,Refunded
4baca999-9d69-41c8-bfeb-1d9a0c598e77,06-12-2025,Shell Petrol,4337.29,usd,FAILED,Other,A22,Duplicate?
72e5d8ca-b75c-4609-aebc-f32d4c4a45b1,2025/10/27,IRCTC,1321.57,USD,Pending,,A26,SUSPICIOUS
,2025/01/30,Uber India,2197.7,USD,SUCCESS,,A30,
220c1a6a-32cc-47f2-91cf-9e7c500b247b,21-11-2025,Shell Petrol,1915.09,inr,FAILED,Entertainment,A47,Anomaly check
e16bc9e6-6a80-4783-b0c9-233b5ca1da0b,09-06-2025,Uber India,2480.01,inr,FAILED,,A32,Duplicate?
fedd41e8-34c4-4731-93e9-84dc215b72ae,03-04-2025,Shell Petrol,4573.84,INR,Pending,Healthcare,A9,Anomaly check
fedd41e8-34c4-4731-93e9-84dc215b72ae,03-04-2025,Shell Petrol,4573.84,INR,Pending,Healthcare,A9,Anomaly check
830d04c5-89f9-4f72-81f9-54f7c221182e,08-11-2025,Spotify,4261.27,usd,Pending,,A28,Refunded
64f183e3-a28a-4fec-9fc4-93f71b8d339e,2025/06/30,Swiggy,3657.19,usd,SUCCESS,Cash Withdrawal,A30,
81591755-55a5-481c-9355-1da6048d2f88,19-11-2025,IRCTC,$1669.82,inr,failed,Food,A27,Anomaly check
6b36d585-0a74-41df-88b7-4aa5103ea0a4,09-04-2025,IRCTC,4342.76,INR,SUCCESS,Entertainment,A11,SUSPICIOUS
f9f380d1-ce91-4668-a3e8-ba612264500a,14-03-2025,Shell Petrol,3959.11,USD,SUCCESS,Cash Withdrawal,A10,
b7bfa0ad-a0dd-4588-94c0-8e741e92e704,2025/02/18,Swiggy,1299.38,USD,PENDING,,A44,
,26-07-2025,Zomato,$315.92,usd,FAILED,Other,A7,Duplicate?
d5196091-c151-46af-974a-a17f6a874b10,2025/11/27,Netflix,$1872.09,INR,Pending,Entertainment,A27,Duplicate?
40d9ec8f-fb45-4439-9f36-3827c4dec587,08-11-2025,Apple,3561.72,USD,success,Utilities,A19,
628a8cdc-8e01-461c-850c-7de7e20562f9,13-04-2025,Swiggy,$2712.72,inr,FAILED,Cash Withdrawal,A36,Anomaly check
c6fa70d2-e6b9-4ff4-b880-2c2f7395f499,26-01-2025,Amazon,1064.12,inr,Pending,Food,A6,Duplicate?
4dd61506-5eb4-44fb-8380-e90f3ea8010d,2025/10/21,Google,$2260.01,INR,success,Cash Withdrawal,A12,SUSPICIOUS
7fba0287-bded-4eb9-bf75-b803d07d41e2,2025/11/14,Flipkart,4000.05,usd,failed,Cash Withdrawal,A30,Anomaly check
a1c142cd-8d7d-449e-a3f9-1ae57ccab854,21-10-2025,Spotify,3992.99,USD,PENDING,Healthcare,A45,Anomaly check
7f9fdf51-6c1f-429a-90b2-d69866adf999,21-11-2025,Shell Petrol,$521.63,INR,Pending,Food,A36,Duplicate?
6bd2342c-72e5-456b-b48a-c797353ed077,04-10-2025,Swiggy,2461.39,USD,Pending,Shopping,A50,SUSPICIOUS
fa64ab7d-a433-432f-a678-4533cbbbcf90,2025/03/05,Uber India,1631.3,usd,success,,A5,Refunded
ec06a253-4527-48dd-a753-a9b58fe20053,20-07-2025,Apple,3886.57,USD,PENDING,Entertainment,A4,Duplicate?
0c97e4f7-3ea1-41b0-b5e2-4826e2e9bf92,2025/09/30,Ola,3095.35,INR,success,Other,A16,Duplicate?
378d3e38-d8bb-4034-a5ee-7743a4cd266e,2025/06/23,Local Bakery,$351.87,usd,SUCCESS,Other,A5,Duplicate?
a5ff2e86-9ac8-42d3-b80f-ba891aa38d16,04-01-2025,Netflix,$4776.49,usd,success,Shopping,A24,Anomaly check
efb73061-4729-4fb9-b86d-2a69cac1944f,2025/03/25,Ola,3014.78,inr,PENDING,Food,A11,Duplicate?
baac2aad-07e2-4bdd-9546-680af51a746c,2025/07/14,Swiggy,1443.91,INR,FAILED,Utilities,A4,
7b36fe48-48a3-45cc-8cce-8ec41e777b1f,2025/06/16,Spotify,1179.95,inr,failed,Utilities,A6,Anomaly check
043f7464-11c2-4618-87bf-c6c7bfc545e6,2025/09/02,Google,1186.37,inr,SUCCESS,Transport,A14,Refunded
ec4677e5-56f5-4a2d-ac26-f077e082fccc,2025/04/16,Flipkart,1538.26,INR,FAILED,,A32,Anomaly check
,07-09-2025,IRCTC,4804.79,usd,PENDING,Healthcare,A31,Anomaly check
71487db2-7e64-4042-a12c-fd14b0b11f07,2025/09/13,Spotify,1405.98,USD,failed,Transport,A28,
9b59a082-628e-4671-b88f-e966a180aea3,2025/02/10,Local Bakery,4589.05,usd,success,Other,A26,Anomaly check
105d2e78-eedb-42f2-b1a1-ab056b4678e4,2025/12/25,Shell Petrol,2625.47,INR,SUCCESS,Healthcare,A45,Refunded
526116bf-c942-488f-a175-dd3c8c7814e9,2025/05/21,Spotify,623.89,INR,FAILED,Healthcare,A43,Refunded
526116bf-c942-488f-a175-dd3c8c7814e9,2025/05/21,Spotify,623.89,INR,FAILED,Healthcare,A43,Refunded
4fb40060-9cb9-4aa3-bd8e-c174c4a80196,2025/11/12,Netflix,4808.49,usd,SUCCESS,Utilities,A21,Anomaly check
2873971b-8397-4c10-88ca-6a16effb2b17,2025/05/11,Spotify,804.25,INR,PENDING,,A38,Refunded
ac512ad6-075d-43b7-96bd-63043f9f406d,20-10-2025,Amazon,4039.96,INR,Pending,Food,A27,
cd45da5f-13b3-4abd-b86a-9b6983786e48,2025/08/14,IRCTC,1291.94,USD,SUCCESS,Cash Withdrawal,A50,SUSPICIOUS
e4487f71-c586-4f92-8a3a-eb7d9cdb14dc,2025/07/05,Local Bakery,2317.94,inr,success,Healthcare,A12,Anomaly check
08bf2fc1-17b8-42c3-b060-1251cdd008ce,2025/12/29,Uber India,$438.75,USD,SUCCESS,Healthcare,A30,Refunded
3d2e29a7-0597-4713-9b2f-cb4d87f32a97,14-02-2025,Swiggy,$754.79,usd,success,Transport,A16,Anomaly check
88ca6fb3-90bd-4c05-a296-4b8804badbae,31-07-2025,Apple,4990.29,USD,Pending,Food,A8,Refunded
e1c756de-373c-4e3a-bcd5-40509895597e,2025/06/18,Local Bakery,2907.16,inr,SUCCESS,,A50,SUSPICIOUS
d306d76d-eaad-4759-b958-e875cef82442,2025/10/02,Shell Petrol,2742.08,inr,failed,Healthcare,A28,Refunded
121ab6d9-baf5-4c9c-a835-30206bd8c13a,23-04-2025,IRCTC,3691.86,inr,failed,Transport,A27,Duplicate?
0e7a24a8-c4d1-4186-9ead-c1c51cec35c0,13-07-2025,Apple,$233.25,INR,FAILED,Utilities,A8,Duplicate?
e8b0c53e-1e53-4c3a-9ea9-3a5b3d85f408,2025/04/07,IRCTC,3506.37,inr,success,,A8,SUSPICIOUS
f8811ee3-8b94-4d53-8642-7e40209895e7,13-05-2025,Shell Petrol,108.65,INR,PENDING,Cash Withdrawal,A42,Anomaly check
075d1135-778c-4b47-a2d9-ef22ca6a8740,13-04-2025,Amazon,3063.58,INR,PENDING,Transport,A49,
56d375ce-c638-441d-9e33-889ad4f1cd96,2025/11/19,IRCTC,$1136.44,usd,Pending,Travel,A33,Duplicate?
ecf33c97-7cbf-4aae-899d-11f1f7b16210,22-03-2025,Flipkart,1552.68,inr,FAILED,Travel,A39,
ba2c0afd-1016-440d-9d96-ca0b6633b01a,27-07-2025,Zomato,622.25,INR,SUCCESS,Healthcare,A8,Refunded
66c14b24-1637-4b4e-9cd3-a95a7fc41290,2025/02/05,Shell Petrol,$3750.58,inr,FAILED,Other,A9,Refunded
3722a462-e895-46c2-bfbc-920af28405e3,07-08-2025,IRCTC,47793.75,usd,Pending,,A23,SUSPICIOUS
2e1665cb-51bd-4705-968f-5bac06f0471b,14-04-2025,Uber India,4276.3,inr,PENDING,Healthcare,A22,Duplicate?
97d2f29a-aea2-49c1-8c0a-ef0927caa7f4,2025/06/29,Local Bakery,2482.72,usd,FAILED,,A12,Anomaly check
82f91ff8-e00f-41ec-87c1-60623e3d32e3,2025/10/05,Apple,2706.74,usd,PENDING,Other,A17,
51570bb1-29e2-4b68-942b-bd0ac7d4a0f7,01-09-2025,Amazon,1483.23,inr,success,Shopping,A10,Anomaly check
6f5abd84-16c3-4ecd-a9ef-9995ce2a6b8d,29-05-2025,Amazon,2213.13,inr,SUCCESS,Healthcare,A41,SUSPICIOUS
95e9109a-350b-4916-830e-96c8af959408,03-04-2025,Amazon,3054.57,USD,success,Travel,A37,Duplicate?
c75beae5-99f3-467c-a640-620bde97a4a1,2025/03/13,Apple,4490.54,usd,Pending,Entertainment,A31,
55333adf-34f1-4853-801e-c7d1903e6f8b,2025/10/24,Netflix,3439.81,inr,SUCCESS,Food,A17,SUSPICIOUS
b119a8cf-dd85-4e64-ade2-76534e5ec928,21-07-2025,Flipkart,$1520.63,INR,Pending,Cash Withdrawal,A22,
d94d9d7b-0b14-4c24-8cf0-9b478ccbb67a,2025/06/12,Netflix,4163.95,INR,failed,Utilities,A12,Refunded
8531846a-99f4-4a60-b9d5-a243b8033d43,2025/02/02,Google,3184.31,INR,SUCCESS,Other,A30,SUSPICIOUS
e7bf23d9-d13b-4bb0-98ab-71d7a3bf41b1,01-11-2025,Ola,3598.81,inr,failed,Shopping,A22,
,2025/02/13,Amazon,1285.49,USD,Pending,Food,A19,Refunded
1343033c-5174-4c0f-9ceb-8c6bf6e28ffa,11-05-2025,Apple,608.04,USD,success,,A33,Refunded
00ef9b3e-1e87-4bf1-93b0-74c3363a7e93,2025/11/12,Zomato,3468.07,USD,Pending,Utilities,A11,SUSPICIOUS
70e4ea66-cbeb-4262-9187-058782068cad,2025/08/30,Shell Petrol,486.33,inr,FAILED,Transport,A3,Refunded
72ff90f9-4540-4da9-a287-c0eb7c24a898,03-01-2025,Amazon,971.39,USD,FAILED,Shopping,A3,
40125ac6-43b4-4007-9b8e-96d4fba77adc,2025/09/27,Local Bakery,3470.34,usd,FAILED,Transport,A36,SUSPICIOUS
40125ac6-43b4-4007-9b8e-96d4fba77adc,2025/09/27,Local Bakery,3470.34,usd,FAILED,Transport,A36,SUSPICIOUS
32c46f89-8802-4720-991c-71bd82ea2cc4,2025/07/18,Google,248.29,inr,PENDING,Entertainment,A40,SUSPICIOUS
,05-07-2025,Local Bakery,1845.18,usd,SUCCESS,Utilities,A40,Refunded
353d949d-3c01-4f33-a4e3-3fb8a8b0e982,2025/10/01,Flipkart,$3539.6,USD,FAILED,Shopping,A49,Anomaly check
89fcbffb-601c-4fb5-b5e0-2c984a65d131,2025/09/19,Zomato,2734.48,usd,PENDING,Healthcare,A2,Anomaly check
ac32acf1-674b-41b8-b642-f72ee8d1dbc5,23-03-2025,Local Bakery,3590.03,usd,success,Entertainment,A24,
919dc44e-aa96-4d3e-b419-6b6bf5300d56,06-01-2025,Apple,4458.45,usd,FAILED,Shopping,A23,Anomaly check
d515d026-98eb-4d60-a205-956c9117a8a8,29-09-2025,Local Bakery,$67.81,INR,SUCCESS,,A42,Duplicate?
022cf7d1-60d8-4c07-9d54-ec443fe09e08,2025/09/20,Netflix,478.92,INR,Pending,,A5,Duplicate?
aa65c809-c2f2-4813-b589-fb3a00e88c13,24-03-2025,Netflix,1424.23,USD,Pending,Entertainment,A38,Anomaly check
0921af7e-e96b-4526-8129-7f0a5c554f61,14-10-2025,IRCTC,3323.45,inr,FAILED,Cash Withdrawal,A35,Refunded
545994eb-5e7d-47ad-9d30-f5b534d4b22b,2025/09/14,IRCTC,3014.48,USD,Pending,Food,A33,Anomaly check
117fa50b-6fda-4ebe-a235-67a0921c3322,2025/07/07,Google,4196.97,USD,failed,Transport,A47,Anomaly check
f923fe3b-b04b-4102-a297-0cf8cc9760ed,2025/08/26,IRCTC,1160.24,usd,FAILED,Transport,A36,SUSPICIOUS
938172d3-3650-484a-a88a-be730ed4269b,07-06-2025,Ola,1643.99,USD,FAILED,Shopping,A7,Anomaly check
a0ba2484-4591-4830-a7ff-1e33e6de6358,24-09-2025,Flipkart,1756.83,inr,failed,,A28,Duplicate?
93589219-6b81-43be-afd1-d477ec88917c,2025/03/25,Netflix,2348.95,inr,Pending,Travel,A38,SUSPICIOUS
d13546b9-6373-4ff9-8857-868a3653f94a,08-05-2025,Local Bakery,4883.24,inr,success,Travel,A24,
1046581e-2b09-4cf5-8ad7-57abb1b136a3,31-12-2025,Ola,884.05,inr,FAILED,Entertainment,A47,Refunded
68e7b3c7-d998-4062-9941-745507cb05f3,09-06-2025,Uber India,$2242.38,usd,FAILED,Entertainment,A48,Refunded
49f223fb-cc03-4bd6-8444-1277603eeee4,13-03-2025,Uber India,3822.3,usd,PENDING,Travel,A37,Duplicate?
0ca16884-1abc-4f97-927e-4167d8fcc234,2025/07/24,Spotify,$780.77,inr,failed,Utilities,A11,Refunded
cfd04e17-dc64-4630-903f-3ae28f7d8573,20-09-2025,Uber India,4940.46,INR,success,Travel,A12,Refunded
535dae33-a3be-47b7-81e0-ef67990f2630,2025/08/02,Zomato,3410.67,INR,success,Travel,A10,SUSPICIOUS
8f00aac4-c52d-4b11-b68b-80bfbaa54945,2025/08/13,Apple,$1923.81,INR,PENDING,Transport,A34,
,2025/04/08,Local Bakery,$1354.47,usd,PENDING,Healthcare,A2,SUSPICIOUS
790d6ba8-782e-4ccc-a980-87fa447c62f7,2025/07/04,Uber India,1724.51,usd,Pending,,A18,
4792becd-3a97-4fec-a48c-c26ea65ba9fc,2025/01/30,Spotify,$3777.22,INR,success,Other,A25,
2d2afba6-8328-49a6-a850-a7aab4e13c1c,2025/08/01,Flipkart,516.88,USD,success,Food,A32,Refunded
a055d176-f90c-4bd7-ba50-9465a53b2c86,2025/05/24,Spotify,2229.68,inr,success,Shopping,A8,Refunded
9663fa35-25ac-49c0-bf65-0935bc287e4a,08-07-2025,IRCTC,3899.76,inr,success,Shopping,A32,
0c820184-a7e5-409e-83ab-461c4d668381,2025/01/16,Flipkart,3826.18,inr,PENDING,Transport,A49,Anomaly check
8ee2c635-fd93-4cb9-8e84-e56c7e598249,2025/05/02,Spotify,3438.05,usd,FAILED,,A12,Duplicate?
40f41820-4b61-479b-81db-8faae7588599,27-03-2025,Netflix,855.46,USD,Pending,Shopping,A20,Refunded
c8e966ca-f341-4c9a-b910-7aad689a9510,2025/07/06,Local Bakery,3675.47,USD,failed,Transport,A34,Refunded
5f4cf957-c36a-4bbe-98a0-9c578ffbfdb3,2025/06/12,IRCTC,2697.77,inr,PENDING,,A17,Anomaly check
1e104494-f538-4ce4-aed6-c7a85261a41c,13-07-2025,Google,3861.11,INR,Pending,Cash Withdrawal,A8,Duplicate?
1e104494-f538-4ce4-aed6-c7a85261a41c,13-07-2025,Google,3861.11,INR,Pending,Cash Withdrawal,A8,Duplicate?
df99216a-63e3-41f6-b650-774642c7f66c,2025/08/27,Spotify,2677.58,INR,PENDING,Travel,A22,Anomaly check
6dbd0c55-4043-401d-9a7f-983340c35b5f,2025/06/28,Ola,4932.88,inr,Pending,Transport,A15,SUSPICIOUS
23c6c87e-2f42-41e1-95c1-1fad8e521c4a,2025/06/25,IRCTC,1417.82,USD,failed,Food,A18,
23c6c87e-2f42-41e1-95c1-1fad8e521c4a,2025/06/25,IRCTC,1417.82,USD,failed,Food,A18,
c180aa59-d576-47d5-89dc-1927f05be559,25-07-2025,Netflix,1521.28,INR,PENDING,Transport,A37,Refunded
8fc5d20c-e354-4cf9-9051-a3962be25293,2025/08/09,Amazon,2285.22,INR,success,Cash Withdrawal,A49,Refunded
893558f8-b660-495c-92ab-bb6dfe1d1dbe,2025/07/08,Netflix,276.21,usd,PENDING,Healthcare,A12,Refunded
c1bea4ba-5cd7-476c-9c48-a2df8222b420,28-06-2025,Google,496.0,usd,Pending,Healthcare,A45,
f6274d4c-8593-49cb-9de6-13ee854fb84f,2025/12/23,Uber India,$31503.19,inr,Pending,Utilities,A48,SUSPICIOUS
,27-01-2025,Swiggy,2613.01,USD,failed,Shopping,A2,Anomaly check
1828d491-4fc5-42f2-b097-22bcc4afc6c1,17-04-2025,Ola,4412.6,USD,failed,Entertainment,A34,Duplicate?
167ae8d5-abed-4734-a253-e3aa7e244692,17-05-2025,Shell Petrol,2294.62,USD,SUCCESS,,A8,
204d6fbe-2bf9-4061-9118-bbcbaa97d92f,30-04-2025,Zomato,$2693.26,inr,failed,Transport,A50,Refunded
,2025/09/22,Local Bakery,$25.14,USD,FAILED,Healthcare,A29,SUSPICIOUS
d11eab11-8e66-4cbf-922a-44f3e2c88d37,2025/04/12,Ola,2923.57,usd,failed,Food,A41,Anomaly check
6f0fc448-d6e7-411a-9f8d-8e625add9d53,2025/02/12,Shell Petrol,3647.65,inr,success,,A46,
89d74538-dac1-4388-ac67-0e6de23e388f,19-06-2025,IRCTC,1334.81,INR,FAILED,Travel,A40,Anomaly check
9b8a1f95-bb64-4a62-bb2b-e0c2f12848eb,08-08-2025,Apple,3060.92,INR,SUCCESS,,A7,SUSPICIOUS
d5e4169a-b40a-4506-8a7e-a59dbd57651c,20-03-2025,Amazon,4363.04,usd,SUCCESS,Food,A16,
36c8a0f8-c028-4ae5-b59b-7bb837d72e7c,2025/07/12,Spotify,3738.24,USD,FAILED,Utilities,A20,
3857bba7-c336-4bd7-8c4d-9a79b4f0aebd,02-03-2025,Flipkart,717.81,usd,failed,Shopping,A47,Refunded
26ad02da-a635-4f43-bc0c-12c2709696ca,2025/06/21,Zomato,36254.42,inr,SUCCESS,Other,A48,Anomaly check
db9d5333-2f37-4516-9f2e-e6227c48da70,2025/09/29,Local Bakery,1662.37,inr,FAILED,Healthcare,A49,Anomaly check
d2276b63-0b1d-49c3-9aac-28f4df2eed3b,2025/08/04,Spotify,4151.83,inr,failed,Food,A17,SUSPICIOUS
d2276b63-0b1d-49c3-9aac-28f4df2eed3b,2025/08/04,Spotify,4151.83,inr,failed,Food,A17,SUSPICIOUS
ccf39e54-d9c1-4cf4-9f27-f5918a634cef,2025/09/07,Apple,624.66,usd,success,Entertainment,A28,
af4bd594-ce9f-4433-9025-4615e7b83b79,2025/07/22,Amazon,633.97,INR,SUCCESS,Cash Withdrawal,A40,SUSPICIOUS
a5651d28-00a4-4f05-baf1-c86622640c52,2025/11/30,Netflix,1053.97,USD,FAILED,Transport,A29,Duplicate?
67bd9d11-26dc-4935-88d1-cf01c7ce58a4,2025/04/10,Apple,4565.2,inr,PENDING,Healthcare,A1,
9132846e-7dc0-432f-bc87-0d9ecbd2dbc4,2025/08/21,Amazon,2730.59,usd,PENDING,,A30,SUSPICIOUS
9132846e-7dc0-432f-bc87-0d9ecbd2dbc4,2025/08/21,Amazon,2730.59,usd,PENDING,,A30,SUSPICIOUS
7ab9d79d-e500-4f10-b84d-e8ac6849d448,2025/03/31,Spotify,204.44,USD,failed,Transport,A45,Anomaly check
ac468935-184a-4f3e-b1b6-d9f56cf08eab,19-03-2025,Apple,183.42,inr,success,Other,A28,Duplicate?
cce865be-bc75-470d-b71e-d59f5dec950a,2025/09/03,IRCTC,$2256.59,INR,SUCCESS,Food,A42,Duplicate?
6937cade-4458-46d9-86fd-5697906227f0,23-04-2025,Amazon,4330.72,USD,Pending,Cash Withdrawal,A9,SUSPICIOUS
fed5fc91-b75b-464f-a62b-3d07cb04f494,01-01-2026,Spotify,4891.79,USD,PENDING,Utilities,A1,
fed5fc91-b75b-464f-a62b-3d07cb04f494,01-01-2026,Spotify,4891.79,USD,PENDING,Utilities,A1,
212f2cb1-bc66-4970-820f-8d2fb6c09079,2025/06/07,Uber India,$2618.17,inr,FAILED,Travel,A18,Anomaly check
ea11bc8a-bc27-4f53-bab6-568e9f2e4077,20-02-2025,Uber India,38.69,USD,Pending,Entertainment,A42,Refunded
0afa1752-2025-4892-a060-46bb29c10dee,2025/04/25,IRCTC,$4209.44,USD,FAILED,Healthcare,A43,Refunded
5eac82cc-ba29-46bc-87e4-c8e74dca7871,2025/09/26,Google,4514.08,INR,PENDING,Shopping,A24,Duplicate?
e3d41c17-f3ca-432b-895b-00a3b72e6331,26-11-2025,Google,244.0,inr,success,Shopping,A16,SUSPICIOUS
96245504-9ad1-4fe3-9626-e02980447c5c,2025/10/09,Local Bakery,799.29,inr,SUCCESS,,A21,Refunded
75a191b7-7ef7-49be-bd60-21f01a6760d5,22-11-2025,Ola,4145.77,INR,SUCCESS,Travel,A33,Duplicate?
bf0f347c-c452-48d9-80e9-916b5fa0ff05,2025/09/04,Apple,4031.9,INR,FAILED,Entertainment,A8,Duplicate?
2eaf5546-8195-480a-9729-b96fa7ff69a1,28-05-2025,Swiggy,810.19,USD,success,,A46,Duplicate?
2eaf5546-8195-480a-9729-b96fa7ff69a1,28-05-2025,Swiggy,810.19,USD,success,,A46,Duplicate?
a131070b-961f-48f5-be25-1c6b89fc1bfc,04-04-2025,Local Bakery,$1261.44,usd,success,,A17,Anomaly check
1b571fff-82d7-4239-af03-26d17ad77913,26-01-2025,IRCTC,4886.25,inr,PENDING,,A44,
d96d6990-6a12-48bc-b9b6-6939234d2ee2,2025/11/07,IRCTC,3871.59,USD,failed,,A14,
ab2427c9-9bef-4e3e-bb16-49607c692688,2025/09/25,Amazon,2760.85,INR,Pending,Shopping,A37,SUSPICIOUS
71c21a10-b555-4883-bbed-0984b9bbabaf,2025/09/10,Flipkart,$4925.66,INR,SUCCESS,Travel,A24,Refunded
7f4864d9-5fd3-4bf4-8bd7-8ba00fee7079,2025/12/02,Zomato,$2057.93,usd,failed,Other,A12,Refunded
93449a52-5f9d-457f-b551-4b56dd663f8e,06-10-2025,Shell Petrol,$4850.45,USD,FAILED,Cash Withdrawal,A49,
5a00e623-306f-4c1b-919b-c8f4d1998e07,2025/06/19,IRCTC,$2891.27,USD,FAILED,Shopping,A31,Anomaly check
a197b763-916b-48f6-a626-f77e14fac73c,14-03-2025,Local Bakery,$1669.94,inr,SUCCESS,,A20,Refunded
483fc94c-c03c-4994-bb78-bf7f87ac7c62,2025/07/16,Uber India,648.45,usd,SUCCESS,Food,A29,SUSPICIOUS
cece0dc2-d0fc-436a-90d3-03cd7f0683ae,2025/10/13,Uber India,4609.16,usd,SUCCESS,Transport,A4,Anomaly check
4e6e0efd-34e0-4713-b814-4377dde36826,05-12-2025,Ola,320.8,INR,FAILED,Cash Withdrawal,A7,Refunded
58bb2b10-49b8-4315-8eee-ccf87c48b585,2025/09/18,Spotify,188.48,inr,failed,Healthcare,A13,Refunded
dd19609f-7806-40f0-b9a7-d9faa3288be3,06-12-2025,Flipkart,4801.23,usd,failed,Utilities,A18,Duplicate?
705f2b99-f7aa-4d9c-8e3a-99e801647d3c,13-10-2025,Flipkart,2309.72,usd,PENDING,,A25,Anomaly check
6550c771-3773-4dab-932f-a451079b055b,2025/03/09,Google,1203.72,usd,FAILED,Entertainment,A34,Anomaly check
3c4ae9e7-df0d-45cf-a5b6-4acbd6bbac94,2025/04/29,Local Bakery,1106.51,INR,failed,Healthcare,A45,Refunded
41196bbc-9f3f-4987-9c2b-2a3a867bb9eb,10-11-2025,IRCTC,1228.98,usd,failed,,A30,Anomaly check
d022d196-610c-4e2d-91e2-f402d56afceb,23-10-2025,Google,4791.83,INR,SUCCESS,Healthcare,A34,Duplicate?
,2025/08/04,Ola,32787.84,usd,FAILED,Food,A42,Refunded
2319ccd7-317a-4695-9271-127f0edfbdc9,2025/05/20,Swiggy,1202.38,inr,failed,Cash Withdrawal,A50,
e5a0c718-f7fb-4005-8a71-2228f34606b7,24-03-2025,Flipkart,272.15,INR,Pending,Other,A42,Duplicate?
ac070653-59de-49d2-b8a4-35ff18428f3c,2025/10/23,Netflix,2206.95,inr,failed,,A20,Anomaly check
65c3294f-f1f7-4159-8cca-1de78725ebea,2025/03/16,Apple,2316.47,inr,PENDING,Utilities,A31,Refunded
67832d6e-2d86-4149-b4a6-0cc02382e134,25-11-2025,Apple,3877.33,USD,success,Transport,A32,
57e1f5fc-c774-4286-9aae-424341e163f0,2025/12/06,Ola,3404.19,inr,failed,Other,A45,Duplicate?
a9df6c8e-775b-4784-acfa-88b186129396,24-09-2025,Shell Petrol,4254.95,inr,success,Utilities,A11,Duplicate?
4535df6d-492a-4c4b-b93d-ceed0a8c13cd,2025/09/20,Google,4444.39,USD,SUCCESS,Utilities,A30,SUSPICIOUS
e47de8e3-eba2-43f6-a351-f28a56d32a8b,2025/08/26,Ola,596.13,usd,failed,Utilities,A47,Duplicate?
08abeb0b-3eec-47f8-a3e5-a916ce33cf36,29-06-2025,Amazon,$4524.61,usd,PENDING,Food,A40,Refunded
f118e226-9418-4696-a147-bf96deb90b3b,2025/07/03,Netflix,1621.04,usd,Pending,,A39,SUSPICIOUS
,2025/09/07,Spotify,1098.13,inr,Pending,Entertainment,A19,Refunded
03721f00-8117-46c7-8310-c67d71370d79,12-07-2025,Ola,3528.19,USD,FAILED,Entertainment,A28,Duplicate?
8212ef85-45c7-4777-9952-0f8deeaf2c27,11-07-2025,Apple,$1821.69,inr,success,Transport,A18,Duplicate?
229f0221-f6c5-4be3-bf0e-359e6dae2b9e,2025/09/12,Amazon,$3207.36,inr,Pending,Utilities,A4,Anomaly check
15dfc444-c5d7-484c-8f31-c37e6256d257,2025/06/13,Flipkart,1071.67,USD,success,Travel,A21,
ce0c3bd9-c14a-4a44-be65-9e10e9099bad,2025/05/04,Flipkart,1937.34,inr,success,Utilities,A11,Duplicate?
f16e658e-138d-417f-be25-b3b9df449f8b,24-03-2025,IRCTC,3836.12,USD,Pending,Other,A14,Anomaly check
b21d965a-1d4f-42cc-9429-9740f27ccc89,2025/12/04,Uber India,3075.22,INR,FAILED,Healthcare,A44,Duplicate?
724121a9-3f21-4fe6-8c9d-1c6bec3e1b1f,2025/10/10,Flipkart,1196.8,INR,Pending,Entertainment,A41,Refunded
,09-11-2025,Google,2026.5,INR,FAILED,,A1,
258bda3a-17c9-496c-80c9-55ce2319b085,2025/12/01,Spotify,3939.29,usd,success,,A30,SUSPICIOUS
923a7679-7dbb-4fef-beae-39cb286ee69f,19-12-2025,Swiggy,$1735.72,USD,SUCCESS,Entertainment,A3,
b79887b6-227c-4e2a-8bfc-b35dc0253542,2025/04/11,Apple,1397.49,inr,Pending,Utilities,A15,Duplicate?
81b06cde-cddc-49ff-8ace-62ac69d109b2,03-11-2025,Amazon,2965.08,INR,PENDING,Shopping,A19,
c126bc5a-9bf1-4c22-842f-afbea4e7cb6d,2025/04/21,Zomato,4370.54,INR,SUCCESS,,A39,Duplicate?
b3312a74-793a-47a7-a9d4-3935ec2e3213,2025/02/06,Swiggy,4910.73,USD,FAILED,Other,A8,SUSPICIOUS
fdcaa6b2-8cec-41ae-b6b7-576ca9d2edc1,2025/10/26,Netflix,4430.97,inr,failed,Transport,A19,SUSPICIOUS
28e5515d-9cb4-4439-9195-1d7f2657e283,04-04-2025,Spotify,331.28,inr,SUCCESS,Food,A6,Anomaly check
,2025/08/07,Flipkart,749.83,usd,failed,,A36,Refunded
d9bcd2d4-1e27-408d-897a-bc9105b3e6d8,2025/12/15,Uber India,$4396.46,inr,failed,,A18,Refunded
59fc324c-0e07-4f87-9b3e-be0a45048d0f,2025/02/08,Flipkart,4515.7,INR,SUCCESS,Shopping,A25,Refunded
faf93254-68c6-4788-acf1-9f7bcc79ee0d,2025/05/18,Apple,1073.27,USD,FAILED,Utilities,A42,Duplicate?
97ac367c-55cc-4270-983c-b1b227595b49,2025/06/15,Zomato,$3412.3,INR,PENDING,Cash Withdrawal,A27,SUSPICIOUS
40b9f9d1-874d-44e1-8439-1901e9ea40a1,02-04-2025,Swiggy,$2722.37,inr,FAILED,Entertainment,A47,
3e76205a-1acb-41e9-8785-8e551857fe1f,2025/06/29,Uber India,4800.56,INR,Pending,Shopping,A30,Anomaly check
37c65521-5537-4f89-bc2c-434f32e273a1,15-04-2025,Apple,3222.29,INR,success,Cash Withdrawal,A21,Refunded
b15c2dbd-dbcd-49b7-87e9-ed15dd9dbacb,2025/11/30,Netflix,4750.04,INR,PENDING,Travel,A12,
68bf71b8-1549-4512-aded-7ebdf3ce1926,2025/03/10,Spotify,2646.0,usd,SUCCESS,Food,A18,Refunded
f306229d-e765-49a0-9728-f9cc33939cc9,2025/04/09,Amazon,$3462.97,inr,failed,,A23,Refunded
abb375c4-a15d-466c-88e3-a40433ffcc7e,2025/11/23,Local Bakery,$63.11,USD,success,Utilities,A48,Refunded
c93059b8-1e26-4f30-a798-057d62270f77,07-03-2025,IRCTC,$3653.23,INR,Pending,Travel,A33,Duplicate?
4f864014-2fca-4e66-bffd-f69fb91e78d9,03-05-2025,Uber India,$3195.29,USD,PENDING,Travel,A14,Duplicate?
9012875c-a525-448b-b8ee-60f52b280784,12-03-2025,Ola,3696.6,INR,PENDING,,A46,Anomaly check
be41a0b2-4009-4945-b35e-171b0f795a05,12-10-2025,Amazon,4569.58,USD,failed,Utilities,A10,SUSPICIOUS
af47bf54-199e-478f-8e18-971c54813543,2025/09/30,Amazon,3202.37,usd,SUCCESS,,A23,SUSPICIOUS
3a7a98e9-c787-40fe-b822-0ea842180c06,2025/03/22,Netflix,4455.0,INR,failed,Transport,A45,Refunded
,2025/07/05,Flipkart,4373.96,usd,success,Utilities,A11,SUSPICIOUS
d73892e2-fa99-489e-83fe-79eb74956ff4,16-05-2025,Spotify,826.76,usd,Pending,Utilities,A34,Refunded
ba13fb33-ceb8-4db1-81d4-06206ed60e95,2025/06/22,Uber India,1892.83,USD,PENDING,Cash Withdrawal,A1,Duplicate?
26e5c946-585e-4c30-ac10-8a0a4175db06,2025/12/10,Local Bakery,3885.14,INR,SUCCESS,Food,A39,Refunded
cf56e53a-7f3b-4914-9443-4ba3a3a4efe0,2025/01/17,Spotify,3893.29,inr,FAILED,Cash Withdrawal,A27,Anomaly check
f180b636-1f9d-4144-935d-bbdb84b1668d,09-09-2025,Spotify,260.62,USD,success,Shopping,A10,Refunded
898f91db-1b0d-4f94-bd06-aace0bfe9152,2025/07/31,Netflix,1660.73,USD,SUCCESS,Utilities,A23,Anomaly check
5a38badb-b6ca-4775-b921-09ab5a1792f9,2025/07/25,Netflix,$3948.66,usd,failed,Transport,A9,Duplicate?
5a38badb-b6ca-4775-b921-09ab5a1792f9,2025/07/25,Netflix,$3948.66,usd,failed,Transport,A9,Duplicate?
640ec240-13e6-40dd-a62a-e0c9537ca2f3,2025/03/02,Swiggy,$2415.73,usd,FAILED,Shopping,A38,Duplicate?
40e806cd-161e-4c09-a0e8-e8aed66791da,2025/07/15,IRCTC,$1360.27,USD,success,Cash Withdrawal,A3,Anomaly check
74d731f5-90c6-4b26-b4f7-addfc6e6d86e,2025/05/30,Shell Petrol,2038.85,USD,failed,Healthcare,A1,Refunded
93c5050b-23e4-4054-9648-8409905bf8a3,2025/12/12,Shell Petrol,684.72,inr,success,Cash Withdrawal,A41,Duplicate?
c224ba40-dc51-48ff-8f12-fcade811c4ad,22-08-2025,Ola,$1866.47,INR,success,Food,A21,Anomaly check
217ba9ac-4c7d-4df5-8f8b-e32371b509a6,01-01-2025,Uber India,4837.41,INR,PENDING,Entertainment,A36,Duplicate?
832249ff-90a1-4aeb-b0f1-93c31ff5e785,2025/02/10,Uber India,4896.95,usd,success,Cash Withdrawal,A45,SUSPICIOUS
5906fdc3-f3ae-459f-bf81-990b72025834,21-03-2025,Ola,3405.8,USD,success,Transport,A22,Refunded
a0a3c9e8-0e4f-4b2d-bdd6-2faf56b26ed5,2025/01/07,Uber India,4939.49,usd,FAILED,,A8,Refunded
79d4e68a-fea1-4b2e-9a72-c3f95323a704,20-02-2025,IRCTC,629.76,USD,FAILED,,A17,SUSPICIOUS
ccf50c5b-6d95-4ec6-99bc-8f04490e409a,2025/07/27,Apple,$3497.05,USD,Pending,Healthcare,A14,SUSPICIOUS
e19caf7a-d536-4d5b-b499-6039ee917db3,20-06-2025,Uber India,2232.25,USD,failed,Transport,A36,
eab94224-ca3d-4bfd-9493-e9dafae052c2,06-03-2025,Zomato,3570.11,usd,success,,A28,Refunded
3aac4826-fd6b-4528-95c6-78497445bdee,22-10-2025,Spotify,3141.58,usd,success,Cash Withdrawal,A36,SUSPICIOUS
,2025/12/09,Flipkart,2320.91,USD,failed,Food,A28,Refunded
9873d1f2-29ad-4e1a-9a64-a6dc5949638a,2025/01/31,Ola,3644.02,USD,FAILED,Other,A12,Duplicate?
62eee154-b231-4b30-bd03-88122d9de6b6,2025/08/09,Flipkart,860.08,usd,FAILED,,A15,Duplicate?
02447612-221b-4dab-8a79-97178660df06,07-08-2025,Uber India,3594.98,usd,Pending,Entertainment,A48,Anomaly check
ba747e99-a1ce-41fb-88ca-a0240e773e82,2025/03/22,Flipkart,4487.82,USD,SUCCESS,Shopping,A4,Duplicate?
daa9456a-08e5-4b21-8e18-c91282e32cd8,2025/11/06,Uber India,$3115.86,inr,SUCCESS,Other,A35,SUSPICIOUS
7cdf00d9-cc1e-419e-8a0f-1806307fa0d0,28-11-2025,Local Bakery,3604.54,inr,SUCCESS,Travel,A27,
59428d7c-85ac-4e7e-8411-d76365eee8a9,2025/05/22,Local Bakery,$3689.41,USD,success,Entertainment,A35,
fdb78046-0976-412d-a41d-ef94a4f96d55,02-10-2025,Spotify,1922.97,usd,failed,,A2,Duplicate?
17c9e390-226d-42b1-8cf7-29027fea85c9,2025/04/07,Uber India,1395.24,inr,FAILED,,A37,Refunded
c45b1dc9-176d-4aab-a918-b6bcc46f0e2e,10-05-2025,Ola,$2763.25,usd,success,Shopping,A31,Refunded
58bf4096-ca2c-4c77-96f7-941ce5bc7ef5,05-02-2025,Ola,1898.11,inr,PENDING,,A15,Duplicate?
a9bafe16-d9a9-4a28-bbd8-bd45704e6dc9,27-09-2025,IRCTC,2662.33,inr,PENDING,Entertainment,A17,SUSPICIOUS
c2d76cf5-268f-4604-8610-ee1975181892,2025/06/20,Swiggy,4565.55,usd,Pending,Entertainment,A14,Duplicate?
6281368f-0591-4fc1-91da-39441a10133d,2025/04/21,Apple,979.45,USD,FAILED,Entertainment,A40,Refunded
c7962f03-63d6-443b-a9ab-b054c285a4bf,2025/09/04,Spotify,$378.28,usd,FAILED,Shopping,A4,Duplicate?
276dc4ef-f0e9-4382-b988-9d9b32ca5101,2025/10/31,IRCTC,4465.26,INR,success,Cash Withdrawal,A43,
d51dcd1a-97ec-40bc-a2c3-1e56c078077e,2025/09/19,Shell Petrol,3190.87,inr,SUCCESS,Utilities,A32,Anomaly check
9eec1d4c-a739-4e04-9562-78b18ac2f9a9,13-03-2025,Netflix,4138.88,usd,failed,,A42,
ae7cecd6-fd23-49b9-984b-fa42c6357dce,2025/10/18,Uber India,674.54,USD,SUCCESS,Entertainment,A13,SUSPICIOUS
b10a5a0c-f85d-45c2-ba45-0d3fb5af5613,2025/04/21,Google,1937.17,USD,success,Shopping,A24,Anomaly check
7b435884-71e6-4249-8999-e6e41e8376ac,2025/11/06,Zomato,$2075.96,INR,success,Entertainment,A47,
ed4aab61-8835-46b7-930d-8426f52526a8,2025/05/09,Amazon,$596.43,inr,FAILED,Cash Withdrawal,A11,
9d0c7056-f679-4f7e-a928-8adc87355a1d,10-08-2025,Zomato,2361.26,inr,FAILED,Travel,A11,Anomaly check
e60ba1ac-3a38-4439-b197-081b97ec321c,07-01-2025,Flipkart,4702.71,usd,failed,,A22,Refunded
5acceacf-2d97-4000-aada-74e1afcc9a70,27-06-2025,Zomato,1874.46,USD,failed,Utilities,A21,SUSPICIOUS
fecbfba9-ad40-48d3-a73d-7edd03b45529,2025/09/28,Apple,3680.4,inr,success,,A42,Anomaly check
4fe726bb-1a17-4204-9ec6-ebcef1d7174a,30-01-2025,Uber India,$3356.7,USD,FAILED,,A36,Duplicate?
490ee3f1-bafb-44a5-a612-85ece0f30d57,2025/02/15,Ola,3120.18,INR,PENDING,Utilities,A12,Duplicate?
6789a4c7-fee0-41ab-a968-9b3e00c028c4,27-10-2025,Swiggy,1678.06,USD,FAILED,Utilities,A33,
12d41989-d114-4b4a-b396-5ae637530d6f,2025/04/26,Apple,$2825.79,USD,Pending,Healthcare,A31,Anomaly check
b066edd2-7aa1-4fbb-be22-5af682dfbf09,2025/08/08,Ola,$3829.14,usd,PENDING,,A38,SUSPICIOUS
8b4b4b7d-e6bf-4b01-9a6f-1d4f89d5e40f,2025/03/20,Google,$1351.62,usd,Pending,Food,A7,Anomaly check
80e7a374-3105-4105-9755-51060343a799,2025/01/11,Shell Petrol,$1289.57,inr,FAILED,Shopping,A16,Duplicate?
02c69dad-82f2-4c64-a38b-47efddabaf49,08-09-2025,Zomato,3637.28,INR,Pending,Healthcare,A17,
637cb7b0-a0ff-4a83-a889-0fdaef510864,28-12-2025,Flipkart,488.62,inr,PENDING,Cash Withdrawal,A4,Refunded
415e3c0e-d5d2-4290-aa00-eb63d8a184d2,2025/12/24,Google,2923.49,usd,PENDING,Entertainment,A32,Duplicate?
91d6b06a-345e-4207-86d2-3ac64983f601,29-07-2025,Amazon,4665.54,usd,success,Cash Withdrawal,A38,Anomaly check
1bdf4cda-e2e1-4989-9bcf-73fcecd0591d,2025/10/06,Swiggy,3767.46,usd,success,Cash Withdrawal,A25,SUSPICIOUS
2faeb4f8-9056-4fae-a35c-61e814f56220,01-08-2025,Uber India,2472.8,USD,success,Cash Withdrawal,A18,Duplicate?
9c4857f2-aa83-4101-9095-2f2e6e6cc0cc,28-10-2025,Shell Petrol,2467.32,usd,PENDING,Other,A47,SUSPICIOUS
fc6657c7-e57a-4c7c-8414-350d405d6edd,2025/06/23,Zomato,2526.91,INR,failed,Food,A22,
e4fa97e9-7018-4eb9-9c47-2bbd85fde997,31-08-2025,Uber India,$2161.4,usd,FAILED,,A36,SUSPICIOUS
f8cad879-18e5-423e-a55e-992df4d1f837,2025/07/22,Zomato,3603.11,usd,PENDING,,A47,
7468c2ea-5db6-4c3c-a7fa-a1dd970555bd,31-10-2025,Zomato,$1035.46,USD,success,,A34,Duplicate?
871ae139-0dee-4061-9e34-730d10c1373c,2025/07/14,Spotify,659.84,inr,failed,Other,A37,Refunded
f52e92f4-ee81-41ad-ada7-2fa40d8f4386,17-03-2025,Google,532.73,usd,success,Transport,A22,Refunded
e23acc58-d454-4ccc-b520-0a3ac5c6de6b,2025/01/22,Netflix,128.29,inr,success,Shopping,A31,SUSPICIOUS
,2025/03/12,Shell Petrol,4873.97,inr,failed,Entertainment,A13,Duplicate?
36fdb652-e09a-4ab1-bd90-d0e9c1545251,2025/12/01,Ola,3169.74,INR,SUCCESS,Utilities,A19,SUSPICIOUS
ed7e4421-a39b-4ef9-8b57-fc279b2cf302,29-01-2025,Amazon,$2331.61,USD,success,Food,A36,Duplicate?
9c79d56b-03df-4985-ba2d-4bab199cea16,17-03-2025,Spotify,$2316.53,USD,failed,Healthcare,A24,Refunded
e0c2813a-6c84-40ce-82c3-685499d472d8,07-08-2025,IRCTC,2296.32,inr,FAILED,Food,A19,Refunded
19b5b6d4-d06a-4322-86dc-2e862434fffb,17-04-2025,Ola,$2953.62,inr,success,,A3,Refunded
3b148d59-e24c-456c-b244-16b44c50561b,17-12-2025,Spotify,4592.91,usd,success,,A46,Anomaly check
f09d7493-4b91-4471-b447-1e5cac4e4a71,25-11-2025,Uber India,2995.66,inr,FAILED,Utilities,A44,Duplicate?
f39501d4-c1d6-4b17-910e-35ecefc37966,30-04-2025,Local Bakery,1911.31,inr,failed,,A30,SUSPICIOUS
26d4d83b-74fc-477c-820f-d72ca2d7f15d,10-11-2025,Swiggy,1848.72,usd,PENDING,Entertainment,A10,Anomaly check
cdc6b2c1-e26c-4140-a104-19ba526a4fc5,2025/02/11,Amazon,$3613.76,USD,FAILED,Shopping,A47,Duplicate?
97b0e559-3b0b-45c9-80a6-739ba6cb4db0,28-08-2025,Local Bakery,$66.69,INR,FAILED,,A29,
64972303-edf2-46ab-8a0b-780e36f9616c,08-06-2025,IRCTC,$4185.64,usd,success,,A49,Anomaly check
619151b1-cbae-44e4-975d-ce8388fb1c8e,28-11-2025,IRCTC,1396.72,USD,SUCCESS,Utilities,A3,Duplicate?
,21-10-2025,Spotify,2195.45,INR,FAILED,Food,A37,SUSPICIOUS
303ab254-ddfb-438c-857d-062581c9ed05,23-12-2025,Uber India,3474.2,USD,FAILED,Cash Withdrawal,A47,Duplicate?
66825d88-d4df-43ed-b3bc-e140442fb24f,2025/01/30,Flipkart,1915.17,usd,Pending,Entertainment,A39,Anomaly check
da9ab067-ff9d-4e5a-9754-8204fae83844,10-10-2025,Ola,2965.59,INR,Pending,,A31,
da9ab067-ff9d-4e5a-9754-8204fae83844,10-10-2025,Ola,2965.59,INR,Pending,,A31,
,01-08-2025,Zomato,4391.13,inr,PENDING,Food,A9,
de74cc12-248a-4975-b2e8-7aff62fd5400,27-11-2025,Shell Petrol,1539.46,usd,PENDING,Transport,A30,Refunded
6783c6d3-ba16-4d76-8e65-d5b5ab596be0,2025/12/17,Flipkart,4994.22,INR,SUCCESS,Travel,A49,Refunded
fb4194f8-d187-4d49-8fce-5517547f991d,20-01-2025,Apple,400.76,usd,PENDING,Utilities,A42,Refunded
2feadba5-f1bf-4539-a0ec-8f8fb353be94,2025/08/23,Apple,3454.55,usd,Pending,Shopping,A29,Refunded
be49aae6-db21-45db-b279-6821550b53ef,2025/10/19,Shell Petrol,1401.96,usd,Pending,Cash Withdrawal,A30,
021b53d1-d9e6-4db9-b0b6-5e98da67e56e,2025/09/15,Uber India,3887.7,usd,SUCCESS,Shopping,A36,Refunded
3d6dba45-f441-4f78-9c4c-8d93470b78b4,09-01-2025,Apple,$362.97,INR,Pending,Transport,A31,
,2025/03/08,Uber India,930.6,usd,PENDING,Shopping,A39,Duplicate?
a02f4e16-fef5-4985-9bf1-a485700dfd9a,2025/02/13,Ola,114.02,USD,SUCCESS,Utilities,A41,SUSPICIOUS
073435ac-c48c-4017-8386-89609b3ff34e,31-10-2025,Google,$3264.67,USD,SUCCESS,,A33,Anomaly check
fa25a657-9b59-40b6-9be4-1bf49172f2e5,15-06-2025,IRCTC,47425.07,USD,failed,Shopping,A43,Refunded
e9c7497f-2a2c-46d3-967f-72267de39dd9,12-03-2025,Apple,$3381.75,INR,Pending,,A39,
0740222f-b68b-46b4-913a-6058b7361575,07-02-2025,Zomato,3004.41,INR,Pending,Travel,A36,SUSPICIOUS
80a17e42-c594-4224-8130-2f647d580579,2025/07/25,Swiggy,363.71,usd,Pending,Other,A40,Refunded
c3041652-f28f-4c4d-8812-42c1973889dc,2025/04/25,Ola,1892.05,INR,failed,Transport,A41,SUSPICIOUS
2a5ca5bb-b927-439e-9f4e-2418f5757261,19-10-2025,Google,2747.86,USD,FAILED,Food,A6,Anomaly check
c2390dd5-f764-40e6-9014-04da587bda4f,2025/04/25,Apple,3239.53,USD,FAILED,Healthcare,A19,Anomaly check
e706c503-bb3a-4279-8c09-3039ef9990c6,2025/03/04,Spotify,1818.19,USD,SUCCESS,Food,A47,
6a41a148-d229-4b3e-b388-3337c5a29d90,2025/12/09,Ola,1906.4,USD,FAILED,Cash Withdrawal,A9,Refunded
8873da86-91da-428c-8b9d-c3e98453a3f0,17-02-2025,Flipkart,$3260.58,inr,Pending,Food,A14,SUSPICIOUS
77400ec2-99f3-415b-8639-bca798059aec,28-05-2025,Google,$841.8,usd,PENDING,Food,A35,Duplicate?
e988d685-f212-4478-b2a7-73cb6fbdcdea,2025/12/20,Swiggy,1226.04,USD,failed,Other,A15,Refunded
e1d8b40e-5cfa-4c83-ae5a-2979cc30a9a1,2025/05/08,Apple,2597.03,INR,success,Shopping,A32,SUSPICIOUS
4f0cda3f-fe07-4069-aed2-c63739a49132,2025/01/19,Apple,1346.49,USD,FAILED,Transport,A46,
1d0db5bb-2a2c-45c8-8b21-e207763ee134,2025/06/20,Local Bakery,1158.54,USD,SUCCESS,Healthcare,A19,Anomaly check
083e5c28-6717-45d5-8b36-42ea7b9959cb,14-05-2025,Apple,1747.29,INR,failed,Shopping,A31,Duplicate?
0f029a04-6b4b-40a8-a4a2-2159fa3ee59e,2025/03/28,Netflix,$802.79,usd,SUCCESS,Entertainment,A22,Refunded
fdb2444e-de5c-4925-bf74-ddb7f113e2bc,05-01-2025,IRCTC,$3595.9,inr,success,Food,A13,Duplicate?
d4351719-1013-4b02-85f1-b50065bcd228,2025/07/27,Amazon,4418.89,USD,success,Shopping,A44,Anomaly check
739d2d26-c101-449f-b315-038ce4871619,30-08-2025,Shell Petrol,1385.6,inr,FAILED,,A26,Refunded
1f177842-e224-44d3-a98c-7d03fcd5776a,2025/07/09,Spotify,2484.6,usd,PENDING,,A46,Anomaly check
13534b2a-0ccc-488a-b2c7-0336adc826e0,2025/09/06,Swiggy,614.38,inr,SUCCESS,Healthcare,A12,
d6d0a8ec-c7f3-45f7-add0-9d572dfb7cb1,23-03-2025,IRCTC,2477.23,USD,SUCCESS,Shopping,A11,
417a40f2-0938-4bc0-8318-20f46e688f93,13-05-2025,Uber India,3979.16,INR,success,Utilities,A17,
d308b1d4-937c-4599-b2c1-bc483a63d650,17-05-2025,Local Bakery,2400.74,usd,success,Other,A44,
d308b1d4-937c-4599-b2c1-bc483a63d650,17-05-2025,Local Bakery,2400.74,usd,success,Other,A44,
9a767cb1-7eeb-4ca2-ba41-da65d8517818,2025/11/01,Spotify,1633.28,USD,Pending,Utilities,A49,Duplicate?
01180b60-3487-42a3-940f-eb19b80becf1,10-09-2025,Shell Petrol,$3803.93,USD,SUCCESS,Entertainment,A40,Refunded
90f27477-71ba-4c02-bc8a-6041083a176a,14-10-2025,IRCTC,3987.68,inr,PENDING,Travel,A19,Anomaly check
1763c08f-03df-4367-9f41-394ccc60a2d2,19-08-2025,Google,289.98,INR,SUCCESS,Food,A23,Refunded
1e5c572b-d686-4b7d-a021-b4af9d49e5d4,12-12-2025,Netflix,4058.7,USD,PENDING,Cash Withdrawal,A32,Duplicate?
30f3a8b4-2270-4531-b2e2-344b42b27347,2025/09/13,Shell Petrol,1495.54,INR,FAILED,Food,A46,Anomaly check
bad2b989-6e9c-486b-889a-babc61bee592,17-09-2025,Ola,$3898.1,USD,Pending,,A8,SUSPICIOUS
5d221f90-4b27-431b-bb4c-4073b8e09dcf,13-04-2025,Zomato,581.78,INR,success,Entertainment,A19,
d3f302cf-c5e1-47e0-9499-9b04de68b576,27-01-2025,Uber India,1099.01,USD,PENDING,Utilities,A35,SUSPICIOUS
948e8e07-ee19-4141-bf4e-320ea8edb8bb,25-09-2025,Netflix,545.82,inr,failed,,A44,Anomaly check
57a51c7d-71a4-4d7d-9331-14ef78efa5ca,11-07-2025,Local Bakery,4564.13,inr,Pending,,A36,Anomaly check
a9234308-112d-43e5-a293-353869dd2058,26-03-2025,Zomato,1949.81,inr,success,,A46,SUSPICIOUS
0d42447b-a5ed-4800-b0ca-860bad28cad9,22-12-2025,Amazon,2809.77,INR,SUCCESS,Shopping,A45,Duplicate?
31bc47ae-1816-4d5e-830c-e35f45d1537f,24-07-2025,Uber India,3798.32,USD,PENDING,Shopping,A7,Anomaly check
5e61342e-8b3f-4c6d-8dcb-0c7a5017c226,28-10-2025,Shell Petrol,$1845.43,USD,SUCCESS,Other,A40,Refunded
531fe764-6126-4c88-ab5f-37514a1af356,2025/01/21,Local Bakery,$1849.24,inr,PENDING,Healthcare,A11,SUSPICIOUS
d26fde2b-2d7a-4c2d-bb06-743f4b948b2e,19-04-2025,Amazon,235.98,inr,failed,Cash Withdrawal,A25,Duplicate?
19b7e6d9-e1a2-4365-b646-026b3a68be16,08-01-2025,Flipkart,$3876.19,usd,Pending,Travel,A40,
5754383e-b3d9-461f-8d4f-61bf480a8e5f,25-02-2025,IRCTC,$29967.03,inr,Pending,,A6,SUSPICIOUS
aca19a8c-ceda-49ba-b249-55b87613788c,22-07-2025,Netflix,70.75,usd,Pending,Entertainment,A24,Anomaly check
a45903b3-1be9-4fbf-aebe-9fb1df83c089,2025/12/15,Local Bakery,$1023.63,inr,FAILED,Shopping,A50,Refunded
869549dd-6f49-4ede-9c61-b1d86e6a5e3a,06-06-2025,Amazon,4637.31,usd,PENDING,Healthcare,A12,Anomaly check
1b96151e-832e-4baa-b7f9-92ca92ae3fc8,2025/08/05,Shell Petrol,$4395.55,INR,FAILED,Entertainment,A15,Refunded
bfa825a6-237c-44b8-9aef-e6d3765c7b11,23-06-2025,Shell Petrol,4407.05,INR,Pending,,A33,Refunded
9d8f426b-5048-4cd1-b15a-44b66e1b61de,12-06-2025,Google,1126.33,USD,SUCCESS,,A32,
149a5774-7752-43ee-9843-5c8c5fc90ce5,2025/02/27,Amazon,1941.57,inr,SUCCESS,,A41,Refunded
19511dbe-4616-43c3-8e0b-63ab3f045be9,2025/03/09,Amazon,3801.18,usd,failed,Shopping,A45,Refunded
cbdc7385-0071-4b1d-a3b1-0acdff12d736,08-01-2025,Swiggy,4119.43,usd,Pending,,A47,Refunded
a7d5ad25-c875-4fb3-9b3d-86764d86a181,05-02-2025,Ola,3789.05,INR,FAILED,Transport,A14,Refunded
bb86ac71-a762-4da6-bb15-0ed64181a9db,02-12-2025,IRCTC,994.3,usd,PENDING,Utilities,A13,
fa0ce8c9-9934-48f1-b334-5a94478da6d2,2025/02/28,Spotify,2719.14,USD,Pending,Transport,A27,Anomaly check
6f7009e0-e4aa-43a4-9cd3-90df6db69ed8,12-05-2025,Swiggy,2021.49,USD,success,Other,A24,Refunded
5daacde0-ce69-417b-8832-8ea95c9c069d,2025/08/13,Google,788.86,USD,SUCCESS,Entertainment,A26,Anomaly check
4aa6b0de-254a-4ce8-938a-151045bbe1ec,2025/01/19,Shell Petrol,131.8,USD,failed,Shopping,A18,
64b68071-cc0e-404c-a1df-351b0ea4276f,2025/11/07,Uber India,2941.69,INR,success,Shopping,A33,
beb8521d-0f72-47a7-aeaa-9ef5c5c11f0f,2025/12/06,Shell Petrol,2269.13,INR,FAILED,Cash Withdrawal,A26,Duplicate?
494bbb0f-2445-4997-a095-b33718a2465d,2025/03/25,Swiggy,3504.16,usd,FAILED,Travel,A43,
3d14b065-b7ce-4b65-90f3-07dedc77dd0f,11-09-2025,Flipkart,942.14,USD,Pending,,A18,Anomaly check
0d1359df-a0e6-4a6e-84fc-cd7df235c445,2025/04/29,Spotify,1136.18,inr,SUCCESS,Utilities,A45,Anomaly check
9150d758-1b3f-4f11-8da8-11eaec466783,28-12-2025,Ola,2090.36,USD,SUCCESS,Utilities,A16,Anomaly check
5a436ca3-91fe-478b-b5a7-e71f03a03649,2025/09/05,Flipkart,2178.55,INR,PENDING,Entertainment,A30,SUSPICIOUS
,2025/11/26,Swiggy,3960.21,USD,PENDING,Other,A31,SUSPICIOUS
b1c9a658-d4c3-41bf-95c0-cf251cc37380,2025/01/15,Swiggy,461.17,INR,Pending,Other,A47,SUSPICIOUS
6f66b665-c614-48fb-9aa3-29dd191cc486,2025/12/09,IRCTC,3742.69,INR,FAILED,Shopping,A2,Duplicate?
9f5e8887-33b4-4aa1-b8bf-13dfea5bc163,25-05-2025,Flipkart,$2248.01,inr,SUCCESS,,A14,SUSPICIOUS
8ac8fc33-a997-4c42-bca9-837348dc0f1d,23-12-2025,Swiggy,4567.45,INR,failed,Other,A12,Anomaly check
3637a127-7f81-472c-a97b-112fc6b0839d,2025/08/03,Netflix,2461.18,usd,success,Transport,A45,Duplicate?
3637a127-7f81-472c-a97b-112fc6b0839d,2025/08/03,Netflix,2461.18,usd,success,Transport,A45,Duplicate?
36483ce4-bb6b-49ac-8423-a40a8e7731b1,20-11-2025,Flipkart,3054.35,usd,PENDING,,A48,
8b466302-eca8-4912-91d9-ea6c0a1bf886,2025/04/19,Swiggy,$683.01,USD,success,,A40,
aeca9269-edd4-48e0-85c6-9e0a45dc40e3,19-03-2025,Spotify,$4366.96,USD,Pending,Utilities,A39,
,2025/05/27,Local Bakery,1529.69,inr,SUCCESS,Entertainment,A40,SUSPICIOUS
58614612-93cc-4458-8706-4f18fd38cc5f,17-09-2025,Amazon,3561.3,USD,Pending,Travel,A1,Refunded
514c172e-d4f6-4b9e-8168-81073d646cf9,2025/08/31,IRCTC,2855.93,INR,success,Transport,A36,Anomaly check
01f86033-c12d-43aa-b012-7539dc0ec88e,28-03-2025,Uber India,4838.23,INR,SUCCESS,Other,A21,Duplicate?
6b4504af-f8aa-41bd-9b83-aa4ce84a00fa,2025/12/20,Ola,3156.67,inr,SUCCESS,,A14,Anomaly check
af2a1470-2803-41f5-8e5e-5b7d174c038b,06-11-2025,Google,3746.95,inr,SUCCESS,Shopping,A24,Duplicate?
87d40610-7292-4fc2-8e9e-6e07d42b523b,27-08-2025,Netflix,$49521.79,INR,PENDING,Utilities,A22,
f682b74e-185d-451a-9655-d688ef85a8c4,24-02-2025,Local Bakery,2495.0,inr,FAILED,Transport,A31,Refunded
3e389b22-30ea-4238-90de-f8260bdf132e,2025/10/30,Flipkart,878.46,usd,PENDING,,A18,SUSPICIOUS
,05-06-2025,Google,1616.3,USD,success,Utilities,A13,Anomaly check
705ad8c8-710c-4714-9154-63e95c439c78,22-08-2025,Amazon,4697.32,usd,FAILED,Other,A29,Duplicate?
3be7cc30-ddfd-4b08-861a-620aa47a5b84,2025/04/23,Spotify,3510.73,inr,failed,Other,A42,
9dddd9b4-a32b-4486-8ffe-98e3e5791b1f,20-04-2025,Spotify,4728.4,inr,FAILED,,A37,Refunded
8b8f31b3-8635-464b-82cb-2cfe4fe2a2bc,02-09-2025,Netflix,1585.9,inr,Pending,Shopping,A18,
fd883af8-fe89-4c1b-a79a-c9b8134fe06d,2025/05/25,Apple,4585.89,INR,Pending,Healthcare,A27,Refunded
596a9a54-effd-4d33-98f5-92f6278e456e,03-12-2025,Apple,$3032.19,USD,FAILED,,A20,Refunded
35bcd949-f5e0-407b-9be1-656b9d22105a,2025/07/04,Local Bakery,4679.9,USD,SUCCESS,Food,A23,Refunded
,17-01-2025,Google,4953.42,USD,PENDING,Other,A24,Refunded
5254ded7-f2f4-4961-9de3-303215080a51,2025/05/24,Local Bakery,$2223.09,usd,success,Healthcare,A50,Duplicate?
f31a4a7f-d60f-4300-a52c-e73ec06e0b7f,08-02-2025,Zomato,134.32,INR,PENDING,,A19,
f279cd5a-c6fa-43ef-b8aa-6faaf4a81324,2025/06/18,Spotify,900.62,INR,failed,Entertainment,A19,Refunded
31916e7c-9bbf-47c5-8132-53f096411742,16-04-2025,Local Bakery,4346.37,USD,FAILED,Cash Withdrawal,A17,Duplicate?
c4fe91af-0ebf-4e7a-897d-073de4d3987d,2025/04/26,IRCTC,2167.67,INR,SUCCESS,Food,A15,Anomaly check
756c9bb6-f699-4b87-955e-e27a9ea632a8,2025/01/01,IRCTC,2385.27,INR,FAILED,Food,A26,
558821f5-dc6a-43c3-9464-7b5460f61aa0,28-12-2025,Amazon,3522.12,usd,failed,Utilities,A49,Duplicate?
,2025/11/20,Local Bakery,316.06,usd,failed,Cash Withdrawal,A16,Refunded
8768755d-0303-4d68-8111-f8705408cf25,22-01-2025,Google,$4091.73,inr,FAILED,Other,A22,
a8bc1b02-dd7f-4590-b0ea-28697fecf34a,22-04-2025,Zomato,67.17,USD,success,Food,A40,Anomaly check
85585234-badb-4af5-871a-5f2bce106126,2025/09/27,Apple,3267.6,inr,failed,Transport,A49,Refunded
7c28caad-996b-4583-a166-5934ba85181c,2025/07/09,Ola,1195.95,usd,success,Utilities,A36,Refunded
3bef82fa-bf11-4b84-a0dc-9aa43375a8f3,23-01-2025,Swiggy,$3819.05,USD,failed,,A37,Anomaly check
7ba62b31-69e4-4fef-9d7d-6674ff0fa9d7,13-12-2025,Local Bakery,1175.06,usd,PENDING,Utilities,A36,Duplicate?
fe8b0d3c-bc78-4b41-8dc5-1c5b7acbe997,2025/02/27,Netflix,3977.62,usd,FAILED,Shopping,A2,Anomaly check
fec995da-4dcd-46fd-b4ba-8acc8c1eaf88,2025/04/17,Swiggy,$1081.32,INR,SUCCESS,Travel,A23,Duplicate?
9e969d99-2f51-4d34-8297-d236829190f9,2025/03/22,Local Bakery,1644.67,inr,SUCCESS,Entertainment,A4,
a66385e4-4858-4e94-a555-e3709ecf1c83,03-02-2025,Ola,2064.65,inr,Pending,Cash Withdrawal,A38,
abed65df-af0c-472d-80b4-93d676548442,2025/06/10,Apple,$1694.52,usd,failed,Entertainment,A1,Anomaly check
cca42703-f3ab-4948-b202-d5f6c6d6b9ea,15-05-2025,IRCTC,677.15,inr,SUCCESS,Entertainment,A35,Refunded
4d4b9e2b-3b16-4107-ac85-d5eee3b953a9,01-09-2025,IRCTC,$3978.21,USD,FAILED,Entertainment,A18,Refunded
68a761e4-1ccf-4212-a76d-6aea0fbd007b,11-11-2025,Google,1404.87,inr,FAILED,Food,A11,
70ffa987-6da8-4d93-bae3-016e4d52d727,2025/05/29,Uber India,4416.93,usd,PENDING,Other,A41,Refunded
df67b297-f9ff-47fb-b58c-fc3c71f335ed,09-10-2025,Ola,$4343.5,INR,Pending,Transport,A29,SUSPICIOUS
a22a4ecc-9a2d-4225-a9a5-a921c2ff963c,12-10-2025,Amazon,$225.33,INR,SUCCESS,Cash Withdrawal,A32,Anomaly check
1f0d371d-1365-4293-8913-55d716d02a64,09-04-2025,Zomato,3156.76,usd,failed,Transport,A3,Anomaly check
e068f8dc-9217-4d60-8cd3-0b8fe66aa710,2025/12/20,Google,$2551.44,USD,SUCCESS,Travel,A12,
93ccf48c-7c01-49e9-9cca-93c9ce2f38dd,08-10-2025,IRCTC,3749.71,inr,Pending,Healthcare,A28,Anomaly check
be29e73a-a0e1-481c-8e52-30412f888b4d,2025/07/20,Zomato,4365.54,INR,SUCCESS,Other,A17,Anomaly check
b02ce57f-cce5-4801-8c17-fb6fba6fb240,2025/06/22,Amazon,$4023.66,inr,SUCCESS,Utilities,A32,
7ff80945-1c10-4f9c-9602-0d6ee706601b,2025/03/24,Uber India,4763.35,INR,Pending,Healthcare,A39,SUSPICIOUS
aafb99bf-a071-40bb-ac00-cf749e8b094c,07-04-2025,Spotify,$4546.67,USD,success,,A48,Refunded
e1780658-fd73-4c52-b52c-295982a7ebe3,21-08-2025,IRCTC,$815.62,INR,SUCCESS,Utilities,A35,
b1d85c65-8c4b-4146-a1e5-93b77429da34,14-09-2025,Amazon,178.37,inr,SUCCESS,Healthcare,A10,SUSPICIOUS
0b2dc119-c339-44c1-8442-8f8d15f960da,2025/07/10,Swiggy,1677.64,inr,failed,,A41,Refunded
f5388b09-8cc1-411d-90d1-04308c274963,05-07-2025,Google,$3556.21,usd,PENDING,Entertainment,A37,
9cec5a06-a0bd-458c-b1f0-d4d934fa77f5,11-08-2025,Flipkart,4712.32,INR,Pending,,A1,
4ec5978e-dcfb-4dfd-afdb-cf3a9563559f,18-02-2025,Ola,4786.53,inr,PENDING,,A20,Anomaly check
7c063205-4736-471e-affc-b59fa2583ca3,2025/03/26,Flipkart,4816.42,usd,failed,,A23,Refunded
5156615e-5969-4e7a-9548-409666236159,2025/02/21,IRCTC,3323.51,inr,failed,Healthcare,A2,
,02-07-2025,Apple,1660.03,usd,SUCCESS,Entertainment,A46,Anomaly check
344bfe91-6caf-455d-a844-913dbed805a0,31-05-2025,Uber India,1892.31,USD,FAILED,Travel,A48,
,2025/05/28,Spotify,$783.78,usd,failed,Food,A7,SUSPICIOUS
c1d26a7c-3299-413d-8eff-c907faa6256d,09-05-2025,Flipkart,2896.14,inr,success,Other,A40,
b97ca13c-954c-452d-ab94-c7ea2919f074,29-07-2025,Google,1159.32,inr,Pending,Healthcare,A38,
a6c28994-27d0-4064-917d-43025f691eab,04-05-2025,Amazon,3326.06,USD,SUCCESS,Cash Withdrawal,A21,Anomaly check
b274533d-834a-4ab9-8310-94f0c975be05,2025/08/08,Amazon,1464.86,USD,SUCCESS,Utilities,A38,SUSPICIOUS
5008a526-f27c-411d-bd30-9bc7dfd24306,2025/05/20,Flipkart,$23.23,USD,failed,,A15,SUSPICIOUS
,2025/05/16,Flipkart,571.43,usd,failed,Utilities,A14,SUSPICIOUS
f5373a9b-34d8-41d3-aee6-38e8b74d1701,04-02-2025,Flipkart,$1751.63,USD,Pending,Shopping,A33,Anomaly check
15806622-2b0f-4888-8d48-de204129a3fa,2025/07/11,Shell Petrol,3144.54,USD,PENDING,Utilities,A20,SUSPICIOUS
b4a23d7a-3b66-45a3-ac8f-01625121d8ae,2025/08/28,Apple,$3677.0,usd,Pending,Transport,A41,Refunded
,2025/03/01,Google,$1264.11,usd,success,,A49,Refunded
0bf24037-f237-4f3c-bc8a-40ed3fd0c479,13-05-2025,Zomato,$1827.0,usd,FAILED,Food,A50,
3891ddee-c4fc-458e-b0e6-76982d069e3b,2025/08/05,Swiggy,4868.17,inr,SUCCESS,Food,A28,SUSPICIOUS
be557299-34b9-4636-b1fe-28f58e92e7fe,2025/03/21,Shell Petrol,3497.29,usd,PENDING,Entertainment,A19,SUSPICIOUS
4a4a59bf-bb31-4760-a9c9-ebde69cce1dc,2025/09/01,Zomato,2128.69,inr,failed,,A18,
4a4a59bf-bb31-4760-a9c9-ebde69cce1dc,2025/09/01,Zomato,2128.69,inr,failed,,A18,
eba5d52a-549d-4973-8fdc-c0a8d33b0692,09-05-2025,Ola,714.24,usd,SUCCESS,Transport,A28,
0bb3b4d4-47f9-4d21-8253-8b7abd2ce632,06-08-2025,Ola,359.13,inr,Pending,Utilities,A15,Duplicate?
07117332-4cc4-4da5-bc55-3524115c3138,17-07-2025,Ola,$263.33,USD,FAILED,,A46,Duplicate?
1fcda298-7c2e-43de-8958-214fb802fcec,2025/12/02,Zomato,4875.3,INR,Pending,,A6,SUSPICIOUS
e83a2e0c-eabf-4dec-85ce-f1dbf1465226,26-02-2025,Amazon,1506.68,usd,FAILED,Transport,A19,SUSPICIOUS
654e4393-bf2b-462f-b59f-839897458029,2025/02/13,Ola,934.85,INR,SUCCESS,Entertainment,A10,SUSPICIOUS
9b877a41-15e1-4f60-9e02-38a17036273b,21-07-2025,Amazon,1408.98,usd,PENDING,Cash Withdrawal,A9,Refunded
55040531-66f0-4c45-8011-ed880e0ae342,05-01-2025,Google,1684.13,usd,failed,,A13,Duplicate?
37ed1565-3324-48e0-b6f5-71d607c06fac,2025/08/26,Swiggy,$1142.33,INR,SUCCESS,,A1,SUSPICIOUS
3e1cbf24-c8df-414e-9f8c-7c383d6a66ad,16-07-2025,Spotify,$2342.95,USD,Pending,,A16,Duplicate?
17ff7939-b9d8-489b-ace0-64feecded956,2025/12/01,Shell Petrol,1253.96,inr,failed,Healthcare,A17,Duplicate?
,2025/01/26,Zomato,2840.94,INR,SUCCESS,Utilities,A13,SUSPICIOUS
9120aeec-4a78-4a3c-9c38-cffb8248c5c6,23-10-2025,Swiggy,4384.2,inr,SUCCESS,Cash Withdrawal,A18,
,09-09-2025,Uber India,4022.39,USD,failed,Shopping,A39,Anomaly check
be91b0d2-a6bb-414e-8af9-4d73f47b0010,13-04-2025,IRCTC,4440.88,inr,PENDING,,A38,SUSPICIOUS
54c5f1d1-ab4a-422a-935f-29807f4e449d,2025/12/26,Amazon,$726.02,inr,PENDING,,A5,Refunded
ed761999-7bcb-439d-ae32-b2ad57fe40b6,2025/09/08,Swiggy,$2552.33,usd,failed,,A48,SUSPICIOUS
6cb79c69-4a6b-4272-89d7-eb2670554fc4,2025/06/23,Shell Petrol,4066.32,usd,FAILED,Transport,A5,Refunded
890a5a10-4f04-438a-a974-cfba46741a9d,24-05-2025,Apple,$2119.76,INR,PENDING,,A1,SUSPICIOUS
0bf5ffbb-2bb8-41a4-9d25-59e2dd1a6431,2025/01/10,Spotify,3782.68,INR,PENDING,Food,A41,Anomaly check
b8354ab1-db58-4d86-bc07-b4f24a844723,2025/01/01,IRCTC,$1843.56,usd,Pending,Food,A32,Refunded
086cdce4-d346-40f3-802c-9e38411b4c5f,07-06-2025,Spotify,2148.49,usd,FAILED,Entertainment,A31,Duplicate?
f3fdef54-2cf2-429a-8c27-f515afb4db82,26-10-2025,IRCTC,470.65,INR,success,Other,A22,SUSPICIOUS
a19aac13-895b-40f7-8a9e-b98911e9e6a2,2025/10/15,Spotify,$1286.05,usd,success,Healthcare,A9,
daa732b9-f77d-4f32-9010-ac0ea56f49e2,15-04-2025,Zomato,108.19,USD,success,Transport,A43,
10eedb83-a7ef-4468-99f9-c7530798c179,2025/12/09,Netflix,3276.73,inr,PENDING,Other,A30,
92de7782-d798-4c37-87ce-a244e13b65ca,2025/09/13,Zomato,4990.53,USD,Pending,Entertainment,A8,Anomaly check
76156539-f20d-4e12-b464-1d184636fb18,2025/05/24,IRCTC,$4139.76,USD,failed,Food,A22,SUSPICIOUS
e96f5835-89d3-4848-a5eb-061653e87989,28-06-2025,Google,4739.54,inr,success,Food,A49,Duplicate?
d84e0558-a127-4489-9046-ce8f8e3b8b69,2025/07/31,Google,$59.41,INR,FAILED,Other,A18,SUSPICIOUS
671facdf-d1e4-4bc8-9954-9efdfba9ae14,13-10-2025,Spotify,415.01,INR,FAILED,Cash Withdrawal,A24,Duplicate?
7ce6ff1d-3721-4861-a2fe-6cc79aa2102d,08-07-2025,IRCTC,$277.72,inr,success,Transport,A6,SUSPICIOUS
ec55d74c-f8ff-4dc4-b07a-82a246a095d6,20-01-2025,Ola,4081.76,USD,success,Cash Withdrawal,A50,SUSPICIOUS
30eb9e45-0da6-4045-a85e-05c604b1ce3e,08-11-2025,Spotify,2830.97,inr,Pending,Entertainment,A15,
696303aa-b29f-4fff-8a62-6209cd339db8,2025/05/30,Ola,1145.33,INR,FAILED,Other,A30,SUSPICIOUS
f5be3e1b-6980-42b8-860b-692525856f16,12-09-2025,Netflix,3244.51,usd,FAILED,Food,A36,SUSPICIOUS
2995fb87-a2e2-4047-82c0-e28d63e1b8aa,2025/04/16,Apple,74.92,INR,success,Shopping,A19,SUSPICIOUS
4fef1098-d713-4681-ba2f-a73d72bc8f0d,2025/11/11,Ola,2942.71,INR,FAILED,Shopping,A23,Anomaly check
bb41e591-e5e1-451b-aa8d-bbd9e71bb19d,21-11-2025,Local Bakery,$872.43,INR,FAILED,Healthcare,A13,SUSPICIOUS
0afe19d7-ad23-4729-955c-1c0bb85c0283,2025/03/01,Spotify,1241.45,USD,SUCCESS,Food,A41,Refunded
e1f0c95d-5b0e-4339-80f9-3c2d458aae62,06-03-2025,Swiggy,1169.67,INR,failed,,A32,SUSPICIOUS
fb8ab179-af07-4c66-9f84-83ef00255efa,2025/09/11,Ola,860.53,usd,SUCCESS,Utilities,A4,Anomaly check
08820bc3-f075-4c54-8548-ca7a6596aaac,2025/10/14,Local Bakery,1686.19,USD,PENDING,Shopping,A46,Duplicate?
bf855c38-fec6-46ca-a38d-1bbd22bfc493,09-03-2025,Shell Petrol,3881.18,USD,success,,A40,Anomaly check
6bf2947b-237c-402a-9a9b-5256085ca991,01-06-2025,Shell Petrol,2588.64,usd,FAILED,,A4,Anomaly check
89bee230-6eb5-4f52-9a51-fd3d90aede9a,2025/01/31,Netflix,$4941.5,USD,failed,,A22,Duplicate?
ff61b6df-244b-422f-80b8-9953ece6f64f,15-11-2025,Swiggy,4895.0,usd,Pending,Transport,A16,SUSPICIOUS
,2025/08/02,Local Bakery,832.04,inr,SUCCESS,Shopping,A32,Refunded
a77d8580-b36a-4134-887a-3cf6f0b593d5,2025/03/12,Ola,$4821.77,inr,failed,Healthcare,A31,
b63b5430-5df8-42b0-b9fe-7eec9d147b60,21-08-2025,Amazon,$4073.66,USD,success,Entertainment,A32,
abc4b587-5d24-4680-aa80-a903d2aef7ae,24-05-2025,Uber India,4226.4,USD,FAILED,Healthcare,A6,Anomaly check
0072a89b-957f-4d98-a624-7b8aca5aaefc,03-11-2025,IRCTC,120.62,USD,failed,Cash Withdrawal,A18,Refunded
773170dc-fefc-43ee-97f3-7d8744c84167,12-08-2025,Netflix,1041.19,inr,FAILED,Food,A43,Duplicate?
2a349108-2f46-4079-89d1-19e5bf176b7c,24-07-2025,IRCTC,3073.96,USD,failed,Healthcare,A29,SUSPICIOUS
fac5e7aa-f3f8-42db-98f0-64ca94e66797,18-01-2025,IRCTC,36085.52,INR,FAILED,Transport,A26,Anomaly check
435e0795-49a8-4c2c-9d60-ba71a678fd31,2025/09/21,Netflix,3109.01,inr,SUCCESS,Shopping,A44,Duplicate?
,2025/04/09,Zomato,$1424.11,inr,success,Utilities,A11,Duplicate?
7f16363c-8433-4e48-a7eb-7076de80860a,12-11-2025,Ola,$2606.1,inr,PENDING,Food,A50,Refunded
0630c6c9-8ebd-449f-8aed-a5b9d8d2d51c,2025/08/13,Uber India,637.59,INR,success,Other,A4,
ee4cdc2a-209c-468c-a2c7-7f58303a423b,27-11-2025,Amazon,1984.52,USD,PENDING,Other,A48,Refunded
9d6e7761-9c11-440f-9c7b-716b8a23c106,20-05-2025,Uber India,2210.24,usd,SUCCESS,,A47,SUSPICIOUS
,10-09-2025,IRCTC,$1622.8,usd,SUCCESS,Transport,A7,Anomaly check
656e5193-f7ab-429c-b1fa-f284be1736d9,2025/09/15,Spotify,504.64,usd,PENDING,Shopping,A5,
d8cde17f-d89b-4fcf-a96e-1f75c802714c,2025/08/15,Flipkart,3384.05,INR,SUCCESS,Transport,A31,
87668d8e-dbbb-4a7d-9aea-b7b2225638e4,23-04-2025,Local Bakery,299.61,usd,success,Food,A21,SUSPICIOUS
,2025/12/28,Zomato,1966.59,USD,SUCCESS,Entertainment,A20,Duplicate?
bd00dc99-46cf-4043-926a-cccbd2b0e201,2025/03/01,Apple,1617.07,INR,SUCCESS,Food,A49,Duplicate?
64aa067a-479d-4da3-a622-4e1411c26dfe,2025/08/24,Amazon,2625.71,INR,FAILED,Food,A16,Anomaly check
56203fc8-53ac-4996-9467-f40bf9caf70e,23-06-2025,Zomato,$3964.59,USD,Pending,Healthcare,A4,Refunded
4eb95acd-8107-4cad-bcb4-faeb5c6e3a11,16-05-2025,Spotify,$3139.89,INR,PENDING,,A43,Refunded
34f5e154-8386-401e-9fe0-153835942894,2025/01/28,Spotify,$3517.89,inr,SUCCESS,,A10,Duplicate?
db5c4d2c-42e7-4e4a-824b-046fb64f5176,05-10-2025,Google,54.27,INR,SUCCESS,Entertainment,A44,Duplicate?
92df4c99-17d2-46a1-a991-0df97ca2c343,2025/10/09,Spotify,493.3,USD,SUCCESS,Utilities,A48,SUSPICIOUS
f9493973-3687-439b-a6a3-5b6b2d4c4191,2025/11/04,Uber India,991.87,INR,FAILED,Transport,A22,Anomaly check
f99670ec-5e31-4090-b86d-9f046b4ff34e,2025/09/09,Netflix,2205.04,INR,success,Transport,A35,Duplicate?
ef3c551c-9394-4520-9f9b-644cb1932109,07-07-2025,Apple,4354.62,inr,Pending,Utilities,A43,Anomaly check
db336d09-e507-4281-b735-c86a11c88c49,2025/04/12,Amazon,3239.44,USD,Pending,Transport,A31,Duplicate?
d19c19bd-754e-49ff-b2db-568bb12b36f6,2025/12/28,Netflix,2687.95,INR,failed,Other,A29,Anomaly check
ab19d8c0-a403-4303-a63e-add8540d21e3,25-10-2025,Swiggy,$2351.43,usd,failed,,A22,Anomaly check
a9db7088-5fa4-4d13-ab00-3cd16666416d,2025/08/12,Amazon,2641.06,USD,FAILED,Shopping,A18,Refunded
30694906-a4ae-4113-ab8e-69e6eafe7651,25-08-2025,Apple,3786.12,usd,failed,,A2,
77b9ad15-6d96-4f21-8857-a76d2808348c,09-09-2025,IRCTC,$1935.8,INR,FAILED,,A5,SUSPICIOUS
372addcc-47d4-42f7-8c6a-ab240fdf5c8e,23-06-2025,Spotify,909.74,usd,FAILED,Other,A40,Refunded
96aebf75-2651-4209-ae3b-d9dcd2c01247,05-04-2025,Zomato,394.52,USD,SUCCESS,Entertainment,A46,Duplicate?
709141e0-e5e7-40a0-aa0b-46f2a052faab,07-12-2025,Shell Petrol,$4131.78,inr,SUCCESS,Other,A31,Refunded
ce1c498b-4027-4a49-94e8-adee82641aa0,29-06-2025,Flipkart,1144.92,USD,FAILED,Utilities,A30,Refunded
2cbac6f9-501e-4382-8af0-b5307c88681d,2025/10/24,Flipkart,$3621.27,USD,success,Entertainment,A5,SUSPICIOUS
43ca97f9-69e8-45b6-b6fd-031eec72db37,2025/04/26,Shell Petrol,41480.86,USD,PENDING,Entertainment,A12,Duplicate?
f24b5a15-45cb-4a08-a343-0d5cefcda8a6,25-05-2025,Flipkart,2157.99,inr,SUCCESS,Utilities,A36,SUSPICIOUS
e2bedeb3-44b0-42be-aee5-235aa0ea1785,2025/02/03,Uber India,748.8,inr,FAILED,Utilities,A3,
a7359255-e6da-4591-8102-cecfc4521642,2025/03/17,Flipkart,4045.92,USD,SUCCESS,,A5,
8976235f-d943-4d9e-ba95-12de4703bdb7,2025/04/15,Flipkart,1073.09,USD,PENDING,Food,A1,Refunded
1e4b13ec-6615-4a0c-b163-2bc345e8013e,22-03-2025,Local Bakery,3190.25,INR,Pending,Shopping,A45,Anomaly check
72fd8620-ecd8-4a8b-aec5-c99614316c1f,2025/02/10,Netflix,294.51,inr,success,Utilities,A15,Duplicate?
288b765b-3fb1-4c58-90e3-607826fc5c02,26-11-2025,Google,4717.1,inr,SUCCESS,Food,A40,Duplicate?
02ec1f12-075d-48b7-bb04-bb3c4ae006af,28-10-2025,Ola,3322.16,inr,PENDING,Healthcare,A43,
de3fdc38-2cf3-4d74-8202-011ac88588f6,2025/05/01,Ola,1430.36,USD,failed,,A36,
5871785c-ecdb-4b57-89ae-bbd47ed3be76,14-05-2025,IRCTC,$2348.34,inr,FAILED,Travel,A48,Duplicate?
9beee5bb-2f16-4366-89e2-b48cf0af3b83,2025/12/17,Swiggy,691.36,USD,failed,Shopping,A33,Duplicate?
db6c07bb-5952-41dc-a95e-6b9a7ec354cf,2025/05/09,Shell Petrol,2085.93,USD,PENDING,,A22,
cb1ad921-aff5-40b6-82be-3b6b905ce65d,04-12-2025,Apple,606.7,inr,PENDING,Shopping,A7,Refunded
a1a3a912-ef82-4e9d-a249-754c8fb1f16a,2025/09/29,Flipkart,2225.82,USD,PENDING,Travel,A13,Anomaly check
f77016e1-33ee-43d7-bddc-5e04ad85da0b,2025/03/11,Amazon,$3331.52,INR,SUCCESS,Food,A49,Anomaly check
d5535095-3c8c-4fa7-89e6-824767ff31d8,11-04-2025,Flipkart,2359.08,usd,Pending,Cash Withdrawal,A10,SUSPICIOUS
7a34c197-3b73-4403-bb01-e20245c480cb,2025/04/09,Amazon,2847.7,INR,FAILED,Utilities,A18,
86dccd7e-8125-4483-b88d-129df9a89f27,2025/07/07,Apple,2148.75,usd,Pending,,A49,Refunded
9b4898a7-aae1-42c5-915f-000ddad6fbfa,30-01-2025,Netflix,$4392.18,USD,FAILED,Transport,A43,
557001dc-4199-4547-bf7b-3dcf68c7a88c,2025/02/01,Zomato,$1966.71,INR,Pending,Entertainment,A24,
b05959de-313b-4600-a31a-1320fddc1d23,2025/03/18,IRCTC,2882.12,INR,success,Shopping,A19,Refunded
134dc045-61ed-46c7-9561-ac6594d75716,2025/03/14,Google,2091.19,INR,success,Utilities,A43,Anomaly check
245410e8-1ac1-4c0e-960d-16029a999ad5,2025/10/08,Netflix,4359.16,INR,PENDING,Shopping,A36,Duplicate?
d20d82d7-584e-4f32-99a0-0d70c02031dc,2025/11/14,Flipkart,$1515.17,inr,Pending,Travel,A4,Refunded
a5e51d46-d0bc-4ea4-ab02-11df97fc427e,17-04-2025,Amazon,1679.76,USD,Pending,Entertainment,A21,SUSPICIOUS
4e089dc4-ecdc-4fda-8e8b-7eadc4aa7202,06-01-2025,Zomato,$2344.48,USD,success,Other,A32,Refunded
a4a9e8bf-418f-4fbe-a100-5af3d0b0b84d,22-05-2025,IRCTC,3487.38,inr,failed,Utilities,A13,SUSPICIOUS
73ba9568-2ced-49b2-8070-af567dc5f34f,2025/12/20,Amazon,3046.68,USD,SUCCESS,Food,A20,SUSPICIOUS
2ae3a4b8-552d-4660-89a4-1c9405a89cfb,05-08-2025,Uber India,4569.57,inr,PENDING,Cash Withdrawal,A37,SUSPICIOUS
609883d2-1123-474c-b046-c95b8b9e79eb,2025/12/08,Local Bakery,3016.44,usd,failed,Food,A42,SUSPICIOUS
b51158b5-fe08-44d1-aa82-8e85728f164c,14-09-2025,Amazon,4576.67,usd,FAILED,Cash Withdrawal,A26,Anomaly check
02f1d704-370e-48b0-be36-f84f5a28c909,2025/03/15,Netflix,2037.91,USD,PENDING,,A30,SUSPICIOUS
de280536-49c5-413f-90b9-db80762579e4,01-07-2025,Zomato,$4976.62,INR,SUCCESS,Food,A28,
1100dd43-8883-4dd4-b878-40465816ec17,14-09-2025,IRCTC,$2454.42,USD,FAILED,,A49,Duplicate?
9ad84a3c-180c-4465-90bb-02bd56987751,2025/12/08,Ola,4197.14,INR,SUCCESS,Transport,A41,Duplicate?
17464042-c51a-4aa4-a48d-3d2a9d04cee3,16-12-2025,Apple,$4753.64,INR,failed,Travel,A6,Anomaly check
1dc87bb1-b3e1-4f2f-a720-9df8dd0cebba,2025/12/03,Spotify,4212.88,INR,FAILED,,A44,Refunded
d00ea587-54ff-4126-a53b-d5a7d67792cd,2025/05/27,Google,4918.31,INR,failed,Transport,A44,Anomaly check
c133a1c4-a4cd-4032-b568-d8cfa90dce99,30-07-2025,Local Bakery,3315.95,inr,PENDING,Utilities,A4,Refunded
3d7602f7-3412-4d5a-9487-2984d1b57a67,19-06-2025,Swiggy,$2742.24,INR,failed,Food,A4,Refunded
7c2a9e9a-127a-4081-837a-272553dcdc4d,2025/10/21,Flipkart,1043.57,usd,SUCCESS,Healthcare,A45,Duplicate?
9b32a75b-97cd-494d-880a-811505c3be38,07-04-2025,Amazon,3024.77,inr,Pending,Transport,A7,SUSPICIOUS
ad9413d5-2354-4305-945c-65c9abfc414f,03-10-2025,Swiggy,4838.06,INR,failed,Food,A30,SUSPICIOUS
4848310e-b336-4d54-b510-4458fe5e02b1,09-04-2025,IRCTC,4008.63,USD,PENDING,Food,A9,Anomaly check
668017bc-2499-4f9e-b700-5ab171bb27b6,2025/05/03,Spotify,1202.88,USD,Pending,,A47,SUSPICIOUS
e54b2a86-afad-4762-92e7-d6f01d340570,20-11-2025,Shell Petrol,2003.04,INR,SUCCESS,Entertainment,A28,Anomaly check
1c47a0d7-a59a-49e9-acd0-ff6ff38a77c1,2025/07/27,Uber India,$4155.74,INR,failed,,A14,Duplicate?
787ad93c-cde9-493d-865a-e7252fb1f8cd,2025/08/25,Ola,2809.32,inr,SUCCESS,,A38,Refunded
6a70b414-aacf-42b2-92af-7af733cc972b,2025/11/01,Local Bakery,3135.45,inr,FAILED,Transport,A31,Refunded
0f05f7a0-f086-4e5d-ae0b-30dfdb252c8a,2025/09/17,Apple,557.17,USD,success,,A49,Anomaly check
e0f80e57-0131-43d3-9432-408ec7768ab7,2025/12/10,Shell Petrol,3545.72,inr,PENDING,Shopping,A30,SUSPICIOUS
5362f179-7d63-4991-8ba1-4d2817d38bda,2025/04/11,Uber India,$4018.35,USD,failed,Transport,A49,SUSPICIOUS
20791d2d-ff56-439a-94bd-f492f4c422fb,25-11-2025,IRCTC,$2498.4,USD,SUCCESS,,A32,Refunded
2a6cf9fd-cb52-42c1-9e52-39e088dc9abe,2025/12/19,Swiggy,3367.98,usd,SUCCESS,Other,A48,
,2025/01/03,Google,2782.76,INR,SUCCESS,Utilities,A47,Refunded
5b857504-8df7-43f6-be6f-548c71a139b1,2025/07/16,Apple,$1137.9,inr,FAILED,Cash Withdrawal,A3,Anomaly check
44c19194-ac83-4889-91ac-e6258a47c756,01-06-2025,Swiggy,3026.03,usd,SUCCESS,Other,A13,Refunded
c3dff86f-ba78-4fc2-8e51-3f3359771089,2025/08/15,Swiggy,25390.64,USD,FAILED,,A44,Anomaly check
c3dff86f-ba78-4fc2-8e51-3f3359771089,2025/08/15,Swiggy,25390.64,USD,FAILED,,A44,Anomaly check
a827ac86-a65e-42a1-8235-2fc50a9a1324,18-11-2025,Flipkart,1782.34,USD,Pending,Shopping,A16,Refunded
da7c8af5-fc36-49b1-a7cd-d9cffcd25eb5,26-10-2025,Spotify,606.99,USD,FAILED,Food,A32,SUSPICIOUS
,2025/07/27,Ola,$835.12,usd,failed,Shopping,A33,
cbb9786d-2288-47dd-aa5b-901340553acd,2025/05/22,Local Bakery,4653.24,inr,PENDING,Food,A28,Anomaly check
f9859038-d32d-4921-98ca-15a676c7255e,2025/11/13,Flipkart,4789.55,INR,Pending,Shopping,A22,
f81e0a59-0856-4d04-a4ec-7d4091c142b4,2025/02/25,Zomato,$540.05,inr,SUCCESS,Other,A33,Refunded
ae30fd78-e011-478c-9980-174ad2d0efa1,28-06-2025,Ola,3140.42,USD,success,Transport,A15,Anomaly check
bd660e7a-7e78-4e6f-b5bd-ce432dd56f85,29-10-2025,Uber India,2375.03,INR,failed,Cash Withdrawal,A27,Duplicate?
,18-03-2025,IRCTC,4634.33,INR,failed,Entertainment,A35,Anomaly check
a0c2bad8-382c-4091-a5fc-f28c44435c65,05-09-2025,Apple,$4559.75,inr,SUCCESS,,A31,Duplicate?
f0eedf3c-3ba9-4ec9-8305-b4d4c00179ef,20-07-2025,Uber India,1930.59,USD,FAILED,,A36,Anomaly check
f79f3a11-42a4-4e28-8cbb-79531e76f370,29-10-2025,IRCTC,$4666.76,USD,success,Entertainment,A3,Anomaly check
86f03857-5384-412d-92cc-4f606c82f405,2025/11/28,Swiggy,2045.8,INR,PENDING,Entertainment,A28,
ca993a87-a11f-41ea-866c-b733f46fcf2e,2025/08/25,Flipkart,$3346.79,USD,PENDING,Shopping,A18,Duplicate?
8c0f9612-b37f-4504-9d37-8bca5eea3039,2025/04/06,Zomato,1769.28,usd,Pending,Utilities,A22,Duplicate?
e46fe5e7-b1b1-4bdf-9393-a089d88e3ab4,2025/10/09,Swiggy,2911.82,USD,SUCCESS,Entertainment,A49,
869b47a6-5f4a-4099-abda-6e6fe5128683,2025/08/11,Shell Petrol,1135.1,INR,Pending,Transport,A32,SUSPICIOUS
5ce3e2e5-1ee5-4fdb-bbe0-5d19528de7a8,2025/04/30,Uber India,2852.29,inr,SUCCESS,Travel,A1,Anomaly check
54fd80f6-5113-4ae0-bf18-6483bfb39f19,19-03-2025,Spotify,4487.27,USD,SUCCESS,Food,A2,
f3c6c119-0dd9-48c2-b91e-6a481fbb381d,13-03-2025,Amazon,$4482.7,INR,FAILED,,A16,SUSPICIOUS
6c7ca991-05b1-4f4a-be39-fbfe63ee1e10,2025/09/19,Flipkart,$4655.09,inr,failed,,A39,Anomaly check
1052d7b7-d917-439b-9f3c-b6e245dac7a9,2025/12/27,Swiggy,3375.6,usd,SUCCESS,,A34,SUSPICIOUS
5f482434-c946-402e-a445-64dd8d63088e,2025/01/16,Spotify,$818.45,inr,Pending,Shopping,A26,Refunded
03891c4c-f08d-4526-bfc3-85c895682f90,26-06-2025,Local Bakery,3122.46,inr,FAILED,Entertainment,A19,Refunded
59ab84ae-d8b9-4af0-9f71-b9c3fd95b1dc,07-10-2025,Apple,3947.62,usd,Pending,Utilities,A34,Duplicate?
5a4bfd18-2413-4266-95d9-6eeed855fd3c,2025/08/24,Uber India,2299.23,usd,PENDING,Other,A1,Anomaly check
2e82f6f5-df52-49a5-a3d1-83091e01614c,2025/05/14,Swiggy,2350.59,inr,Pending,Travel,A12,Duplicate?
8ea0735a-f798-4ce1-8efe-c9ddf388f758,2025/04/07,Google,$1283.48,USD,failed,Other,A6,Anomaly check
209f20b3-a846-4aa4-84c1-f8ca5c938618,23-07-2025,Amazon,1215.64,inr,FAILED,Transport,A2,SUSPICIOUS
3e90ecf2-d6cf-4501-85b3-060c60fc9977,2025/11/24,Apple,$4866.5,INR,Pending,Cash Withdrawal,A25,Refunded
89a15666-d5a9-44b6-ae26-361d600e0606,2025/10/03,Uber India,$4777.34,USD,PENDING,Utilities,A50,Refunded
ac43dfe9-82d8-4455-aac0-93a655c4d803,10-05-2025,Shell Petrol,$395.32,usd,PENDING,Entertainment,A19,Refunded
a2c2b3d6-3b0d-4d0d-a54b-9f5cf83bc6ff,12-05-2025,Spotify,775.65,usd,PENDING,Other,A10,Duplicate?
1c3772b5-e260-4f49-9ae1-82b61820313a,2025/09/23,Shell Petrol,$4089.42,INR,failed,Entertainment,A11,SUSPICIOUS
a19baf58-731a-45f2-b747-4f0158fda98c,2025/06/05,Shell Petrol,3197.15,INR,success,Entertainment,A33,SUSPICIOUS
dc2e79ad-e913-4d48-ba41-24a7fecce914,2025/12/19,Ola,4492.44,INR,failed,Shopping,A40,Duplicate?
09204705-fcb2-4aaa-83e3-ac90d5e20a5c,10-05-2025,Ola,189.99,usd,Pending,,A31,
03475dac-475d-4a21-a4ba-f871cfa8a982,27-03-2025,Apple,2915.59,inr,success,Food,A24,Refunded
24417f9b-c528-41ed-abb6-0fd4a8c42425,08-07-2025,Apple,$2853.02,usd,failed,Utilities,A21,Refunded
abc527ad-601c-447e-90ae-4a2e3fa3c07b,02-02-2025,Netflix,1680.0,inr,SUCCESS,Transport,A10,SUSPICIOUS
b57d5c44-9f73-4cd8-b4cc-e5ae9e855639,21-05-2025,Zomato,$3075.03,INR,SUCCESS,Other,A5,Duplicate?
9fadb8cd-d546-49f9-8c84-826fb57e95a4,06-11-2025,IRCTC,266.49,inr,success,,A45,
297b4952-d790-46a7-b6b5-ea24be791e13,13-04-2025,IRCTC,4431.97,inr,FAILED,Other,A22,Refunded
ef5d4212-1a5c-44bd-a2c1-ccf37a12606c,2025/11/08,Shell Petrol,3248.01,USD,success,Cash Withdrawal,A42,Duplicate?
4deea012-11fc-4331-bd02-fba8017bd873,2025/04/06,Local Bakery,3069.19,usd,FAILED,Other,A41,Duplicate?
b3a041b0-eb55-4a81-87af-d381f5ba8e14,13-03-2025,Zomato,1896.64,INR,failed,Utilities,A29,Refunded
c40bc157-704d-42ec-89f9-773876ad2685,2025/10/15,Flipkart,3464.12,usd,failed,Other,A14,Refunded
738bdda3-b727-4504-b96c-60d6f75653b1,2025/07/20,Spotify,$4881.58,INR,success,Utilities,A20,Refunded
a0a30566-3d1c-4aa2-a411-163e3bbd31a8,2025/03/27,Amazon,3018.11,usd,SUCCESS,Utilities,A4,Duplicate?
634da53d-ce08-426f-aaec-56ccd10483ea,02-09-2025,IRCTC,4833.55,inr,Pending,Other,A23,SUSPICIOUS
ee28b96a-7b57-439b-a80c-291a03e1568b,19-08-2025,Google,710.53,USD,success,Entertainment,A16,Duplicate?
8e371557-815e-44cc-afe8-cf13632ba942,23-08-2025,Ola,1032.4,USD,Pending,Healthcare,A42,
dc520c50-8ec5-46f4-b5b4-618de7b10484,2025/04/13,IRCTC,2878.85,USD,failed,Food,A40,Duplicate?
,2025/04/19,Uber India,2562.6,inr,failed,Other,A11,SUSPICIOUS
5f9da741-18de-44d6-91eb-bb55124ea6a8,15-02-2025,Zomato,1327.95,USD,PENDING,Utilities,A49,Anomaly check
7c9eaeae-62b4-4696-b811-8b4a386753d8,2025/01/31,Uber India,1199.05,inr,success,Transport,A17,Anomaly check
f9a361d1-30ec-446a-bb43-df9ead228099,02-12-2025,Flipkart,22.3,usd,FAILED,Food,A43,Anomaly check
f332f277-646e-4673-b5c6-faf233a14bb0,04-08-2025,Amazon,575.57,INR,SUCCESS,Other,A36,Refunded
,2025/07/20,Apple,1980.25,INR,failed,Shopping,A2,Anomaly check
c2a30be4-aa16-4749-afe0-1f5e02d809f5,2025/09/08,Apple,$4250.03,usd,failed,Travel,A1,Refunded
22869baa-0287-4c51-b5d4-25f7d35a7be3,2025/09/10,Local Bakery,$3182.38,INR,SUCCESS,,A39,
a7a2da3d-c375-4540-90ad-ae2f992f71b4,08-03-2025,Ola,$4279.45,USD,SUCCESS,Utilities,A45,SUSPICIOUS
4a58004e-8e8b-47eb-bac9-29cef44eb32b,21-08-2025,Spotify,1263.53,usd,failed,Transport,A49,Anomaly check
7ec6a265-84fc-4814-8c56-99c5e6fe52d1,21-01-2025,Ola,509.47,inr,success,Shopping,A20,Duplicate?
ba778986-1592-4074-90e1-48a432b9b60d,2025/10/02,Spotify,862.83,inr,failed,Transport,A8,SUSPICIOUS
410385fc-2426-4947-aac9-720b7db81eb1,30-06-2025,Zomato,1303.91,usd,success,,A29,Duplicate?
410385fc-2426-4947-aac9-720b7db81eb1,30-06-2025,Zomato,1303.91,usd,success,,A29,Duplicate?
50f1e9b4-5539-47fd-b095-24f595ce9bfa,2025/05/25,Zomato,941.72,INR,PENDING,Other,A37,Refunded
e333ee8f-c565-49fc-bf3c-0f2971a06a75,2025/01/01,Google,707.79,usd,success,,A29,Anomaly check
2574e2ef-5fe6-4f52-b554-d7131cad0d36,2025/02/19,Google,2843.81,INR,success,Utilities,A6,Duplicate?
35c4a83a-e422-4cde-a570-2e4284b08e47,2025/04/15,Zomato,127.09,inr,PENDING,Utilities,A12,Anomaly check
6eba651d-f7ff-4262-8b1f-c7dd857c66b6,30-06-2025,Spotify,1521.15,inr,success,,A5,SUSPICIOUS
72119ca4-8dc0-48d8-af3e-4ac84a301293,02-10-2025,Flipkart,$953.37,INR,failed,Travel,A21,Anomaly check
c2d0a258-38f4-49b2-a271-cf14c396e5c2,19-03-2025,IRCTC,$388.45,inr,PENDING,Other,A31,Duplicate?
,2025/04/17,Amazon,2451.13,usd,success,Food,A26,Duplicate?
4ff4fa46-dfbe-41b0-9053-11e8bf405fac,29-05-2025,Local Bakery,1951.44,usd,Pending,,A39,Duplicate?
193a6ba4-9a3e-44e4-8bd1-3a0897e30da2,2025/03/14,Flipkart,2819.76,USD,FAILED,Shopping,A45,Anomaly check
1c4688ef-6034-401d-8449-08fa34d075eb,09-08-2025,Apple,1923.8,inr,SUCCESS,Cash Withdrawal,A21,Duplicate?
48e04564-4c00-4dc5-9583-55bafb0ce94e,23-11-2025,Uber India,964.05,USD,success,,A45,
29350ef3-177b-43be-9882-a78c3b0c7d47,2025/09/05,Google,4835.57,usd,SUCCESS,Cash Withdrawal,A24,Duplicate?
ddfee62b-f1ea-4487-b174-6dec99b69ef8,2025/08/31,Local Bakery,2959.63,inr,PENDING,Utilities,A31,Duplicate?
44125dc3-e966-4cda-9e1c-5871e4c1ae0d,2025/02/20,Google,3457.83,usd,success,Utilities,A41,Duplicate?
f606e163-4ab4-4f20-a0f3-eafe11f8a7f0,2025/03/24,Flipkart,2441.19,INR,SUCCESS,Transport,A8,Duplicate?
fb29704f-f5fd-4c96-ae19-6f1c4a429e6a,23-04-2025,Shell Petrol,789.73,INR,Pending,Other,A48,Refunded
ba215b2c-b1f8-4e48-8ef5-cc9e35c386c4,01-10-2025,Apple,2642.24,inr,failed,Transport,A11,Duplicate?
08ce802f-0c26-4dbe-bf80-06f079daccc8,2025/04/10,Flipkart,3142.54,inr,SUCCESS,Entertainment,A31,Refunded
cf49245d-5ae8-4227-b5a7-a4b2e6a486ea,2025/04/29,Shell Petrol,682.56,USD,SUCCESS,Transport,A10,SUSPICIOUS
4ad92400-4c33-4b29-9cb9-66bdae2ba37e,02-06-2025,Local Bakery,532.56,usd,success,Food,A19,SUSPICIOUS
07247e4b-5c3e-46ac-b3fd-8de3a00fad10,11-04-2025,Local Bakery,2302.08,inr,SUCCESS,Travel,A43,SUSPICIOUS
1b9c3e4d-cf43-4900-a2d0-31ef360482d9,08-08-2025,Spotify,3284.48,usd,PENDING,Other,A49,SUSPICIOUS
b70d6e0a-8d1e-4111-9e81-0e9d018240f4,2025/06/08,Shell Petrol,812.11,inr,success,Utilities,A19,Anomaly check
2722ed8b-e17a-4232-a6f0-c1f52a6e866e,04-09-2025,Netflix,892.25,inr,Pending,,A30,Anomaly check
4d5b5963-6b8e-40a5-89f6-01aa292f32a9,17-09-2025,Google,$2175.39,USD,SUCCESS,Food,A8,Duplicate?
9319e150-7061-4dcf-b9fc-ca4d4147ba6f,29-07-2025,Ola,2115.51,USD,FAILED,Food,A36,Refunded
5de0bd23-2b50-4ede-b895-227e27c96517,2025/08/26,Ola,1858.75,usd,success,Travel,A45,Anomaly check
8a9c226d-a7f2-4cc3-8337-30e698efe108,2025/08/27,Ola,3910.26,usd,failed,Cash Withdrawal,A14,Refunded
5775f40e-bd68-400b-886f-023ca4eba6c1,23-11-2025,Swiggy,3433.59,INR,PENDING,Shopping,A10,Duplicate?
59596f1c-2542-41b0-804e-1e2b2f91c250,2025/05/25,Netflix,3847.08,INR,SUCCESS,Food,A28,SUSPICIOUS
87a0d94b-a08d-4f11-a5c2-f0723024a189,20-05-2025,Flipkart,3949.34,inr,FAILED,Other,A14,Refunded
f34f0584-878f-485e-ab48-ef4e7f209034,15-05-2025,Google,421.88,INR,SUCCESS,Healthcare,A12,Anomaly check
f7c0d8c9-73c7-477a-8899-574212aa927e,07-07-2025,IRCTC,4114.19,USD,SUCCESS,Shopping,A23,Refunded
7815eb66-67d9-4c70-ad17-0cf42b88b91a,2025/11/03,Apple,3036.98,usd,success,Travel,A45,SUSPICIOUS
017a1646-b384-45ca-a2d3-bd6f608a5d23,2025/05/27,Swiggy,4657.89,inr,Pending,,A18,Duplicate?
34bc681a-f3e6-431c-aba0-ba2406804603,19-04-2025,Local Bakery,53.49,usd,FAILED,Travel,A27,SUSPICIOUS
471d71e2-c120-4563-848e-65b93fb6c3f1,2025/03/25,Uber India,3389.08,INR,SUCCESS,Cash Withdrawal,A42,SUSPICIOUS
9472f157-fde6-4c1a-84cd-dea5455adb38,2025/08/27,Apple,2480.14,inr,success,,A31,Duplicate?
0bace80f-624b-45b2-b50e-b63464f66287,2025/04/17,Swiggy,2580.93,INR,PENDING,Entertainment,A9,Duplicate?
5547fadd-fcaa-4ec2-b787-b1fd929444f0,01-01-2026,Amazon,602.24,INR,Pending,,A7,Anomaly check
c6c38e70-321b-4e69-a811-a040adf7b2ff,05-10-2025,Flipkart,$535.79,USD,PENDING,Cash Withdrawal,A48,Duplicate?
f09a5543-f7ac-49b4-b6a5-6f8a5f14f855,18-12-2025,Ola,1086.96,INR,FAILED,Other,A41,Refunded
63c6b4ce-ea87-4345-b4d2-839f109efab8,17-05-2025,Google,295.3,USD,SUCCESS,Other,A49,
,30-04-2025,Local Bakery,4019.63,INR,FAILED,Shopping,A35,Refunded
2a4abe5a-7c33-45de-828c-00410fcb7b9c,2025/08/05,Google,4143.59,usd,SUCCESS,,A1,
e1800659-5b96-47d3-b36a-e5a763838f65,2025/02/18,Shell Petrol,4572.38,INR,PENDING,Food,A36,Duplicate?
d1368000-14dc-406d-814a-d32887b1b173,04-07-2025,IRCTC,2208.84,inr,success,Travel,A39,Duplicate?
2b6c354a-f3f5-40af-aa58-6ba8c5a3e633,2025/06/23,IRCTC,4537.1,usd,FAILED,Other,A24,SUSPICIOUS
eff5cda3-fd4a-45ad-ba0b-fdb2fd10dfc4,19-05-2025,Zomato,1490.99,USD,failed,Shopping,A23,Refunded
75dca5b8-f3cc-4b48-bc19-92cfcd819189,12-05-2025,IRCTC,$1095.1,INR,PENDING,Food,A21,
41a3cf50-516e-4110-ae88-79a5e73c99da,10-02-2025,Swiggy,$3115.74,INR,success,Other,A1,SUSPICIOUS
9a4f5591-62d8-4483-b6e4-b590f8250f2d,17-01-2025,Netflix,4948.72,INR,PENDING,Travel,A36,
,2025/07/05,Flipkart,$3874.92,INR,failed,Entertainment,A27,
76816796-6a5b-4373-8756-cac414935b79,2025/04/12,IRCTC,$1682.21,USD,FAILED,Entertainment,A45,SUSPICIOUS
9141714e-ed9e-49d3-a42d-c7bef6b419fa,2025/08/09,Google,921.64,INR,FAILED,Other,A34,Refunded
6b9ca9b3-72f0-4b57-81e3-49651dc72b49,2025/07/07,Zomato,1196.16,USD,PENDING,Utilities,A49,SUSPICIOUS
,2025/01/23,Ola,$85.12,inr,Pending,Travel,A48,SUSPICIOUS
b1dd30f3-a340-4354-9640-357dac4dfd51,24-08-2025,Spotify,750.68,usd,success,Shopping,A1,Refunded
7d693cf7-6b94-43c2-9f89-31122815dddf,12-02-2025,Uber India,2617.75,usd,FAILED,Transport,A16,
6b77a4e9-c163-479e-b7de-5baf9cb53a6d,05-10-2025,Local Bakery,2752.83,INR,SUCCESS,Travel,A13,SUSPICIOUS
,2025/10/04,Shell Petrol,4139.4,inr,failed,Utilities,A2,
d35c3aa7-0ecc-4efd-8418-07c17f65515c,2025/03/15,Uber India,3912.83,USD,FAILED,Cash Withdrawal,A11,
55db79e7-dc6c-4a30-9ec4-0cb9e9a844e5,2025/08/23,Ola,2246.48,USD,failed,Healthcare,A27,Refunded
6539c43b-c0e8-4d9e-8382-ac414271b928,2025/03/11,Zomato,2690.46,USD,failed,Cash Withdrawal,A30,SUSPICIOUS
1ea84337-48c1-4b9a-8746-a0bd02f8ff83,14-03-2025,Ola,4680.02,INR,FAILED,Healthcare,A38,Refunded
710c9c39-6abc-46bc-86f6-487f3b966f5f,2025/09/16,IRCTC,1418.94,INR,failed,Entertainment,A37,Anomaly check
8504d030-e5a5-4914-a323-bd4d4456b21e,2025/12/22,Flipkart,$1025.56,inr,success,Transport,A43,Anomaly check
512087b0-8440-4f93-bcf6-b905c30eb050,2025/09/11,Spotify,4359.34,USD,SUCCESS,Travel,A13,SUSPICIOUS
a888777b-5b66-426d-8f0b-64a35787d9b7,22-08-2025,Ola,4531.66,USD,SUCCESS,Travel,A20,Anomaly check
593d2ed2-0af7-4837-a4ca-e7da809f0eeb,2025/01/19,Spotify,2203.31,inr,SUCCESS,,A45,SUSPICIOUS
44ae0680-2c60-4956-b3a3-971165bd8e19,10-09-2025,Local Bakery,2222.51,USD,SUCCESS,Travel,A28,Anomaly check
5575f0bd-55d2-4470-84c3-b9b50d24a29c,2025/11/13,IRCTC,3987.7,usd,success,Food,A6,Anomaly check
36a11d5b-ad79-447f-add8-69e0b43cdc11,2025/06/30,Spotify,$1783.34,inr,Pending,Healthcare,A48,Duplicate?
f2e8d570-d814-4c30-993d-bd03848edfdd,09-12-2025,Apple,4757.96,usd,success,Healthcare,A23,SUSPICIOUS
e97641b6-2132-4dc8-bb25-9c72c0e8988b,01-01-2025,Spotify,2749.95,inr,SUCCESS,Entertainment,A33,Anomaly check
6fdcbfd4-5c82-4040-b6da-98c62172a3af,2025/03/12,Local Bakery,686.69,USD,SUCCESS,Food,A40,Anomaly check
b004e864-8dc5-43b2-879e-82721c35fb70,11-06-2025,Ola,$3170.98,INR,PENDING,Cash Withdrawal,A48,Anomaly check
337694a6-e0f0-4183-b37f-4bcdd9d2cc00,18-04-2025,Ola,1199.62,USD,failed,Healthcare,A29,
ee11a35f-e6d2-456b-a1b8-347976433482,2025/09/21,IRCTC,1636.96,USD,FAILED,Entertainment,A37,Anomaly check
dfd7634c-8d07-4817-b3bc-d4489c44c76a,25-04-2025,Local Bakery,80.36,INR,PENDING,Cash Withdrawal,A8,Refunded
e8430647-cb9b-4de5-888a-93a955c75e90,12-02-2025,Shell Petrol,1338.31,usd,success,Cash Withdrawal,A11,
a70ca99a-c55f-4267-8d11-128d434c7124,29-09-2025,Spotify,2608.94,INR,success,Shopping,A32,Duplicate?
a269f938-705e-41ae-9f2b-514d4afe22f1,2025/08/17,Netflix,2000.67,usd,success,Travel,A19,Refunded
2e241def-6a1b-47a3-ae1d-cb42c4c53ebb,24-07-2025,Netflix,2083.75,usd,SUCCESS,Utilities,A36,Anomaly check
610c832b-63a5-432b-8c79-6ff46e395157,2025/05/09,Uber India,838.67,usd,Pending,Cash Withdrawal,A42,SUSPICIOUS
959098d2-86f1-4b28-8475-d7c0a9482116,06-06-2025,Spotify,4495.61,INR,failed,Travel,A45,Anomaly check
ea9aaef2-4862-4f2e-8122-c65fd77cc30f,26-09-2025,Google,2767.31,INR,FAILED,Travel,A4,Refunded
,2025/10/21,Flipkart,2247.24,inr,success,Food,A38,Anomaly check
f88b52c1-7488-4e24-95ce-7b57b6e4b0d3,18-04-2025,Shell Petrol,3739.57,USD,Pending,Entertainment,A46,Anomaly check
,13-09-2025,Ola,4409.07,inr,failed,Travel,A37,Anomaly check
d0dcab29-b011-4015-b322-563d9909e4bf,2025/02/13,Netflix,$3439.44,INR,Pending,,A10,
be4dacf5-9e09-4f61-bcd6-3c026e42582b,30-01-2025,Swiggy,4948.93,inr,FAILED,Cash Withdrawal,A14,Duplicate?
1729ef17-9c1c-46d0-b9b9-16beffcd46e2,2025/05/20,IRCTC,4068.86,INR,FAILED,Cash Withdrawal,A30,Anomaly check
b58017b5-ed23-4c64-bf3c-e341850dc1e6,2025/04/23,Flipkart,4551.6,USD,failed,Utilities,A33,Anomaly check
4868e2c0-3a9d-4495-a7c3-ef08a903d8a0,2025/01/13,Netflix,2444.86,inr,Pending,,A31,Anomaly check
a85df4b6-5e73-4b0f-bc2e-360a2e800ca7,09-11-2025,Swiggy,1241.1,USD,PENDING,Utilities,A38,Duplicate?
a1f4200a-0bec-47b2-827a-5bf3e2851c3e,2025/10/09,Spotify,2851.64,usd,Pending,Healthcare,A1,Refunded
adb604ff-0464-4ea5-a0c1-4e6f7dc5e9e3,2025/03/04,Local Bakery,886.11,INR,FAILED,Travel,A26,
57696cf0-95ef-4f36-b26b-4a75dbac6b70,14-09-2025,Apple,937.5,USD,Pending,Healthcare,A44,SUSPICIOUS
e970c61d-fe69-4bc5-95b9-8ef47ca5a037,07-06-2025,Apple,$4398.94,inr,Pending,Utilities,A4,
36935b26-fdf4-4452-a935-9f1844013b2f,24-04-2025,Local Bakery,2531.55,INR,SUCCESS,Travel,A20,
fd147573-ba1e-48f5-956e-9e75369fe351,25-10-2025,Google,2633.49,USD,FAILED,,A10,Refunded
8d38879a-55bc-4d3a-91f7-db169c742d2d,2025/04/02,Ola,3117.99,usd,success,Healthcare,A22,
035c3c73-02a5-4138-891f-e300817c4789,2025/02/25,Amazon,2557.83,INR,success,Transport,A49,SUSPICIOUS
81fd6943-9680-4251-a730-848f48efac45,2025/10/23,Amazon,1050.03,inr,success,Transport,A3,Refunded
50d298ca-a7fc-42c3-b81c-b88bf4e67eb5,06-01-2025,Google,$4142.07,USD,FAILED,Travel,A47,Anomaly check
44348e7b-ec5c-4dd6-ad37-992eb4ccef76,2025/04/28,Google,2903.25,INR,Pending,Transport,A6,Anomaly check
3f54bc7d-746d-4733-bd35-10c46490320b,2025/08/21,Netflix,3993.52,USD,success,Healthcare,A6,Anomaly check
3f54bc7d-746d-4733-bd35-10c46490320b,2025/08/21,Netflix,3993.52,USD,success,Healthcare,A6,Anomaly check
a78de11f-d2b2-4df6-a2f3-9b32b333253b,24-06-2025,IRCTC,701.07,inr,FAILED,Transport,A43,Anomaly check
97a0e348-8b3a-41ea-b665-ad8800da1f76,25-06-2025,Uber India,2498.18,INR,FAILED,Food,A20,Refunded
4ffbe35b-3659-4d29-99de-e6b28cb9bce1,25-03-2025,Google,4583.8,usd,FAILED,Healthcare,A1,Anomaly check
1fbb4252-8dde-467c-b863-35dec9740424,2025/01/28,Amazon,3798.47,INR,PENDING,Other,A31,
9dedf943-d063-43d6-9453-d63a7234b082,01-09-2025,IRCTC,$700.68,usd,success,Healthcare,A2,Refunded
0658eade-5420-4b3f-9348-74de21b2adfa,2025/07/08,IRCTC,3179.95,usd,SUCCESS,,A34,
5e790fe2-ff96-4615-838b-4e09308224cf,2025/02/17,Flipkart,4312.0,inr,FAILED,Entertainment,A2,Anomaly check
ec5c81fb-e5c0-4cd4-a7bb-7a7c5df00b70,2025/05/01,Uber India,$2168.98,inr,failed,,A34,
f1c067e4-262b-4869-86ee-c07f09536e4d,14-08-2025,Spotify,2429.2,inr,SUCCESS,,A49,Duplicate?
89577c1f-62f5-4250-9474-5c6c615a977b,2025/04/30,Ola,$1931.75,USD,Pending,Food,A40,Refunded
,14-02-2025,IRCTC,1634.32,inr,Pending,,A47,
83ed5c30-7c85-4e90-a27b-3a1a946d7a37,20-03-2025,Local Bakery,1249.38,inr,PENDING,Food,A29,
1da88659-a10a-4884-97fa-49a4665f2cfb,29-07-2025,Local Bakery,2999.42,INR,failed,Cash Withdrawal,A1,SUSPICIOUS
114b8303-83c6-4288-ac3a-628dc55977fa,11-05-2025,Ola,4135.99,INR,failed,,A15,SUSPICIOUS
114b8303-83c6-4288-ac3a-628dc55977fa,11-05-2025,Ola,4135.99,INR,failed,,A15,SUSPICIOUS
7dbdf874-7397-4d13-b858-8a5c921a9366,16-08-2025,Google,$4360.2,USD,FAILED,Travel,A30,Anomaly check
eb83ea51-ad17-407b-9b11-638fe0f8e712,2025/11/21,Uber India,3635.42,inr,Pending,,A11,
,2025/05/08,Swiggy,1520.11,inr,PENDING,Healthcare,A39,Refunded
,2025/05/08,Swiggy,1520.11,inr,PENDING,Healthcare,A39,Refunded
,2025/08/25,Amazon,2784.81,INR,SUCCESS,Healthcare,A37,
9c211b23-21c5-4597-8db2-049064ad68bc,2025/10/30,Spotify,$4552.47,USD,FAILED,Healthcare,A19,Anomaly check
,2025/01/05,Netflix,2506.05,inr,FAILED,Cash Withdrawal,A7,SUSPICIOUS
18f1f172-b161-4ff3-bb13-7cf3b309b306,2025/06/15,Local Bakery,3811.51,usd,success,Entertainment,A31,Duplicate?
6fbc9081-5a8c-4aa1-a541-47a8aa83fd7b,2025/12/15,Shell Petrol,4056.35,INR,SUCCESS,Food,A9,
e46b828a-6e0c-4da9-9c7d-a0e72d664a70,2025/05/07,Apple,401.88,INR,Pending,Entertainment,A1,Duplicate?
fc58c24c-697a-41a0-8265-78d8f76c901f,04-10-2025,Spotify,4617.61,inr,PENDING,Utilities,A4,Duplicate?
,27-01-2025,Shell Petrol,3770.2,inr,PENDING,Cash Withdrawal,A25,Anomaly check
27f8fd3c-9c77-4740-abaf-e596ccafb504,05-06-2025,Ola,1575.27,usd,FAILED,,A25,Anomaly check
f37ff959-eb8a-4782-9ae5-6c244394e519,10-07-2025,Ola,579.42,inr,SUCCESS,Food,A1,
e2a72922-366f-4a10-bc87-cad7069b56c0,14-11-2025,Flipkart,693.24,usd,success,Cash Withdrawal,A37,Refunded
1703759a-1246-4131-b644-93c7f0e442f9,24-03-2025,Spotify,$213.71,INR,failed,Other,A13,SUSPICIOUS
3ac9fc5c-7042-44a8-84ea-1a3b3f382de6,2025/05/11,Flipkart,1087.7,inr,Pending,Food,A24,SUSPICIOUS
3429c13a-16f8-45f9-bc01-ba764978bddc,01-08-2025,Spotify,3045.96,USD,FAILED,,A15,Duplicate?
4e8c0be1-3ced-429d-a855-e18bf0faaa09,25-06-2025,Uber India,4213.6,inr,failed,Healthcare,A15,SUSPICIOUS
3a773343-6522-4353-a6f0-06e202e25889,10-02-2025,Netflix,1726.95,inr,SUCCESS,Entertainment,A50,SUSPICIOUS
be28c652-4b16-426d-958b-9f79d875b0e8,04-08-2025,Ola,1973.05,usd,Pending,Healthcare,A23,Anomaly check
44aed346-e278-4fc7-92a9-5c5ef0f0b350,2025/06/28,Apple,2727.44,INR,success,Healthcare,A35,Refunded
b7d2cfd2-f6c5-471d-9437-a12768a87f2e,02-06-2025,Ola,3732.45,USD,PENDING,Transport,A42,Duplicate?
cd730c7c-27b9-4dfd-b366-e31c9cb9e6f5,2025/11/28,Zomato,741.84,INR,Pending,Shopping,A9,Anomaly check
fef79ff2-92fd-4ef6-8695-692227b7874d,2025/05/03,Zomato,4315.97,INR,success,Other,A50,Refunded
8b6c2382-8cbd-487a-958c-0700515da6df,2025/03/05,Swiggy,719.28,USD,SUCCESS,,A41,
7ffe206f-6789-4fde-bd91-61d5a87298c9,08-12-2025,Shell Petrol,$3775.58,inr,failed,Utilities,A19,Anomaly check
de4d0e5f-f0c6-4236-b002-be639d0264fc,2025/11/16,Swiggy,1194.21,USD,failed,Transport,A1,Refunded
01375f85-d1b9-4aac-9483-49c4716c4a53,2025/08/16,Amazon,462.23,inr,SUCCESS,Entertainment,A18,Anomaly check
01375f85-d1b9-4aac-9483-49c4716c4a53,2025/08/16,Amazon,462.23,inr,SUCCESS,Entertainment,A18,Anomaly check
144893d1-70ae-4973-a92e-8a0308fd0acb,03-11-2025,Amazon,992.25,usd,success,Food,A31,
e2b88e6c-7340-40cc-a95b-ad9128f0283e,09-06-2025,Apple,1378.03,usd,failed,,A22,SUSPICIOUS
,25-04-2025,Netflix,4740.77,inr,Pending,Cash Withdrawal,A17,Anomaly check
500d21a2-3c98-4958-9f07-692090d286a0,23-06-2025,Apple,4351.28,INR,SUCCESS,Food,A13,
4345792e-d05d-4469-8e37-25e980cebce6,28-06-2025,Swiggy,537.6,usd,FAILED,Transport,A28,Anomaly check
fce495a4-a9a7-4df8-9f56-21a9ea0368bd,2025/02/08,Google,2523.87,INR,success,,A50,Duplicate?
7722531d-a949-425d-9052-3f970d20cdea,2025/01/22,IRCTC,$1669.12,INR,PENDING,Food,A41,Anomaly check
5e31b5e2-46c9-425c-87d8-2341e1c405f3,2025/01/04,Amazon,4057.58,inr,Pending,Entertainment,A23,SUSPICIOUS
,2025/12/15,Netflix,3439.45,USD,FAILED,Healthcare,A46,Duplicate?
50393d93-f3a0-4636-9bc4-4e9558fadaf1,2025/06/26,Apple,1022.78,INR,SUCCESS,Travel,A13,SUSPICIOUS
d8cb51f4-db96-43b2-b80f-5e2975b2de94,07-03-2025,Apple,$673.93,INR,failed,Other,A44,Duplicate?
08eec59c-e153-4c82-a415-876be0784ed9,2025/09/09,Netflix,$2444.8,INR,SUCCESS,Shopping,A17,Anomaly check
95e91696-1669-4087-ab84-c5182fe51cf5,2025/11/14,Apple,3043.69,usd,Pending,Transport,A10,SUSPICIOUS
b4932701-e986-46f9-b992-0cf062f91050,11-08-2025,Ola,$2602.09,INR,failed,,A3,SUSPICIOUS
3187b626-eb69-4e5c-8eb4-7690a724e4e3,2025/08/09,Zomato,$2433.27,USD,PENDING,Transport,A4,
ecbeb90e-f610-488c-b78b-367f7876782f,01-10-2025,Uber India,$172.92,inr,PENDING,Entertainment,A4,
,2025/05/10,Flipkart,4458.05,USD,SUCCESS,Transport,A45,Duplicate?
76b38ce2-7022-4086-9ef4-b8fdf30de74e,12-01-2025,IRCTC,2293.1,INR,PENDING,Cash Withdrawal,A36,Refunded
4c07f2b2-3c81-407a-9409-46d353277010,05-08-2025,IRCTC,2186.34,inr,PENDING,Food,A36,Duplicate?
2bfb9674-5543-4425-9de6-edf3fb3eaa7d,26-04-2025,Shell Petrol,4620.55,USD,success,Travel,A23,Anomaly check
,2025/10/15,Spotify,2154.92,usd,SUCCESS,Shopping,A11,Anomaly check
83c37c15-efad-4e26-bce6-a56cc2048f0b,2025/03/11,Google,$4817.9,inr,SUCCESS,Food,A42,Refunded
b6673809-4d5f-4467-aedc-bdc56920110b,2025/01/13,Netflix,1312.2,inr,PENDING,Entertainment,A50,
5235c94b-de16-4df5-b9fc-cf5ec6a62632,30-06-2025,Swiggy,$2448.39,inr,PENDING,Healthcare,A5,SUSPICIOUS
e4c8af88-ea1d-4106-89f0-d9e988f97980,2025/02/16,Local Bakery,34116.51,USD,success,Entertainment,A35,Anomaly check
fa6272c5-5451-49a6-8fc4-361f92bed7ea,27-08-2025,Zomato,$352.45,usd,failed,Healthcare,A28,Anomaly check
4b2c7d09-e2ce-4bd6-9984-b1eac81e095e,2025/06/28,Apple,4951.56,inr,success,Transport,A3,Duplicate?
4defba03-e02a-463a-b281-0ac1c4a15239,24-04-2025,Uber India,3293.42,usd,FAILED,Entertainment,A32,Refunded
9f430e31-28b2-4bd3-9066-ce75b87693c0,2025/12/26,Flipkart,1627.01,INR,success,Shopping,A48,Duplicate?
80485fa8-cdcc-4057-98b9-d5bddc9413ef,13-10-2025,IRCTC,$3309.67,USD,failed,Cash Withdrawal,A1,
5c2eaeec-e00c-447e-a947-eb3c246e659d,2025/06/25,Zomato,$4020.63,USD,Pending,Food,A41,SUSPICIOUS
ef43e9aa-ea00-4b98-9339-397e83d762e5,2025/10/14,Apple,1268.19,inr,SUCCESS,Healthcare,A50,Anomaly check
319779f2-5d63-4f30-99b5-26816f19d6cb,2025/07/16,Google,3619.59,inr,failed,,A31,Anomaly check
94e0891c-c4f2-4a53-802e-57c499cbb776,2025/11/13,Apple,4158.88,INR,SUCCESS,Shopping,A15,
151c7865-e546-45c4-8beb-4be2b2ecdbd5,14-02-2025,Netflix,4086.65,INR,success,Entertainment,A9,Refunded
f6729db8-1fba-4754-a80a-c5951803d8ea,2025/02/01,Netflix,4894.32,usd,success,Cash Withdrawal,A5,
f31f733c-9675-41f9-8531-79ffe10e26c4,2025/05/03,Flipkart,4443.37,usd,PENDING,,A36,SUSPICIOUS
c10d29f6-d4b2-43d9-9e7b-84c913507409,2025/11/09,Apple,1116.54,INR,SUCCESS,Utilities,A27,Duplicate?
5853a121-88c3-4ae4-8d46-4c4077d82020,2025/08/06,Apple,454.41,usd,failed,Utilities,A18,
c075e041-a092-4ddf-bd71-a5605627e7f3,2025/11/25,Swiggy,79.03,usd,PENDING,Entertainment,A15,Duplicate?
,2025/08/18,Local Bakery,671.94,inr,failed,Food,A34,Anomaly check
2ef5f41a-c98b-4469-a3f3-8d10fc074caa,2025/02/13,IRCTC,$1041.3,usd,success,Cash Withdrawal,A37,SUSPICIOUS
ffbd93b9-f31e-4eef-b08b-d4e6b2db0dd4,2025/11/21,Google,844.21,inr,Pending,Food,A36,Refunded
1775e8df-f466-4106-a783-35318bc880c0,15-03-2025,Shell Petrol,$592.95,INR,Pending,Healthcare,A4,Duplicate?
a4a1fef3-5a5e-4833-b731-d718f61f849b,2025/01/11,Google,20.86,INR,success,Travel,A22,Refunded
a4a1fef3-5a5e-4833-b731-d718f61f849b,2025/01/11,Google,20.86,INR,success,Travel,A22,Refunded
c4ec4757-f05a-4ec1-8349-2a06b9342fbd,26-12-2025,Apple,$2126.13,usd,Pending,Healthcare,A34,Anomaly check
f8c4de77-16e7-4cd9-a861-32642516d1c2,08-05-2025,Uber India,1538.55,USD,Pending,Travel,A44,Refunded
e8e6b766-2258-4f29-8885-eb25798a66a6,2025/11/28,IRCTC,362.24,usd,Pending,Other,A1,Duplicate?
048b1fe8-62d3-4deb-8b36-8fee437c0050,2025/12/08,Shell Petrol,1559.77,inr,Pending,Healthcare,A22,
c08db1f5-26fb-48fe-a0d5-9d96f94d0098,2025/12/02,Apple,1877.96,USD,Pending,Transport,A2,
d2a9ef7c-bcea-4829-90d6-6d3cf026d2fd,2025/07/20,Spotify,3620.75,usd,FAILED,Cash Withdrawal,A13,
a5cdfeb0-69d2-48a4-8c02-4cb4483afcd4,2025/12/30,Ola,112.81,inr,failed,,A12,
0ecb985a-55f2-4946-bef7-b1c8913bb3c4,2025/04/08,Shell Petrol,1743.37,INR,FAILED,Healthcare,A33,Duplicate?
f6b8d90c-9f33-4d55-a111-85c3e842a4ae,10-03-2025,IRCTC,$1460.23,INR,PENDING,Cash Withdrawal,A35,
e6fecea3-cf90-4a59-9319-f184f3d9c8c3,30-04-2025,Shell Petrol,2355.34,INR,SUCCESS,Entertainment,A48,Duplicate?
f6e1e322-f8ee-4a68-8f31-0a6009603ec7,2025/05/04,Netflix,2652.65,USD,PENDING,,A36,Duplicate?
46fe3838-2e46-4470-9e48-6d394d889b90,02-10-2025,Uber India,$664.88,USD,success,Food,A13,
4279a720-d5ce-4e35-8d55-4a5ae693190b,07-11-2025,Shell Petrol,3547.15,USD,FAILED,Food,A12,Duplicate?
675ea9e3-ecf7-4bcf-84c0-ace7815929b9,25-03-2025,Google,2262.53,INR,success,Other,A28,
35b91530-c261-433b-aa0a-b770a93769a4,19-04-2025,Amazon,1812.19,USD,PENDING,Other,A24,Duplicate?
f237061d-f362-4efd-a085-47737640c109,22-08-2025,Shell Petrol,$1029.44,USD,success,Utilities,A7,Anomaly check
323f7a65-2be9-4493-9aac-4684b0605b70,16-04-2025,Shell Petrol,1400.47,inr,failed,Other,A46,Duplicate?
,2025/09/21,IRCTC,4657.88,usd,Pending,Shopping,A23,Duplicate?
629f33d1-b67c-46a5-be1b-214961568cb6,18-03-2025,Amazon,$1058.36,INR,PENDING,Cash Withdrawal,A1,Refunded
6b481a1d-18ba-4eb1-a0c0-87f1774236f3,15-10-2025,Google,$1025.06,INR,failed,Shopping,A44,SUSPICIOUS
6b481a1d-18ba-4eb1-a0c0-87f1774236f3,15-10-2025,Google,$1025.06,INR,failed,Shopping,A44,SUSPICIOUS
ea5d5f46-370d-4a8f-bdfa-430cf42cd772,24-05-2025,Zomato,3715.96,USD,PENDING,Healthcare,A33,Refunded
27a39df6-510b-4595-a347-d52ac6a19168,2025/02/21,Swiggy,943.39,inr,PENDING,,A6,
251abf13-03b7-48b0-a7b1-082f399cd668,23-05-2025,Uber India,1104.81,usd,success,Other,A34,Duplicate?
4bd0946e-e629-4c18-9208-e05d0d133532,16-10-2025,Shell Petrol,2951.63,USD,success,Healthcare,A38,Anomaly check
cc5ac291-e458-43be-89c7-868815d180a7,19-06-2025,Shell Petrol,3159.86,inr,SUCCESS,Cash Withdrawal,A43,Refunded
4316ab5f-ab06-4c40-8479-6f1959c23205,24-05-2025,Spotify,3569.51,inr,failed,Travel,A32,Anomaly check
5e85986f-0678-447a-929b-eb959c8ae8d7,13-06-2025,Apple,$989.68,INR,Pending,Utilities,A43,Refunded
699236c6-a764-406d-8c14-2d7a3b3b23e1,2025/06/07,IRCTC,714.24,USD,SUCCESS,Shopping,A44,Refunded
4a85fa0a-f26f-41ef-ad0b-f55c0ea2d5bd,18-01-2025,IRCTC,795.5,inr,SUCCESS,Shopping,A1,SUSPICIOUS
451cb974-185f-441f-af1d-ff01d80fecd3,2025/09/15,Google,2423.32,inr,PENDING,Transport,A49,
,02-03-2025,Netflix,2241.23,INR,success,Food,A16,
26f605c9-6267-4067-89d0-24dcdb7d1a7b,2025/01/28,IRCTC,4172.62,INR,success,Travel,A50,
468f7df3-2430-4a9e-a941-26d10415f8ac,2025/10/13,Flipkart,3723.3,USD,success,Travel,A50,
16eb9b88-3c77-4efd-83de-452e18871849,2025/08/26,Spotify,3629.83,usd,Pending,Other,A18,Refunded
c2669a45-0a07-408a-9f21-4330ddce393b,2025/12/25,Swiggy,$1291.44,inr,failed,Utilities,A47,SUSPICIOUS
228d7f80-5f60-459e-9aac-f3d159dab8eb,2025/02/11,Ola,2834.68,USD,success,Other,A25,Anomaly check
f1f691f9-5f5c-491d-95b8-72d1e9dc529b,08-09-2025,Shell Petrol,1717.98,inr,FAILED,Transport,A39,Refunded
92cdd586-547f-43cf-80e3-4647001c0f58,2025/01/13,Spotify,4033.64,usd,success,Shopping,A30,Refunded
99bbab47-ba6d-4e47-bde6-3239b40b8763,01-05-2025,Local Bakery,$1916.99,USD,success,Cash Withdrawal,A9,SUSPICIOUS
,2025/11/11,Apple,514.19,inr,success,,A45,Refunded
16274cf5-5f70-4c7d-b45f-a7b6af642aaf,2025/05/17,Ola,3276.16,inr,PENDING,Travel,A36,Anomaly check
8e2608f1-5c53-45f2-bd13-4f7643b347b5,2025/11/11,IRCTC,3762.16,USD,success,Cash Withdrawal,A2,
77021a2f-b9ee-4117-bd59-161ffc0fd0f0,09-05-2025,Apple,3690.12,usd,SUCCESS,,A6,Duplicate?
19b74c41-9d44-4d13-a81c-8d733371244d,25-08-2025,Local Bakery,2903.13,INR,SUCCESS,Shopping,A49,Anomaly check
655a62aa-d77a-47dd-9dd5-08b1c8482baa,02-12-2025,Google,$447.57,INR,success,Entertainment,A42,Anomaly check
5a44ab93-2134-4f13-b7ae-62ee43295ea2,29-08-2025,Ola,1551.59,INR,Pending,Other,A1,Anomaly check
ec373a49-a21f-438d-b67f-67ad753dd593,2025/01/14,Google,2331.37,INR,success,Utilities,A41,Anomaly check
f4c0446d-193b-42ba-83c4-baac8dfc0407,27-06-2025,Uber India,2555.11,USD,PENDING,Transport,A25,Anomaly check
379d4e80-2e65-4053-b773-841d9cd74e23,05-02-2025,Google,1816.46,inr,Pending,Food,A32,
d0afe545-5e30-43f4-8716-4649b5220254,2025/09/01,Swiggy,1395.77,USD,Pending,Healthcare,A46,Anomaly check
4d29d9bb-f3b0-4fab-93d5-e7acde19b8a3,01-06-2025,Zomato,3568.42,inr,success,Cash Withdrawal,A4,
e12a2770-6f03-4199-9122-f2ab55be1c4e,21-09-2025,Spotify,1557.75,INR,Pending,Travel,A36,
d6824a3c-3285-4d5c-9cb9-5a6091b89945,25-02-2025,Google,1008.99,USD,SUCCESS,Travel,A3,Anomaly check
,2025/02/19,Uber India,4935.21,usd,SUCCESS,,A28,Anomaly check
27f8e8bd-411d-415f-85d1-9e44c1c15caa,2025/12/05,IRCTC,636.41,usd,success,Entertainment,A43,Duplicate?
07eb18fc-bcd2-489a-9e59-4acab9f0609c,2025/06/22,Google,$1250.25,INR,Pending,Transport,A38,Refunded
ceeec12e-2976-4f42-a2ae-05c339ff32a5,2025/12/09,Google,1037.94,inr,SUCCESS,,A43,
3623cea7-5fc6-4968-8812-5c08215735cb,2025/08/05,Spotify,4091.4,USD,PENDING,Food,A16,Refunded
e6878ed4-ccce-4b9b-a4a8-ec7de1ce0b96,20-12-2025,Local Bakery,3435.63,INR,success,Travel,A21,Refunded
012a27d2-c8bb-4289-8103-2992c76e77d5,09-03-2025,Google,2598.42,usd,Pending,Entertainment,A44,SUSPICIOUS
c58f7bc4-a821-4cce-b5fa-4ec610dcd930,2025/07/30,Zomato,886.0,inr,SUCCESS,Healthcare,A11,
dedf6056-6966-4c3e-8632-5fe4d4e79e8e,2025/11/23,Shell Petrol,875.57,USD,FAILED,Cash Withdrawal,A4,Duplicate?
edfcee03-42b2-4515-94cd-178d4d7734e3,01-07-2025,IRCTC,4919.92,USD,success,,A24,SUSPICIOUS
7db2b118-cdb6-49ea-91ac-136c6ecf2f58,2025/11/14,Apple,1012.04,usd,PENDING,Food,A40,Refunded
a8377c12-f616-411a-8d61-ba1f1cf4a49c,18-07-2025,Netflix,1229.27,USD,FAILED,Utilities,A9,
f911f8ce-89b0-4f4b-9e1e-faf56bc39f8e,2025/11/09,Ola,$2033.75,usd,PENDING,Entertainment,A33,Refunded
9bc5d93f-96ba-4cb0-92dd-3e33dc141c8e,2025/01/11,Swiggy,1336.82,usd,failed,Food,A3,
60682bac-f1d5-48f6-afe9-2d1f64685a7d,19-09-2025,Local Bakery,1565.17,INR,failed,Shopping,A45,Anomaly check
b992d1a6-b326-424b-97a4-de253722c25e,13-08-2025,Amazon,4736.99,INR,FAILED,,A35,
b8c73185-aa50-4d2a-80c1-48a33ee3d3bc,2025/02/08,Uber India,1528.16,INR,Pending,Cash Withdrawal,A30,Anomaly check
640968b4-efea-46b9-b992-0a272550918d,03-08-2025,Amazon,$1805.76,usd,PENDING,,A41,Refunded
45a1af44-fadb-472a-aa21-2f410ddf0263,15-08-2025,Google,2173.35,INR,PENDING,Transport,A41,
d75041ae-6afe-4196-9934-d913e4bd0385,05-10-2025,Zomato,4959.09,USD,Pending,Cash Withdrawal,A22,SUSPICIOUS
d75041ae-6afe-4196-9934-d913e4bd0385,05-10-2025,Zomato,4959.09,USD,Pending,Cash Withdrawal,A22,SUSPICIOUS
139eed26-51c4-4bd4-8f67-58f3dd120990,2025/08/08,IRCTC,1792.67,INR,SUCCESS,Food,A39,
d8fdb1d9-a171-4f4d-b209-e6385db9bcf3,29-01-2025,Google,4962.03,INR,failed,,A17,Duplicate?
,2025/05/06,Amazon,790.56,inr,PENDING,Shopping,A19,
c0d56f07-1785-423b-bd9f-a36c1e94a783,13-09-2025,Spotify,1955.51,usd,success,Cash Withdrawal,A43,Refunded
1d897e39-3134-43bd-9338-96115a5d3c6e,2025/10/11,Flipkart,$4175.07,inr,PENDING,Other,A10,SUSPICIOUS
e4ef443e-ec72-4d19-9393-603e2b667cec,25-11-2025,Amazon,3323.68,INR,SUCCESS,,A34,Refunded
8512b721-0104-43f3-a9a5-124da8db99c5,01-11-2025,Swiggy,$1054.46,inr,Pending,Transport,A6,Anomaly check
,20-09-2025,Spotify,3441.33,usd,success,Utilities,A11,Refunded
7027e602-4acf-4ef3-957c-1462d4386914,24-10-2025,Amazon,4292.41,USD,Pending,,A36,Duplicate?
65ec0f13-1535-4900-ac2a-baa505788a6c,2025/04/29,Netflix,4801.58,usd,failed,Food,A7,Duplicate?
20356de7-2211-4528-9f7c-5af20581db14,2025/01/24,Local Bakery,3266.81,USD,failed,Travel,A34,Anomaly check
9c555c3b-e0e9-4f91-87f1-65c834751844,2025/08/05,Spotify,3009.34,usd,Pending,,A25,Anomaly check
c2636af0-e128-4a61-9b86-6d31e81be99a,24-09-2025,Uber India,1167.19,USD,FAILED,Shopping,A8,Anomaly check
182ea474-2774-4482-9d7d-8c9331ff8d94,05-12-2025,Shell Petrol,2800.88,usd,SUCCESS,Healthcare,A1,Refunded
182ea474-2774-4482-9d7d-8c9331ff8d94,05-12-2025,Shell Petrol,2800.88,usd,SUCCESS,Healthcare,A1,Refunded
e7727cb6-2bb8-433e-9e0e-e4aac4293da0,10-09-2025,Apple,4483.18,inr,PENDING,,A37,
,26-12-2025,Local Bakery,2093.8,INR,Pending,Entertainment,A11,SUSPICIOUS
0a73dcb0-23a2-4afd-9406-8259789cd327,11-06-2025,IRCTC,$2408.43,USD,success,Transport,A32,Duplicate?
2369220e-8433-420a-b679-4d546269245c,2025/07/23,Swiggy,1932.8,usd,Pending,Healthcare,A37,SUSPICIOUS
86e07797-5e69-4d9a-8405-fb032925d2af,25-04-2025,Uber India,887.97,USD,PENDING,Entertainment,A11,Duplicate?
f32dfd43-0bb8-4ab5-a159-d0a339829b39,27-05-2025,Uber India,3347.02,USD,PENDING,Utilities,A16,Refunded
9991df5c-dbdf-4d7d-8a75-2e2ffe0b1a91,2025/12/08,Apple,3820.83,INR,SUCCESS,Food,A14,
9acdcb5a-8e6b-46da-a219-af1d949d1864,2025/06/29,Zomato,4537.25,usd,SUCCESS,Travel,A14,Duplicate?
49afa32b-f545-42f0-8f08-7337658a8cb1,16-08-2025,Ola,4016.48,USD,SUCCESS,Utilities,A23,Anomaly check
ed120b82-7662-45e5-bf65-47a6799dd258,2025/02/08,Apple,$3326.94,usd,success,Utilities,A50,Refunded
14cb728a-1265-46e0-8d16-728a1d9e7d87,2025/04/20,Shell Petrol,1791.3,INR,success,Shopping,A31,Refunded
3ab5d36d-5b16-4cf4-93b5-2813e2eb45fc,17-02-2025,Ola,$500.77,usd,SUCCESS,Travel,A17,Refunded
f4a31f8b-d488-4893-bc8a-5abd683c44c1,20-12-2025,Spotify,414.93,inr,success,Food,A25,Refunded
a06eb3f7-cea8-4e75-9fc8-2dc3e9f57115,2025/10/08,Flipkart,2131.39,inr,success,Shopping,A10,SUSPICIOUS
ec6d2a4a-8b2e-4ccf-a166-f565155c7d68,2025/11/10,Spotify,3845.78,inr,SUCCESS,Shopping,A6,Refunded
ee1550f7-7a2c-4a67-ba37-5853a6bc38ab,2025/07/20,Flipkart,1669.02,INR,failed,Other,A24,Duplicate?
dd5ad71d-8d54-4814-b7ad-8f59b6d92814,2025/01/25,Ola,3720.2,inr,PENDING,Other,A43,SUSPICIOUS
bd3bfa14-fb5b-4644-b4e2-097f2732cef2,18-01-2025,Netflix,4338.35,inr,Pending,Shopping,A22,
fe870109-6faa-43e6-aa68-b3e9d8f85e0b,07-08-2025,Ola,$1518.4,USD,success,Healthcare,A23,Anomaly check
93df0656-61c9-41a0-82d9-b9b3881516fa,2025/02/02,Spotify,1992.66,INR,Pending,Other,A50,SUSPICIOUS
,07-10-2025,Zomato,436.2,INR,failed,Utilities,A24,
e9025974-3a08-4a2a-9879-72954b1fa2db,2025/07/03,Apple,297.54,usd,success,Healthcare,A14,Anomaly check
dd628ad2-3387-4184-b329-104695179390,06-06-2025,Flipkart,3953.67,inr,Pending,Cash Withdrawal,A48,
617b5361-bb24-4e96-a7f4-a9b8dca4f875,2025/10/12,Amazon,2618.46,USD,SUCCESS,Utilities,A46,Anomaly check
14f0db81-9f08-43e9-aa7a-710904b64b0a,2025/03/15,Flipkart,1248.14,USD,failed,Healthcare,A30,SUSPICIOUS
d05f8b7c-16bd-4555-8a47-e3ebe11b715f,18-02-2025,Apple,4878.62,inr,SUCCESS,Shopping,A2,Duplicate?
f7507e12-846c-41d4-bec4-ea5201d6351d,21-02-2025,Flipkart,3659.76,USD,failed,Shopping,A27,Duplicate?
f7507e12-846c-41d4-bec4-ea5201d6351d,21-02-2025,Flipkart,3659.76,USD,failed,Shopping,A27,Duplicate?
4eee228c-5101-4af2-998f-d017e7bb308b,2025/04/06,Google,2466.83,USD,Pending,,A46,Refunded
047dd4d4-f8cd-4b9d-babc-69e567ab6216,2025/02/25,Ola,3119.47,USD,FAILED,Entertainment,A10,Anomaly check
c825f1cc-e5bd-4dc8-a0c2-e844978e63c1,01-04-2025,IRCTC,4061.26,USD,SUCCESS,Other,A21,Anomaly check
04ead538-b2c2-4b9b-a558-27cc4baa7d15,09-07-2025,Apple,3182.34,usd,PENDING,Entertainment,A6,
a5174c86-cfeb-489b-b28d-739a72c837ee,11-06-2025,Spotify,1541.98,INR,PENDING,,A15,Duplicate?
8f7f1b8b-6426-4225-a938-70dec321850d,2025/08/01,Ola,9.86,inr,SUCCESS,,A38,Refunded
7063aa3c-3b7a-40ec-b195-01078daad3cf,2025/08/05,Swiggy,4059.92,USD,Pending,Healthcare,A22,Duplicate?
a071eb6e-b82b-4e4a-bf30-4f58e08e1f71,07-07-2025,Google,$466.32,usd,FAILED,Utilities,A15,Refunded
832d1dde-9162-4bd3-8240-c1f76c98fdf5,2025/04/21,Ola,4627.23,INR,Pending,Other,A43,Duplicate?
67f4eaf6-30b6-4c6a-87d0-fb121e0f439b,2025/02/11,Swiggy,2155.28,USD,success,Food,A33,SUSPICIOUS
b69057dd-95a7-4242-aeac-c108ee3add99,30-11-2025,Flipkart,1319.44,INR,Pending,,A48,Anomaly check
d784ecce-08ea-4856-b7b8-7d117e9eb808,2025/06/16,Uber India,1313.64,USD,FAILED,Travel,A12,
1614683f-4860-4fa0-b561-a24dbd128def,24-03-2025,Google,4469.87,inr,FAILED,Entertainment,A24,SUSPICIOUS
,2025/11/24,Flipkart,1488.23,INR,success,Utilities,A43,SUSPICIOUS
eaf8df34-1820-4cf1-8303-e83a87f606b9,18-12-2025,Netflix,33.7,USD,SUCCESS,Other,A46,SUSPICIOUS
7e0bb034-7364-4577-bdcc-45940bbc1964,2025/10/02,Flipkart,$4502.66,inr,FAILED,Food,A49,
82188c36-29a6-4295-b9c2-09be970c79f2,01-09-2025,Shell Petrol,206.04,USD,failed,Entertainment,A9,Refunded
d30fca72-9118-4122-a846-53ca664f8ba0,25-10-2025,Netflix,573.7,USD,Pending,,A14,Anomaly check
d2b08669-ce5d-462d-8bc2-f60f974cb8f9,03-09-2025,Apple,3376.26,USD,success,,A1,Duplicate?
9b7b0dd5-58f3-4e2a-8849-013a4645dd14,2025/04/24,Shell Petrol,2527.76,usd,PENDING,Healthcare,A10,Anomaly check
,2025/11/29,Uber India,3141.93,INR,PENDING,,A12,Refunded
bea8fa83-ef42-4c2c-ac14-9b164568b905,2025/12/30,Swiggy,129.95,USD,SUCCESS,Shopping,A20,
ab163ac3-b50a-4c35-9737-1e4874c80f2e,2025/08/12,Swiggy,40320.75,USD,Pending,Food,A6,Anomaly check
fe767bfa-07f9-4b4b-8a76-c6edd1a02854,04-05-2025,Swiggy,4896.1,USD,FAILED,Transport,A1,
be227946-39da-4ce4-935f-620813e5593b,15-03-2025,Ola,1127.3,USD,FAILED,Healthcare,A36,SUSPICIOUS
6f84acf0-1eca-40ed-9228-06453e50469d,2025/11/20,Shell Petrol,$557.26,usd,success,,A13,
bc926b5e-e344-43dd-8672-efbd730a8e21,2025/05/26,Zomato,316.67,USD,SUCCESS,Healthcare,A29,Duplicate?
e0f50538-8ded-45dc-932b-8aafe38b9ad8,2025/11/26,Netflix,140.62,USD,SUCCESS,,A23,Anomaly check
f9016cc2-d142-4020-8637-1d6b7884a30b,19-02-2025,Swiggy,2340.58,USD,failed,,A48,Refunded
7e490f06-602a-48b4-bc13-47d6544efaca,2025/02/07,IRCTC,4293.01,USD,Pending,Transport,A39,SUSPICIOUS
906f1a51-a8ba-4173-a92f-f850e6c0e4d5,2025/05/20,Netflix,2980.43,usd,FAILED,Entertainment,A32,Refunded
32d86cff-b928-4376-8d59-b94cb80f46e7,01-12-2025,Local Bakery,$4826.12,usd,PENDING,Healthcare,A27,Refunded
704a0669-ce70-4f7f-b34b-f3edcabaa472,27-09-2025,Amazon,4686.08,USD,SUCCESS,Healthcare,A17,Anomaly check
2b88ac80-e81b-4810-9c84-8128fc335d06,2025/03/17,Local Bakery,2551.0,USD,success,Entertainment,A29,Duplicate?
2baa9a99-b36c-4cd7-8e44-454883700f3e,2025/05/24,Amazon,2358.02,inr,failed,Healthcare,A35,
c192ab59-6d17-4063-9702-0da2b1f64ef4,15-06-2025,Netflix,3394.97,inr,PENDING,Travel,A45,Anomaly check
d671a00d-2b2d-4c2f-bae0-d0ffb1b9e430,08-08-2025,Zomato,1648.8,INR,Pending,Transport,A3,
04f436ce-881e-4227-9b48-043dea432f1a,18-10-2025,Amazon,1976.88,INR,FAILED,,A50,
8ca13bad-f71e-4cdb-973d-b2f20318fce0,27-06-2025,Ola,2555.74,inr,SUCCESS,Other,A22,Refunded
7da63491-7f4f-4af7-a8fe-ba1685f06973,2025/06/29,Spotify,2263.78,inr,success,Food,A6,Anomaly check
fe7cf492-5387-4d11-9f87-019fec5af455,18-09-2025,IRCTC,3361.01,usd,PENDING,,A17,
127ead14-6103-41ee-b672-7edfbfe1d296,28-04-2025,Apple,776.15,INR,PENDING,Cash Withdrawal,A37,
282c4ff8-8c16-43cc-817e-220c3bbcb2ab,21-02-2025,Swiggy,2367.7,inr,FAILED,Shopping,A6,Anomaly check
f8ca844a-34b9-4dfe-a469-a22d56f6ef0e,2025/02/07,Local Bakery,1341.49,usd,failed,,A16,
05330dfd-19fc-4788-a9c7-925315f42dc4,2025/05/30,Apple,2984.79,usd,success,Food,A23,Duplicate?
05330dfd-19fc-4788-a9c7-925315f42dc4,2025/05/30,Apple,2984.79,usd,success,Food,A23,Duplicate?
3af63f0c-d308-4df1-b768-44e5cdb06528,25-02-2025,Zomato,4029.66,inr,Pending,Utilities,A40,Duplicate?
0e01317e-5bf0-4f97-bf3d-4e9b8e38c590,2025/10/04,Apple,696.25,inr,FAILED,Transport,A46,Refunded
e66bb603-cd81-48d7-b30d-25c2f50a30b1,24-03-2025,Zomato,$2827.49,inr,success,,A23,SUSPICIOUS
c51f19fa-7427-40ae-874f-ce65853000a2,24-07-2025,Flipkart,1627.41,USD,SUCCESS,,A20,Duplicate?
dcb428fc-dbf0-4183-a5d4-46d1382eda1c,2025/12/24,Swiggy,464.2,USD,SUCCESS,Healthcare,A18,Refunded
e55f3baf-dbc3-4e82-8ac8-b528c2a23544,03-08-2025,Google,2244.43,INR,success,Healthcare,A30,SUSPICIOUS
c1a759c9-1c7e-450f-9cde-26404f12af9a,2025/08/02,Netflix,3398.17,usd,success,Travel,A2,Anomaly check
6440b5c3-aaea-463e-9c08-d7d434354145,2025/02/24,IRCTC,3632.18,inr,success,Utilities,A40,
a9b69dde-d9aa-452b-a516-e37dc7aa58da,01-05-2025,Zomato,2875.18,USD,Pending,Other,A38,
161cdfb6-e2bf-43bc-b327-9b4125bd23e7,10-07-2025,Amazon,$3715.93,USD,FAILED,Travel,A1,
0abb28ed-d755-4366-a454-a7e8db8a0258,2025/01/29,Apple,1081.61,usd,failed,Other,A9,SUSPICIOUS
,07-05-2025,Spotify,$991.76,INR,Pending,Shopping,A43,SUSPICIOUS
b1f8f17e-a1b7-40f2-9b70-f6e93c9721a2,01-04-2025,Uber India,37.71,usd,PENDING,Cash Withdrawal,A28,SUSPICIOUS
ac33341c-a61e-4b89-bea5-c95aa8f7511f,2025/07/04,Amazon,1086.06,usd,Pending,Entertainment,A7,
0936f4ab-2376-4360-9a7a-dc35a0c31842,2025/06/14,Netflix,1433.67,INR,PENDING,Healthcare,A19,Refunded
5cde6430-bf4a-46a8-ab99-b2e6431f0325,2025/01/30,Netflix,$4835.25,inr,FAILED,,A44,Refunded
bcc5f836-1a63-42b4-8a41-1358d412290a,2025/12/26,Zomato,$3892.42,INR,Pending,Food,A41,Duplicate?
1bd00694-6fea-46d4-a464-677c3785f69c,2025/06/16,Swiggy,4449.22,usd,failed,Food,A40,
67f5ea09-a860-4486-9d4d-87a37fa42bbf,29-10-2025,Apple,948.15,usd,PENDING,Healthcare,A19,Duplicate?
6852cf67-fe4a-421a-83f9-2c1aea377932,27-03-2025,Amazon,3157.77,usd,FAILED,,A9,Refunded
63831b96-51df-439d-925b-7db24d4ff6c0,2025/01/28,Uber India,$4438.87,INR,success,,A21,Duplicate?
83d0cf2e-c6ad-4ea3-a706-83e1d797a64c,2025/08/16,Shell Petrol,4636.54,USD,PENDING,,A2,Refunded
,20-02-2025,IRCTC,3694.37,USD,PENDING,Entertainment,A5,Anomaly check
e1b4016c-1415-4b15-9cd2-27492b4733e7,04-07-2025,Spotify,2535.27,INR,failed,,A27,
c13b8e8e-f434-4c0d-a748-6b38818d9b11,27-09-2025,Ola,3905.67,inr,failed,Shopping,A20,Refunded
c13b8e8e-f434-4c0d-a748-6b38818d9b11,27-09-2025,Ola,3905.67,inr,failed,Shopping,A20,Refunded
a6e8064c-3aba-47e2-86c1-b24a5087646c,06-05-2025,Spotify,3687.85,usd,success,Entertainment,A24,Duplicate?
4b18867e-c560-41d9-aca5-f0c708d9b196,2025/07/25,Uber India,2854.5,usd,Pending,,A25,Duplicate?
8e20a3cd-a96c-4ff2-abf9-109d6123eeee,2025/05/24,Flipkart,1994.46,INR,FAILED,Travel,A16,
cf2371b2-7b74-4afe-9cb9-37684eb680c7,16-10-2025,IRCTC,3498.09,usd,SUCCESS,Shopping,A30,Duplicate?
c3b7a9cf-fd4c-43e0-9522-5a1551d8a098,2025/11/07,Swiggy,$3438.18,USD,Pending,,A28,
4045e1ac-758f-4f38-90cc-8e624e76e97a,2025/04/24,Flipkart,1217.53,USD,SUCCESS,,A34,Refunded
d88f58f6-28dd-4e1f-a12d-9699f77f3c0d,2025/07/25,Ola,$1294.5,USD,Pending,Utilities,A27,Refunded
ebef08dc-e416-4f75-8c0e-f22bee35e738,29-09-2025,Local Bakery,2534.28,usd,FAILED,Other,A5,Duplicate?
ebef08dc-e416-4f75-8c0e-f22bee35e738,29-09-2025,Local Bakery,2534.28,usd,FAILED,Other,A5,Duplicate?
ad068e19-dfac-4c1d-8a76-2ca7c60c9021,2025/09/01,IRCTC,2266.21,USD,failed,Food,A8,
7c2d39f4-21e0-4a10-9e9e-17812b171400,2025/08/24,Google,2426.57,inr,FAILED,Other,A7,SUSPICIOUS
6ecbb227-426b-41e7-aabd-bdcba6bfe14c,2025/08/10,Netflix,720.76,usd,failed,Entertainment,A16,Duplicate?
ef2662f7-58c9-492d-95b8-0807e58274a4,22-09-2025,Uber India,328.58,USD,SUCCESS,Entertainment,A26,
91c9e3e7-a140-409c-82fe-2db0f3b8eb96,2025/01/12,Uber India,2398.37,USD,SUCCESS,,A10,Anomaly check
,16-04-2025,Amazon,4982.81,usd,Pending,Cash Withdrawal,A1,
834b8b1d-28cc-4803-a231-1b054e752ce3,2025/07/09,Apple,1805.41,usd,Pending,Entertainment,A23,
8d05b420-1e41-4e70-be19-c7a05010c21c,25-04-2025,Spotify,1546.22,USD,FAILED,,A18,
,02-01-2025,Amazon,1988.36,usd,PENDING,Utilities,A44,Anomaly check
1d947276-dd5f-46a3-9f94-401265663294,2025/01/19,Spotify,$3342.14,inr,SUCCESS,,A27,Refunded
f096aa43-8082-4bce-a59f-ae6634b0907d,2025/11/02,IRCTC,$3697.45,usd,PENDING,Shopping,A7,
c9c663bf-5925-4aa3-a8ae-a741217edd8c,21-09-2025,Uber India,3372.93,inr,FAILED,Utilities,A10,Refunded
76f6d575-adfb-4878-ac7e-b1fa4440b5b4,2025/10/12,Apple,$3614.59,INR,Pending,Cash Withdrawal,A16,
3bf8f658-fdba-45d9-9c04-44e372742a43,2025/12/08,Uber India,2330.53,usd,success,Utilities,A47,
9b4481d4-cdc4-4643-aa64-da0b241a37aa,2025/10/15,Flipkart,1084.16,inr,SUCCESS,Cash Withdrawal,A39,SUSPICIOUS
a0da7429-e9e8-4fb9-b049-1e003a16f6a0,17-07-2025,Amazon,2506.95,INR,PENDING,Travel,A19,Anomaly check
db22dfb4-f1b7-4514-9664-db9cad044b5e,17-11-2025,Swiggy,1836.45,usd,success,,A1,Duplicate?
,2025/09/24,Spotify,1450.27,INR,SUCCESS,,A25,Refunded
c2e8944b-4a66-487b-b2e0-cd2f01ab16ed,27-02-2025,Netflix,$978.69,USD,success,Utilities,A8,
f60e85f5-149a-4528-80bd-8defdc3e2061,2025/12/20,Flipkart,2251.41,inr,PENDING,,A25,Refunded
742979c0-fa9f-4c7b-8d76-424b4f0a0b5e,2025/06/16,Shell Petrol,$3588.84,inr,Pending,Food,A1,Anomaly check
342ecf3b-6aa0-46fd-a248-8370e6a5fa03,2025/02/06,IRCTC,758.85,USD,FAILED,Entertainment,A5,SUSPICIOUS
9c7070bd-b5c1-4713-9067-024920982ae0,12-01-2025,Zomato,3777.73,USD,SUCCESS,Transport,A18,
9c7070bd-b5c1-4713-9067-024920982ae0,12-01-2025,Zomato,3777.73,USD,SUCCESS,Transport,A18,
5645e701-bb8d-4add-91d3-964d7b624f10,2025/12/03,Netflix,$1647.55,usd,Pending,Other,A35,Anomaly check
3e6140c6-5435-4809-8878-5707e4a36cbd,2025/01/12,Flipkart,3138.62,inr,SUCCESS,,A37,
3e6140c6-5435-4809-8878-5707e4a36cbd,2025/01/12,Flipkart,3138.62,inr,SUCCESS,,A37,
c11b561c-ad32-44fc-81a1-165a78f82fe7,16-12-2025,Ola,2382.36,usd,FAILED,Utilities,A8,
caccb472-59c9-415b-9408-d83da06755e5,2025/08/13,Ola,432.95,USD,failed,Other,A18,Duplicate?
1130db3b-a939-4b42-a98a-afeb1b8c91d0,13-08-2025,Amazon,$3292.97,usd,SUCCESS,Shopping,A13,Anomaly check
cc3415f6-9caf-4357-94a0-af0b2f65ce48,06-02-2025,Netflix,760.75,INR,PENDING,Other,A9,Refunded
d7572ec2-c3b0-4818-85f7-a3d4b860d6dc,2025/11/19,Swiggy,$2337.33,inr,PENDING,Entertainment,A31,Duplicate?
f8d93dc2-b376-40b6-8f18-e5f9c921a68c,07-06-2025,Google,$3972.15,USD,Pending,Food,A43,SUSPICIOUS
3d256c11-c1c2-476f-b09b-db363c34a9bc,2025/07/08,IRCTC,3645.6,inr,failed,Entertainment,A16,Refunded
d00c7da7-a887-408d-a599-b5771d449044,04-03-2025,Amazon,$3584.98,inr,success,,A36,SUSPICIOUS
78c9a339-e2fa-4cee-890e-6afcc8d53d88,30-11-2025,Apple,3989.28,inr,success,Cash Withdrawal,A29,SUSPICIOUS
7532f001-b892-411f-9e77-8430b161c59f,12-01-2025,IRCTC,1559.02,usd,success,Utilities,A39,Anomaly check
8b082f3e-4add-4cf8-b5df-8f9eecb2fa1c,2025/07/24,Netflix,3812.49,inr,SUCCESS,Other,A50,Anomaly check
e66d6fca-3b1b-4d2f-a0d4-f09a2eba7813,2025/09/05,IRCTC,4327.67,usd,failed,Other,A37,Anomaly check
aa68bc60-4acf-4de2-ad3b-6040b46ad50a,23-12-2025,Netflix,4642.87,INR,SUCCESS,Other,A22,Anomaly check
fccd07bb-14ac-46b6-93f2-1f34e33910c9,07-07-2025,Amazon,30.18,inr,success,Food,A10,
06e3736a-317e-440f-a15b-6db1ecfb3e16,18-05-2025,Shell Petrol,2799.23,usd,failed,Transport,A14,Anomaly check
,09-06-2025,Spotify,1004.26,usd,Pending,Cash Withdrawal,A32,Refunded
7b4013e3-6847-4261-8dcd-7154dce97760,29-03-2025,IRCTC,$4062.09,INR,success,Shopping,A34,
8c5eae80-1e1b-4133-b0d1-450a28374a32,2025/09/13,Amazon,186.04,usd,FAILED,Utilities,A33,Refunded
8c785196-13d0-4e2d-90db-9353ea887511,2025/10/06,Zomato,45334.39,INR,failed,Entertainment,A10,
c02882b6-22f9-41b8-80dc-13413680dea8,27-01-2025,Local Bakery,$419.54,INR,failed,,A33,Refunded
,02-09-2025,Google,3481.73,usd,SUCCESS,,A33,
210589ea-5c13-4aa7-af0c-d196ba7dde6c,01-01-2025,Netflix,1699.05,usd,SUCCESS,Cash Withdrawal,A15,SUSPICIOUS
cee4c705-3a7c-4f5c-8847-ea975e85f55f,2025/12/31,IRCTC,$808.26,INR,Pending,Utilities,A4,SUSPICIOUS
2a3d982c-730b-4627-9a42-26f876877fc6,2025/12/24,Spotify,4320.0,INR,SUCCESS,Utilities,A23,Refunded
bda0cb58-31d5-4af1-8056-02585b1f1a7c,2025/07/28,Shell Petrol,4600.22,USD,success,Transport,A50,SUSPICIOUS
28112a58-efb0-47e2-abaf-257d5e831800,2025/07/28,Ola,1861.74,inr,success,Other,A15,Anomaly check
26bb3682-766f-4bd9-a05f-39a55f870e13,2025/09/30,Swiggy,3616.99,INR,failed,Healthcare,A20,Anomaly check
6ad52160-866a-41a8-ac14-9e56ce1ddff4,2025/08/01,Ola,736.2,USD,SUCCESS,Food,A32,Refunded
8758ddaf-e86f-4e86-ba55-8062699dd7b0,04-01-2025,Netflix,3157.26,inr,failed,Shopping,A43,Refunded
a9720422-33a1-43ff-84da-a9c2355c03ed,18-11-2025,Amazon,4568.74,inr,success,Cash Withdrawal,A14,
9a3c86e4-cbc4-4f6b-b1bd-415d4077dbac,07-01-2025,Local Bakery,2328.25,inr,Pending,Travel,A25,Refunded
f0593242-6651-4d0b-b2c3-313a07d18a3c,2025/08/11,Ola,4907.95,USD,Pending,Utilities,A30,Refunded
7dd9d64c-5390-42b6-a5e7-0be7966d681f,13-11-2025,Uber India,2506.38,usd,failed,Utilities,A44,Duplicate?
510b0711-d3bb-471e-ad0a-bcc21fadd967,2025/08/05,Swiggy,3045.74,usd,Pending,Food,A26,Duplicate?
00832c2b-b216-458a-856f-b4a87e94447e,2025/06/16,Zomato,2726.12,usd,FAILED,Travel,A41,Refunded
9d653515-2949-446b-adc5-e578c2daf251,2025/03/26,Zomato,346.25,inr,PENDING,,A14,Refunded
27b38e25-07ff-4df3-9496-6df0384b1314,12-02-2025,IRCTC,4753.39,usd,Pending,Other,A31,
f814b615-aaa6-4454-a55a-e8870190a0bc,2025/08/28,Netflix,1585.27,USD,PENDING,Transport,A28,SUSPICIOUS
055ce288-c928-43e6-9ccf-df0d6633a80b,12-12-2025,Apple,1881.95,USD,SUCCESS,Food,A34,Duplicate?
714e4a80-3125-4435-8492-9bb88c135518,2025/08/18,Apple,711.59,usd,SUCCESS,Entertainment,A4,Anomaly check
51570929-2288-4e32-82d7-ab0298e33889,17-05-2025,Google,2663.18,USD,Pending,Healthcare,A22,Duplicate?
93ffe356-39a1-41b7-b0e5-2b876fa3d15e,2025/08/06,Netflix,3026.75,inr,SUCCESS,Shopping,A46,Duplicate?
,2025/03/30,Apple,1095.3,usd,failed,Cash Withdrawal,A10,
d74b9b3f-7490-47e7-99a1-528f507594b2,2025/04/21,Apple,3739.19,inr,success,Food,A21,
f6939b4f-1472-467d-94b4-7c426431cb22,2025/12/03,Ola,3809.4,INR,PENDING,Utilities,A3,Anomaly check
14baf4e2-5728-4439-817b-1684809abc27,20-06-2025,Apple,2047.93,INR,failed,,A19,SUSPICIOUS
142896b3-93ef-4539-b149-51dd34e9766f,01-06-2025,Google,676.14,usd,FAILED,,A39,
0b0986a2-ed94-4f68-bee7-abecdccf7c43,2025/11/02,IRCTC,$1067.04,USD,FAILED,Utilities,A10,Anomaly check
3b42e8c7-dcf6-431c-9fb7-d610d8a2aa33,24-12-2025,Spotify,4386.65,USD,FAILED,Entertainment,A1,Refunded
ce3eda78-c467-4465-a8a3-b5a59e32d020,14-05-2025,Swiggy,377.56,INR,success,Healthcare,A32,Duplicate?
48ec41a3-f76f-4dc4-a771-bbd0e8d7c7ba,25-02-2025,IRCTC,$1826.65,USD,SUCCESS,Travel,A14,
4d2a55fc-846a-493e-99d1-ddc6cfce25f3,2025/06/29,Zomato,2603.29,inr,PENDING,Food,A22,Duplicate?
ed93c791-ea27-46d6-a199-ad7d7bad50e8,27-04-2025,Shell Petrol,316.7,INR,success,Utilities,A30,Anomaly check
691b9f78-1374-4ca0-8979-75ff425aba55,13-05-2025,Swiggy,4871.68,USD,PENDING,Shopping,A14,Refunded
df7d336f-0bee-4ee0-8ca1-a82d238f5632,04-02-2025,Apple,42.52,INR,SUCCESS,Travel,A25,Anomaly check
346132e0-acda-445e-a9e4-d373734a20cd,01-09-2025,Google,4594.38,INR,success,Cash Withdrawal,A23,Refunded
17fa4c22-caa5-4094-8609-06057e0fb21b,2025/04/15,Flipkart,$1645.76,inr,Pending,Utilities,A11,
b1ee994c-4205-46cd-91c8-7d5bdd6de170,14-11-2025,Amazon,453.6,usd,SUCCESS,Cash Withdrawal,A13,
224d77f5-4959-4d9e-8c1b-529d32a467cc,24-06-2025,Swiggy,3297.18,USD,success,Shopping,A5,Refunded
797c1272-63b6-4561-808e-de1668db2ad8,2025/05/01,Amazon,2484.51,usd,failed,Entertainment,A28,SUSPICIOUS
d661402a-35d8-488f-b2f7-bd37023710ee,2025/12/06,Zomato,2033.83,usd,failed,Entertainment,A50,
2d85c913-4004-484e-be8f-41273e0080fc,2025/06/22,Amazon,663.86,inr,PENDING,Transport,A4,SUSPICIOUS
,04-12-2025,Amazon,1604.33,inr,SUCCESS,Food,A8,Anomaly check
c8fdb388-6101-49ac-a400-3db75d393d1f,2025/10/23,Shell Petrol,1073.58,inr,PENDING,Utilities,A39,Refunded
bf972a78-a7d3-4407-8bd8-259c586dc1e4,2025/02/12,Local Bakery,1894.08,usd,FAILED,Entertainment,A49,Duplicate?
7444826d-d0ba-46fc-907f-627f59e98607,2025/06/23,IRCTC,1811.6,inr,FAILED,,A41,Refunded
37abf780-63e9-4a91-b8b9-8c9695d1c782,2025/11/27,Uber India,1241.17,inr,success,,A47,Anomaly check
20676440-05e2-4a5c-82d4-86c660f8980e,2025/02/02,Google,$4678.73,USD,SUCCESS,,A41,Refunded
de213b6f-b162-49a9-8aaf-93667badc3c7,2025/03/13,Spotify,4440.93,INR,failed,Transport,A44,Anomaly check
611d5269-c580-45df-ac0e-a121579f52ac,24-02-2025,Swiggy,$3438.94,INR,Pending,Other,A4,
c4f55652-01c8-486b-b49d-42a0b78c4d17,31-07-2025,Ola,4167.46,INR,PENDING,Cash Withdrawal,A18,Duplicate?
812265be-0518-43e6-b4dc-6f9ddb630f06,2025/04/05,Swiggy,925.65,USD,success,Food,A8,Refunded
,18-04-2025,Netflix,$4135.69,INR,failed,Food,A21,Refunded
b702225b-194c-47e1-bc87-81987f5d9909,21-09-2025,Apple,3685.9,usd,SUCCESS,Cash Withdrawal,A44,Refunded
f45b191f-9fb2-45c9-99ea-39192d897807,16-06-2025,Flipkart,$1571.12,usd,SUCCESS,Shopping,A22,Duplicate?
bfe5c618-7141-4374-a8ac-6ae76d5b9cac,2025/09/14,Amazon,$3364.45,inr,PENDING,,A39,SUSPICIOUS
2ed2ba04-a77b-42cc-8269-3b91a0a11810,2025/11/20,Netflix,$3582.29,inr,FAILED,,A22,Duplicate?
4fde6a31-97f3-4b2b-8103-1636ca68a784,2025/04/22,Amazon,$4992.04,USD,SUCCESS,Utilities,A2,Anomaly check
13186282-54b3-4686-892f-c1c00b611174,2025/08/04,IRCTC,1619.01,USD,PENDING,Shopping,A31,Duplicate?
c1b25fd8-5247-470f-a08b-ec9d33532898,2025/12/04,Zomato,4159.52,USD,SUCCESS,Transport,A12,Anomaly check
,09-05-2025,Uber India,3457.38,USD,SUCCESS,Cash Withdrawal,A17,Duplicate?
,2025/05/07,Spotify,$2824.71,usd,PENDING,Cash Withdrawal,A50,SUSPICIOUS
7e8654da-0d04-401f-8f90-ea1ed9f6ca50,2025/02/01,Swiggy,439.92,usd,Pending,Travel,A21,SUSPICIOUS
516f4d41-c7af-4148-b108-45702c67522c,2025/07/20,Amazon,1735.38,INR,Pending,Cash Withdrawal,A5,SUSPICIOUS
37d51af8-957b-4525-91af-c06f45fb586a,2025/06/22,IRCTC,2840.77,usd,Pending,,A9,Refunded
7a72f744-958d-489d-9f80-cf3438a6166e,2025/09/12,Ola,2404.96,INR,failed,Other,A24,SUSPICIOUS
8bc7bbe4-60dc-4edf-8282-49168d59bf40,13-08-2025,IRCTC,$1089.75,inr,success,Cash Withdrawal,A49,Duplicate?
9cb3e9ec-0df2-4201-a22f-7b050537057b,10-05-2025,Ola,2931.96,usd,failed,Shopping,A20,Anomaly check
58894872-cb63-4c9f-9b01-b5293be9d820,2025/06/09,Zomato,$3463.57,inr,success,Entertainment,A46,
d7f4ca90-f2f7-413d-a3cd-6ff967e6ac51,19-12-2025,Flipkart,$2716.13,USD,FAILED,Utilities,A43,Duplicate?
abc19be3-0b57-424d-8782-1a75ad5a9fab,2025/06/05,Flipkart,1454.01,usd,SUCCESS,,A12,Anomaly check
fe45a031-4ac1-4bcd-b0cc-1ac7ec4b3972,25-12-2025,Netflix,3847.22,USD,Pending,,A11,Refunded
bae4f971-5d99-477a-ad00-64de0ad28a6e,02-10-2025,Local Bakery,206.19,inr,success,Travel,A41,
576b7cb7-23c7-4c42-94db-428689c59091,15-05-2025,Spotify,1821.87,USD,PENDING,Cash Withdrawal,A43,Duplicate?
c223523b-0778-4a8e-afac-2f0502df909c,13-04-2025,Amazon,3162.54,USD,failed,Shopping,A26,
158e47ed-0b58-4fdc-9ba3-c47ac2862519,2025/04/04,Google,2698.35,inr,success,Transport,A25,SUSPICIOUS
18554a6b-1b54-4602-8869-7a5652f8de94,2025/02/22,Spotify,755.53,usd,PENDING,,A15,Anomaly check
3354fbf0-0473-4ae5-bee9-a45dd6f507ea,20-02-2025,Zomato,3034.2,usd,success,Shopping,A2,
3f73b316-46ad-4517-9ae1-80730db2a808,2025/01/31,Apple,3827.96,usd,failed,Transport,A42,
ff018143-d66b-486e-a426-cdb65589492b,2025/06/10,Local Bakery,$154.89,inr,Pending,Food,A21,
8d2072d6-a8a6-4ef7-bdba-541a0bdb86f6,2025/11/05,Zomato,3365.14,USD,SUCCESS,,A47,Refunded
6fb34b6c-6ce4-494c-ae03-65bd9627a066,2025/10/07,IRCTC,$1284.38,USD,SUCCESS,Travel,A19,
5a62259c-a028-4bf4-a47c-eb8fd0c89d69,2025/04/13,IRCTC,2462.23,INR,failed,Entertainment,A47,
62d87f2d-9fce-4654-8f82-78dff8f72526,2025/01/04,Flipkart,397.24,usd,success,Healthcare,A37,SUSPICIOUS
,17-04-2025,Amazon,$3441.9,USD,SUCCESS,Shopping,A44,Refunded
db21d79a-d109-45c5-b533-b982c9f781ef,2025/03/04,Uber India,62.48,INR,Pending,Entertainment,A21,Duplicate?
5bd8311d-fa6b-4bbe-81ab-3fd7a760b7a5,28-11-2025,Zomato,4450.49,usd,PENDING,Other,A2,Anomaly check
a769975c-3a7f-47d3-a674-2d459b4fbda3,28-06-2025,Google,3256.7,inr,PENDING,,A45,Duplicate?
d0372a00-22fd-4352-b9d3-7f226fccd216,2025/09/25,IRCTC,4275.78,usd,Pending,Other,A13,Refunded
991eac44-f156-48cd-8782-eb7cfd1c50e7,31-12-2025,Spotify,$4163.85,usd,success,Transport,A4,Duplicate?
,28-01-2025,Uber India,1257.59,usd,FAILED,Entertainment,A47,Anomaly check
4b133fc9-c806-415c-9ff1-ab4557a5a92c,2025/08/22,Flipkart,$2270.19,inr,SUCCESS,Shopping,A19,
8b655bde-99b9-40a3-92db-95fcda7e48a1,16-12-2025,Netflix,4123.49,usd,SUCCESS,Utilities,A17,Refunded
96ee359f-5b12-4fc2-acb3-2fd12c908235,08-01-2025,Netflix,80.78,USD,FAILED,,A36,
b1ba9070-f2b6-4cb2-a01e-d302c80c1a8c,2025/05/10,Shell Petrol,645.02,INR,Pending,Utilities,A21,SUSPICIOUS
0a5f2373-5396-4c2b-b2c4-6e3a3bd6733c,2025/09/26,Ola,4102.78,INR,Pending,Entertainment,A5,Anomaly check
4fa6f9ae-5a18-4430-8b61-15785e1e9ae0,02-03-2025,Swiggy,2274.01,usd,failed,Entertainment,A17,SUSPICIOUS
5d0d9676-09a3-452f-963e-766fd12255ea,14-02-2025,Local Bakery,4417.69,INR,Pending,Transport,A35,Duplicate?
6227b217-c191-4e1a-806c-5d77fe2648ff,2025/05/15,Swiggy,3471.04,USD,failed,Other,A42,SUSPICIOUS
c5394d3f-9518-4b92-8d71-10118ea13b06,2025/12/29,Apple,809.15,USD,Pending,Healthcare,A32,SUSPICIOUS
9b562996-248a-4c3a-a33b-46b0f5e916c0,2025/07/18,Local Bakery,3236.49,INR,FAILED,Cash Withdrawal,A4,Anomaly check
7b4dec58-3bc4-4eb3-9715-628265152151,2025/11/14,Zomato,1216.38,usd,PENDING,Food,A3,Refunded
,17-04-2025,Uber India,4325.71,usd,FAILED,Entertainment,A41,Duplicate?
0955e0ff-e84d-42fe-a8f5-a736550f642b,2025/09/08,Google,203.48,USD,success,Entertainment,A15,Duplicate?
73f30cbe-cde8-4d8c-9ee9-b4dfb8a75491,2025/08/10,Swiggy,2392.55,INR,PENDING,Utilities,A5,Refunded
8c8f162e-3d7a-4d60-977b-e587b57bf003,2025/09/19,Swiggy,$1386.82,USD,PENDING,Shopping,A46,Refunded
855238b7-af90-4f32-8d76-79ba25656df8,06-10-2025,Local Bakery,2268.45,INR,SUCCESS,Other,A8,SUSPICIOUS
7ffca400-e079-4384-bb34-222b48af489e,19-03-2025,Netflix,2103.53,USD,success,Shopping,A47,
8a771166-fa5c-4d43-aff1-12e9308bb2fb,25-05-2025,Flipkart,$1265.14,usd,success,Shopping,A29,Anomaly check
74d7cdfe-1ea5-4d72-91b1-7a08bfe0f9fe,2025/06/10,Swiggy,69.22,INR,Pending,Travel,A42,Refunded
4395fb92-ebb3-45c1-be25-b580f26306f0,2025/05/13,Zomato,$1670.64,INR,failed,Entertainment,A4,SUSPICIOUS
dae75834-c926-46bf-96d0-e0d99420472c,11-10-2025,Google,1623.36,INR,PENDING,Travel,A25,SUSPICIOUS
bde8d1a5-978a-4aee-aac8-eb38ccfd520d,2025/07/04,Flipkart,4316.87,INR,Pending,Utilities,A40,
7eab43f6-6540-4eca-b059-f1cd3ef24a3a,01-09-2025,Flipkart,1822.69,usd,success,,A3,Refunded
f858ae02-1e0d-467c-b5bc-1973858d35e2,2025/12/16,Local Bakery,4313.03,inr,PENDING,Travel,A48,Refunded
252ee8ea-6fe4-4fc2-8535-d6ed66b9836b,2025/04/25,Netflix,$1042.39,USD,SUCCESS,Transport,A23,Duplicate?
edea8cf8-127c-4e0c-ba01-72ccddaffe1f,2025/02/08,Shell Petrol,$987.84,INR,Pending,Food,A35,SUSPICIOUS
edea8cf8-127c-4e0c-ba01-72ccddaffe1f,2025/02/08,Shell Petrol,$987.84,INR,Pending,Food,A35,SUSPICIOUS
4b43eb12-f034-402b-b8c2-4592995f229b,06-08-2025,Flipkart,$1726.62,inr,Pending,,A43,SUSPICIOUS
1bd8e51a-47f8-46f8-a119-eba89a264ea1,2025/08/23,Shell Petrol,$4276.55,usd,FAILED,Other,A38,Anomaly check
d92929a6-ea91-44a3-a238-71961dcc7237,2025/06/04,Local Bakery,3098.61,usd,success,,A18,
13893718-f92d-41d4-9a3c-c78a4ae0f363,2025/05/13,Zomato,3600.99,inr,Pending,Shopping,A49,SUSPICIOUS
67228a38-c2c0-4003-ad58-592e054370c7,20-05-2025,Ola,3758.28,inr,SUCCESS,,A40,Duplicate?
e1e6f357-3320-4627-a9da-6b52dc73ee0a,17-02-2025,Flipkart,2100.42,inr,PENDING,Transport,A31,Refunded
98af701e-70b7-4224-b4fc-529f3c6fa49a,2025/04/11,Zomato,1729.73,inr,SUCCESS,Utilities,A12,Duplicate?
d1df7c87-7acf-4f69-9398-f589d626c4ce,2025/12/30,Ola,1530.94,inr,SUCCESS,,A9,SUSPICIOUS
c4f26088-d388-48fd-bd5d-0f2190fa83e5,19-11-2025,Amazon,$2529.9,USD,PENDING,Transport,A30,SUSPICIOUS
22aeec90-6498-4703-bfb3-61afc28e9e17,2025/12/12,Swiggy,$2728.66,INR,failed,Entertainment,A41,
68d80059-a2c5-4c16-ad5c-374996a20589,2025/10/19,Flipkart,2692.21,inr,SUCCESS,Entertainment,A33,Refunded
,06-11-2025,Ola,1613.84,INR,Pending,Utilities,A47,Duplicate?
,06-11-2025,Ola,1613.84,INR,Pending,Utilities,A47,Duplicate?
d1ca7b60-952b-4c31-9097-c11cf95ea368,13-08-2025,Amazon,$2717.58,USD,SUCCESS,,A42,SUSPICIOUS
b6598d1e-244c-472c-bd7d-3d1a1f16109a,2025/01/25,Ola,1225.42,inr,success,Food,A1,Refunded
4966f570-9dec-4521-8ca0-1b7ffe636261,2025/10/22,Apple,$4468.94,inr,SUCCESS,Entertainment,A3,SUSPICIOUS
ab6e8dc1-6c26-493c-b05c-4e9fa01e57b0,30-01-2025,Amazon,3802.04,INR,Pending,,A35,Duplicate?
efaeef83-4fb2-48bb-8bb0-23a6850990db,2025/10/20,Local Bakery,47140.18,USD,success,Transport,A41,
9b399afa-1688-47f3-b8d4-ae5ead10bdae,2025/05/09,Flipkart,$4184.67,inr,success,Travel,A47,Duplicate?
63404ba2-0217-4421-8e97-8de6adb45229,2025/06/27,Google,4438.06,inr,Pending,,A25,
5dabc476-7e84-43d0-913a-c274cec5d18e,2025/04/19,Ola,3399.83,INR,PENDING,Travel,A31,
3b92c524-82a9-42f8-9c12-c993abde3195,2025/06/14,Swiggy,4966.49,USD,failed,Shopping,A32,SUSPICIOUS
355ebe35-6392-4388-a030-40598739569f,2025/10/15,Local Bakery,1439.87,USD,failed,Transport,A35,Duplicate?
355ebe35-6392-4388-a030-40598739569f,2025/10/15,Local Bakery,1439.87,USD,failed,Transport,A35,Duplicate?
da50b3fa-38e7-4fa7-9f01-f9b3da65ccf5,2025/08/21,Zomato,4186.95,INR,Pending,Transport,A40,Duplicate?
79831c6d-bb5b-4784-b94a-449e68c10cf5,09-11-2025,Spotify,3328.51,inr,failed,Food,A22,SUSPICIOUS
7b738311-b0c7-4f36-83dc-82035220760f,2025/01/11,Uber India,$258.52,usd,success,Transport,A46,
,2025/06/17,Spotify,4675.84,USD,SUCCESS,Healthcare,A27,Duplicate?
c7cbaae8-11dd-4053-abcc-ef5a60d50541,18-06-2025,Netflix,$340.24,USD,failed,Healthcare,A49,Duplicate?
9902ea8b-e6a2-4345-9e2e-35e2ed986603,2025/06/15,Spotify,4706.23,INR,Pending,Healthcare,A21,Refunded
5f596d71-af05-4306-bb36-fafb656b1bc7,23-03-2025,IRCTC,$1987.38,USD,PENDING,Cash Withdrawal,A6,Refunded
b214c4a7-b76a-4d53-b2a8-4fcf63dc9b07,2025/11/14,Local Bakery,4293.06,USD,FAILED,Shopping,A20,
f3c72dc9-daa4-4797-8aab-dbfc5e3ba52d,2025/03/04,IRCTC,4488.13,USD,success,Entertainment,A37,Refunded
bc1e0e10-7ad8-4f2d-b782-33313d1cc0d5,19-04-2025,Netflix,2240.13,USD,success,Travel,A17,
09a91976-00f1-41d9-bd86-b3fc9bf5664b,2025/05/11,Apple,$1875.58,inr,Pending,Cash Withdrawal,A5,
f67bab0c-b0f4-4397-83eb-9e831ebca8af,18-11-2025,Local Bakery,$2209.86,USD,SUCCESS,,A31,Anomaly check
7ff8533f-494c-489c-8917-b3cf97917c37,15-06-2025,Ola,207.04,INR,FAILED,Transport,A11,SUSPICIOUS
ddac8038-e21b-4943-8293-5501e5db140c,10-08-2025,Zomato,1853.48,usd,SUCCESS,Cash Withdrawal,A35,Duplicate?
a0458799-2f84-4b1c-9884-538d277674d9,2025/06/04,Swiggy,1701.03,usd,FAILED,,A36,Duplicate?
9d9febe4-1cfc-4929-bb55-1e107ae0720a,2025/04/11,Zomato,4482.58,INR,FAILED,Transport,A12,Refunded
8ac8bd17-7c31-4564-b46e-e9bc40c944f9,2025/02/04,Flipkart,3021.39,usd,SUCCESS,Other,A35,
,16-11-2025,Ola,$3243.48,usd,SUCCESS,,A11,Refunded
37dcc24a-6fad-441d-885a-2c45b2098953,14-03-2025,Uber India,2690.62,USD,Pending,Travel,A31,Refunded
7851dc82-d09c-41b7-8b67-553f3c64b8a7,18-03-2025,Netflix,1589.59,INR,SUCCESS,Healthcare,A21,
a1324b2a-9c02-49b8-b9de-dfc36769c6f0,22-12-2025,Amazon,3571.51,usd,success,Travel,A12,SUSPICIOUS
bde9f533-57ec-450f-af6a-fe915849dac3,2025/06/29,Ola,4084.69,USD,failed,Cash Withdrawal,A27,Anomaly check
2f41c47f-dff9-407d-a6ea-e97e57ef9456,2025/02/19,Zomato,2085.37,USD,FAILED,Cash Withdrawal,A4,Refunded
082b3466-b3cf-448e-a01b-7a619afa3d52,2025/11/04,Apple,2807.01,USD,SUCCESS,Healthcare,A11,Anomaly check
d6c10012-7d8a-441e-af65-7789cf5b88fc,2025/04/03,Flipkart,36832.86,usd,failed,Travel,A22,
bf1efc30-bf16-4a54-a654-2cdbd757bd57,2025/06/13,IRCTC,4958.01,USD,Pending,Cash Withdrawal,A14,Duplicate?
64655e28-e1f4-4c2d-a0da-8cad7ef2774a,2025/07/03,Ola,1999.31,inr,FAILED,Other,A9,Refunded
3123c4cf-0e94-49d1-a8d0-3855b179019d,24-04-2025,Amazon,3284.65,usd,Pending,Cash Withdrawal,A46,Refunded
c75b9127-d695-40d2-ba6a-6f487e702344,20-03-2025,Amazon,4859.67,usd,SUCCESS,Transport,A6,
4a67b516-c765-4d71-bac1-045cd0c4a961,05-01-2025,Local Bakery,4506.68,usd,success,Utilities,A43,SUSPICIOUS
60e7657e-eb18-40fd-a375-4ea4488ac990,2025/07/24,Apple,$4220.75,inr,failed,Food,A35,
3e389034-ef16-486d-9925-5666f39e3389,30-01-2025,Uber India,1988.28,USD,FAILED,Utilities,A17,SUSPICIOUS
fc0e7884-c39b-400b-87a2-bd1ee20850da,14-08-2025,Swiggy,3691.18,USD,PENDING,Food,A35,
f9ad2683-dba4-4c56-9977-7c902d8543a2,2025/01/22,Spotify,$28.64,usd,success,Other,A35,
e84a90ef-456e-4942-8396-8dd68addf3a7,2025/10/03,Netflix,4684.33,USD,Pending,,A32,SUSPICIOUS
900e3470-c7b7-4158-8c36-11fd7f0a87ba,2025/06/07,Shell Petrol,3021.93,usd,Pending,Transport,A29,
f022e586-2b43-48d3-b94f-44cffe5327a4,19-12-2025,Spotify,3593.29,inr,PENDING,Cash Withdrawal,A7,Duplicate?
0dd8af5a-f0e5-4359-8b2d-cc038bf2317a,05-08-2025,Local Bakery,1888.85,inr,FAILED,,A50,Refunded
8513fc40-d832-4820-b2cc-99df7dee7095,19-05-2025,Ola,2389.26,INR,success,Other,A6,SUSPICIOUS
ba7a4a91-1204-44b6-9cda-c99fc99969c9,2025/12/04,Google,1352.14,INR,FAILED,Entertainment,A4,Anomaly check
38dc5780-7e4e-4735-a34e-ecfc56c4dd21,22-04-2025,Shell Petrol,737.63,USD,Pending,Other,A14,SUSPICIOUS
11a32019-a419-4e44-8236-cb0e2c1d91e8,01-05-2025,Amazon,3147.04,inr,Pending,,A30,Anomaly check
5dd2ea81-897a-48a1-97ae-ae624fe7cbfc,2025/09/12,Shell Petrol,1993.0,USD,failed,Food,A45,Duplicate?
a26e672c-91e1-49c4-8857-50d04964ed57,10-07-2025,Shell Petrol,$3046.36,inr,Pending,Utilities,A5,Anomaly check
b78afdd2-602d-40e7-9124-2c538b2f5504,2025/01/24,Netflix,3514.16,USD,PENDING,Food,A8,SUSPICIOUS
9fd134c2-fd0a-4f00-83e7-8b81b0fa6926,2025/04/09,IRCTC,1393.63,usd,success,Other,A2,Refunded
0b0920c6-29f7-4ecb-a07a-0998c7b7fe9e,23-09-2025,IRCTC,4973.41,inr,FAILED,Entertainment,A42,
c0cbe0db-af9e-4c4d-8cd8-f2a1b551781a,2025/02/14,Netflix,4708.13,USD,Pending,Healthcare,A29,
6e2cdb97-1a77-4486-a393-46b0a860f754,07-09-2025,Flipkart,4188.83,USD,failed,Healthcare,A21,Anomaly check
,24-10-2025,Amazon,1150.83,INR,PENDING,,A17,Anomaly check
2f69ae1a-73a7-4383-b383-43126fc32edc,11-06-2025,Ola,4971.83,USD,FAILED,,A21,Anomaly check
19d0036e-5ba9-40ca-8b9f-edbf04284b31,15-08-2025,Amazon,2959.07,inr,PENDING,Healthcare,A48,Anomaly check
60ae324e-a0dc-423c-b8ad-6dbc7b88a6af,12-07-2025,Local Bakery,4964.61,INR,FAILED,,A36,Refunded
a5c14835-8b8d-43d2-a5c4-5938d988429f,2025/05/13,Google,$1456.1,usd,SUCCESS,,A20,SUSPICIOUS
0744cc71-1502-468f-9a95-96c71133473a,01-05-2025,Spotify,2446.3,inr,success,Other,A13,Anomaly check
85fe4158-a48b-493d-a7e4-edc2b1ce0b75,2025/05/16,Ola,$4844.27,USD,failed,Entertainment,A47,Refunded
d4b986c7-aae6-4cd6-9539-223b4af53b7b,2025/02/23,Flipkart,4302.03,INR,PENDING,Shopping,A12,
1a9f88ac-c4ae-4af4-bf59-203c850c5cb1,03-10-2025,Google,$1329.01,usd,Pending,Utilities,A37,SUSPICIOUS
452032f8-6030-4626-b2aa-d7cc2e66370a,20-01-2025,Netflix,1148.14,inr,Pending,Healthcare,A47,
8ec181b6-28dc-40d8-8d6d-f023bbb2d061,16-06-2025,Spotify,$59.87,USD,SUCCESS,Utilities,A43,Duplicate?
9d810403-84e0-4e79-8a23-021eea17f252,30-03-2025,Spotify,2638.6,USD,failed,Shopping,A44,Duplicate?
d85f62d5-1a68-4265-8963-12654fc39c16,2025/12/12,Zomato,2199.52,usd,success,Entertainment,A9,
a6999250-380b-49ed-81d3-8195fe3fe4d5,2025/12/18,Ola,$2510.51,usd,Pending,Entertainment,A22,Anomaly check
0b1366c9-3c85-4433-b048-b269a876ccf0,2025/08/06,Zomato,1274.7,INR,PENDING,Shopping,A35,Refunded
22fc4ab8-655a-41e9-803c-9714dde8107a,10-03-2025,Apple,4078.74,inr,failed,Food,A30,Duplicate?
f99eb329-6f16-4d9c-8f74-59e483cc6520,2025/05/18,Ola,3525.91,USD,SUCCESS,Travel,A15,SUSPICIOUS
be09067c-b9f1-4399-b1c3-d1122e8bdfb4,2025/02/22,Flipkart,$4626.99,usd,SUCCESS,Transport,A49,Refunded
09429929-1c9f-4285-9719-7e85f42d587c,2025/04/04,Amazon,2976.96,usd,PENDING,Other,A36,
,07-01-2025,Flipkart,$1153.2,USD,success,Food,A32,Duplicate?
f299924a-5d3c-4c3b-8d0d-849716787145,2025/06/03,Local Bakery,4129.75,usd,FAILED,Food,A36,Anomaly check
7b934e4f-4c96-4526-a788-ed1f33da018f,2025/06/27,IRCTC,67.1,inr,success,Travel,A48,SUSPICIOUS
817601d9-62a9-429f-b0fe-d0fb0bca7300,21-02-2025,Amazon,79.11,USD,SUCCESS,,A12,SUSPICIOUS
ed79703a-2da5-4a87-ac24-a58116423ddf,2025/11/02,Netflix,4861.7,inr,FAILED,Transport,A18,Duplicate?
93013bee-fb92-460e-8b8b-2d2ae5597dfd,2025/09/30,Spotify,4132.93,inr,SUCCESS,,A35,SUSPICIOUS
1f1f20b2-0548-4bef-8278-7448e2351d4b,2025/03/20,Zomato,$1357.51,inr,failed,Utilities,A29,Refunded
1f1f20b2-0548-4bef-8278-7448e2351d4b,2025/03/20,Zomato,$1357.51,inr,failed,Utilities,A29,Refunded
317bf78d-39dc-40e8-9786-14387d4804fb,08-03-2025,Google,292.74,USD,failed,Utilities,A29,Duplicate?
bd4714ff-6551-4f38-bf95-afcfde548a90,24-03-2025,Shell Petrol,4204.31,INR,Pending,Other,A8,Duplicate?
9439f955-47c9-4f49-921e-aa2710073af0,2025/03/05,Ola,$1780.34,INR,FAILED,Healthcare,A39,
,31-05-2025,Spotify,3528.06,INR,success,Utilities,A20,Anomaly check
a4e5824a-5d8d-4f00-9f4d-ba0804f6f944,2025/03/02,Amazon,$3060.47,INR,FAILED,Transport,A36,Duplicate?
4781d21b-1eac-412d-82af-2375c21e2975,2025/03/26,Netflix,$4987.57,inr,PENDING,Entertainment,A31,Anomaly check
a2fd6d7a-9494-4622-9090-5f547478bdf3,2025/10/01,Ola,2380.49,INR,PENDING,Shopping,A10,Anomaly check
d820cd48-049b-4039-a864-006e99a9196e,13-06-2025,Local Bakery,3621.06,usd,SUCCESS,Healthcare,A16,Anomaly check
cf7d7a35-3110-4e05-87da-61408bf69604,2025/03/27,Netflix,2565.4,inr,success,,A21,SUSPICIOUS
2ecf957b-a9fd-4592-8ad7-7bc452ae9a39,06-05-2025,Amazon,4367.45,usd,PENDING,,A32,Duplicate?
2fdd811f-6bb6-4f1a-b802-f027a9f08636,01-11-2025,Apple,$2744.07,inr,failed,,A7,SUSPICIOUS
7bb71609-c19b-4f52-8b37-48fd2cfb993e,2025/12/16,Spotify,$2711.03,INR,success,,A39,Anomaly check
499c3e07-790d-4d70-8568-0a21d107871d,25-12-2025,Flipkart,3003.96,INR,FAILED,Entertainment,A28,
d81e42ae-8dc7-43b1-a256-1ef95e56bde6,2025/01/21,Ola,279.56,INR,PENDING,Entertainment,A42,SUSPICIOUS
411dfdcd-c93e-4557-8a83-7598d7de3e1f,2025/05/20,Spotify,4341.06,usd,success,Food,A19,Refunded
428b29a6-bde5-4c57-bed5-b062957abf0f,2025/01/25,Zomato,2044.08,USD,success,Shopping,A29,SUSPICIOUS
1387d5ee-d1e0-47ad-996c-be07526ef3a3,2025/12/25,Uber India,3027.45,usd,PENDING,Transport,A17,Anomaly check
25c9380a-d70b-4205-ab49-0835bdacd8e2,05-07-2025,Local Bakery,4536.21,USD,PENDING,,A49,
52495c78-ff7a-4bda-af8c-cca0f4a40eb6,08-01-2025,Amazon,$4697.65,usd,FAILED,Healthcare,A32,Duplicate?
afc0d54e-72d5-419d-b288-ad21f0b469c8,06-01-2025,IRCTC,3759.96,inr,failed,Utilities,A2,Duplicate?
617f2f48-ec61-4261-9a18-ceb021c90b34,09-03-2025,Spotify,3119.89,USD,Pending,,A46,Duplicate?
72f7fb85-25ee-4670-b225-918a21df6632,11-02-2025,Ola,15.23,USD,failed,,A23,Anomaly check
40ee88a9-7da7-44fa-8f1e-d34e525e428c,27-08-2025,Shell Petrol,2527.57,USD,failed,Food,A3,Refunded
41ee8328-6253-49a9-8e25-d5514ab57f97,29-04-2025,IRCTC,2924.8,USD,PENDING,Healthcare,A8,
fa57568f-b8b4-4880-b3b0-b845210bbe36,17-03-2025,Google,$691.52,usd,Pending,Utilities,A50,SUSPICIOUS
9dde7187-240a-4730-b85d-3cd63011b943,2025/01/17,Uber India,353.94,USD,PENDING,,A23,
1c2b7eff-aef3-4d07-9df6-7e0accede294,05-12-2025,IRCTC,2196.08,INR,FAILED,Food,A11,Refunded
0cd9f0eb-c547-452e-b240-66e98722433a,2025/03/02,Amazon,786.28,USD,success,,A23,SUSPICIOUS
10dd4e9a-4098-4699-9d6f-e65c9419e171,2025/06/04,Amazon,2781.2,USD,success,Transport,A6,
252e7534-7d58-4347-b9e2-08ec598635cd,2025/06/22,Shell Petrol,3883.55,USD,SUCCESS,Entertainment,A11,SUSPICIOUS
ecfa0f1b-fbaf-4d95-9d51-fe8268a9b508,2025/11/21,Apple,683.06,inr,FAILED,,A10,
7a40cad8-9fe0-49cf-b4c4-4748d0e21e17,16-08-2025,Amazon,2947.94,inr,FAILED,Travel,A47,
ece8d5e2-5110-4309-929c-94afbf29eb9d,25-07-2025,Local Bakery,4572.77,usd,Pending,Entertainment,A14,Duplicate?
8909817a-3d62-479c-b8c7-647d6c732aa0,19-02-2025,Ola,2079.26,INR,failed,Healthcare,A40,Duplicate?
428f298a-d39e-4f43-b64c-fbfb2beb059a,2025/11/16,Spotify,4326.05,inr,Pending,Shopping,A45,Duplicate?
ea311050-ceb2-4fca-aab6-4d1628acbe78,2025/06/14,Swiggy,$3511.14,USD,failed,Utilities,A24,Duplicate?
0df53e28-23a6-4cee-8ded-37199d2655cd,26-10-2025,Ola,$1636.99,usd,failed,Travel,A3,SUSPICIOUS
462e7642-3faf-4f60-8360-da0909c64202,2025/03/23,Local Bakery,4120.18,inr,failed,Food,A38,Anomaly check
43e4c78e-43ad-47da-9956-592fd5c6e3ee,2025/09/18,Zomato,3771.54,USD,failed,Food,A41,SUSPICIOUS
f3872906-930f-4a51-9907-7d5fa2e3320d,2025/08/02,Apple,2158.68,usd,SUCCESS,Travel,A9,SUSPICIOUS
c44c701e-be89-41f0-839b-eba9db1724c8,2025/12/09,Shell Petrol,1737.9,usd,Pending,Other,A37,SUSPICIOUS
ddad31d6-1232-40ec-952f-4dfdb6f9f3a0,14-02-2025,Zomato,41894.94,inr,failed,Transport,A24,SUSPICIOUS
93015868-9210-4ec4-8ffa-4b6567c8826d,06-10-2025,Ola,734.69,inr,failed,Shopping,A45,
843d60dc-b6c7-4a9a-b264-31f10d8b0437,03-05-2025,Apple,184.41,usd,Pending,Entertainment,A37,Duplicate?
dbbcd625-00ba-4d3f-b866-a89bb905e04b,06-04-2025,Apple,3925.48,USD,SUCCESS,Entertainment,A46,Duplicate?
f82a4a1e-dd4c-4b9b-bdb0-da6ce0743842,06-01-2025,Zomato,1912.13,inr,failed,Shopping,A38,
b5d93a89-ddea-40c9-bd89-422f6a3106ad,2025/07/09,Swiggy,3347.99,USD,SUCCESS,Shopping,A23,
110113e5-c998-40ef-a2eb-b7fb1e1c6fd2,01-03-2025,Netflix,1080.4,INR,FAILED,Cash Withdrawal,A14,SUSPICIOUS
fe64864f-db63-4b02-ae6b-822099f82b4d,2025/04/29,Spotify,2176.8,usd,success,,A34,Refunded
341e910b-bbb0-4939-ab25-2a7fa021da51,2025/06/22,Local Bakery,136.71,USD,failed,Travel,A17,
7d662eb7-5cf7-4d1a-90f8-ae5132d66ef8,2025/05/28,Apple,3022.15,USD,FAILED,Entertainment,A34,SUSPICIOUS
,02-07-2025,Swiggy,$403.94,INR,FAILED,Transport,A4,Anomaly check
fa8a788c-7214-4b42-9229-64ebeea9d9c0,14-06-2025,Swiggy,3499.8,INR,FAILED,Entertainment,A12,Refunded
34b94fde-0cbf-47f1-b509-5865042e842f,13-07-2025,Flipkart,2307.17,USD,PENDING,Travel,A47,Duplicate?
906ad359-c006-42bd-ad89-ecf2b6674996,2025/09/21,Ola,815.45,USD,SUCCESS,Utilities,A44,
c0d26c64-c810-4a89-b464-218dd9953fd1,2025/09/18,Local Bakery,2153.05,INR,failed,Food,A35,Duplicate?
ffcaf721-36bc-4d27-b192-16d775cb94a7,2025/01/09,Ola,4530.51,USD,PENDING,Entertainment,A1,SUSPICIOUS
3d5119bc-6aba-4b24-a6c3-96016837cf41,26-11-2025,Uber India,3147.55,usd,PENDING,Utilities,A27,
0e9a0924-1992-4107-a837-113350a4fbf9,11-01-2025,Netflix,1074.71,INR,Pending,Utilities,A46,
bb227970-6711-4642-876c-65ff617190f8,2025/09/16,Apple,4261.87,inr,FAILED,Shopping,A30,SUSPICIOUS
4bd0dda6-0222-4d53-8e6d-36d4fee52cb5,17-05-2025,Apple,$3076.8,USD,PENDING,Shopping,A16,
174e9656-bed0-40ac-95f4-7854f1eb1360,2025/02/13,IRCTC,3795.36,INR,PENDING,Entertainment,A7,SUSPICIOUS
92e82007-bb36-4736-9cc0-e36ccf53dd5a,2025/11/29,Amazon,4209.91,INR,SUCCESS,Other,A15,Anomaly check
c551aa87-3fa2-44fb-9981-e85402383cf9,16-10-2025,Shell Petrol,498.45,INR,Pending,Cash Withdrawal,A39,
7ebaefdb-2af2-417d-8713-8ff5cc0671f6,20-11-2025,Swiggy,323.87,USD,FAILED,Other,A29,Refunded
4c025b0b-b732-4821-835f-fb0750a68737,2025/11/22,IRCTC,3130.6,INR,failed,,A47,
789766aa-6f56-4b8a-883d-4340c145c380,12-06-2025,Swiggy,215.87,INR,success,Transport,A1,
3893fe7e-279b-41dc-98f9-3b76c7fe42fe,2025/08/16,Amazon,1599.26,USD,success,Entertainment,A40,Duplicate?
38502fd8-32b2-403e-827b-c2564cc48cc5,2025/10/16,Uber India,2812.32,usd,PENDING,Cash Withdrawal,A33,
f0f6061d-09e4-4c10-9669-ca7e6a7c19d6,2025/10/30,Swiggy,3358.99,usd,failed,,A50,SUSPICIOUS
cf0b6f44-62aa-46ea-8042-f13e73785705,06-03-2025,Uber India,961.6,inr,failed,Travel,A13,SUSPICIOUS
ba0f66d7-843b-4905-9cd1-7fa3af4d8d65,09-04-2025,Google,$4421.0,usd,SUCCESS,Healthcare,A9,SUSPICIOUS
5280f369-c7ee-4b51-94e9-961a86cc0a43,21-08-2025,IRCTC,$1968.46,inr,FAILED,,A9,Anomaly check
65d840a1-90ba-49d5-829e-28ad190e2087,2025/05/16,Spotify,3752.19,INR,success,,A3,Refunded
8259d970-0f81-43cf-9541-029a5cafa16f,2025/06/20,Apple,4902.61,inr,Pending,,A8,SUSPICIOUS
a9ea9cfb-bd45-4dca-a122-6906c6f189cf,2025/09/25,Spotify,3620.74,inr,Pending,Other,A46,Duplicate?
b01e9dff-cc59-4c43-8cf9-d97524f4376b,19-06-2025,Uber India,3714.22,INR,failed,Utilities,A44,Refunded
,2025/10/25,Flipkart,4080.72,INR,success,Entertainment,A8,Refunded
743f5888-0db6-4a0b-8a33-ebc9998c97fd,25-07-2025,Amazon,3564.29,inr,success,Shopping,A45,Refunded
9b1d21e5-f91c-47d1-8dc8-c52f4c7bdb4a,07-12-2025,Uber India,2686.97,inr,SUCCESS,Other,A43,Duplicate?
94bc4e63-5f5e-4b8a-8864-3b345542b422,13-01-2025,Netflix,1955.83,USD,Pending,Entertainment,A5,SUSPICIOUS
1ed0aca7-5893-4b42-92d7-85da694d0325,2025/07/20,Flipkart,1092.31,usd,SUCCESS,Cash Withdrawal,A29,Anomaly check
c779eab0-a0dc-42ed-a258-8301be9b0dd9,30-06-2025,Local Bakery,2147.7,usd,success,Transport,A18,SUSPICIOUS
7fc9aa91-28e6-44cf-a474-68682964997b,2025/01/03,Uber India,3076.51,USD,PENDING,Utilities,A29,SUSPICIOUS
465d23e7-6ace-436d-ab01-8606761734f3,11-09-2025,Zomato,687.74,USD,FAILED,Utilities,A38,Anomaly check
904409cf-3a6f-400f-900e-2fecf69faecc,16-07-2025,Ola,2518.76,USD,Pending,Transport,A7,Duplicate?
4f1be987-263c-46c9-82e4-81d8b7d66a82,2025/07/14,Zomato,$4397.04,INR,SUCCESS,Shopping,A12,
7a15aa76-6cc7-4072-af3b-bd6ccd861b3f,04-04-2025,Shell Petrol,2751.26,usd,FAILED,Other,A45,Anomaly check
f1d30d50-f2b9-4492-a22b-413f45cf752b,23-03-2025,IRCTC,4089.92,usd,success,Travel,A3,Refunded
5e35fcc6-bebb-4479-b009-5d7c135ca438,2025/10/01,Zomato,4002.95,USD,SUCCESS,Healthcare,A28,
b67daa59-2b0f-45ac-9b52-fd096be5170e,2025/06/12,Local Bakery,2943.42,inr,FAILED,,A12,Duplicate?
0406acd9-52e7-4d35-8ed7-e80800261f64,2025/08/21,Amazon,$359.32,usd,FAILED,,A39,Duplicate?
0406acd9-52e7-4d35-8ed7-e80800261f64,2025/08/21,Amazon,$359.32,usd,FAILED,,A39,Duplicate?
2ba91af6-e4ce-420a-b8f0-a42876a1087d,09-06-2025,Shell Petrol,$3915.73,inr,SUCCESS,Cash Withdrawal,A33,SUSPICIOUS
9b101cb5-2026-4f0e-819a-33d1c741a5c3,11-08-2025,Flipkart,3561.23,inr,Pending,Transport,A47,Refunded
39be4b70-c5a4-4bd8-a731-b86a1a6cfcc3,05-06-2025,Spotify,3201.5,inr,success,Food,A22,Anomaly check
9a02cfc3-3c49-4f0a-971e-60b31d921440,2025/08/30,Zomato,3343.21,usd,failed,,A16,Refunded
94b39905-a800-467e-917f-4fe9b293c40c,17-04-2025,IRCTC,1466.54,INR,PENDING,Shopping,A49,
e54b682e-c04c-4fa9-9f7e-efe6d3526fe2,10-06-2025,Apple,$1252.42,usd,Pending,Healthcare,A35,Duplicate?
e54b682e-c04c-4fa9-9f7e-efe6d3526fe2,10-06-2025,Apple,$1252.42,usd,Pending,Healthcare,A35,Duplicate?
68652d37-33f2-4d2c-8622-895bf40e5312,05-09-2025,Uber India,4378.6,USD,success,Transport,A49,
9748da83-d1d5-476e-b456-ff7bd54192d7,01-08-2025,Amazon,3571.24,USD,FAILED,Utilities,A38,Anomaly check
6099db0f-2a69-4c7b-b570-3d7719ab7a14,31-05-2025,Swiggy,3109.89,inr,SUCCESS,Entertainment,A5,SUSPICIOUS
6f04dd8c-81d7-44d7-b3ad-b6492a47ea61,01-07-2025,IRCTC,2457.52,INR,SUCCESS,Transport,A31,Anomaly check
5f3f2aa3-7849-435c-8e52-e60fd4dc1b21,2025/01/27,Flipkart,$2999.28,inr,SUCCESS,Healthcare,A2,
fc7fc909-b022-41fc-81c8-e3516b6d9c86,15-07-2025,Local Bakery,49.1,USD,PENDING,Healthcare,A37,Duplicate?
fc7fc909-b022-41fc-81c8-e3516b6d9c86,15-07-2025,Local Bakery,49.1,USD,PENDING,Healthcare,A37,Duplicate?
f049865e-b57e-4a33-826b-b39e113f0b0d,23-05-2025,Netflix,4963.4,USD,success,Other,A8,Anomaly check
dba48005-31e9-48a8-96a6-96a8e610a336,09-12-2025,Ola,386.71,inr,Pending,Entertainment,A12,
401aee93-a850-48bc-bc6b-a928fc1d3aab,06-09-2025,Swiggy,1229.15,INR,success,Healthcare,A46,Anomaly check
c86ce46a-5c48-4428-a8b7-703c066f1a02,2025/10/07,Amazon,4400.56,inr,FAILED,Food,A22,SUSPICIOUS
4ef431c4-c1f2-4129-954b-76cbf52142a5,25-03-2025,Flipkart,3567.53,usd,failed,Food,A25,
27e59105-6650-47cd-a0b1-069bdbaae44c,2025/10/17,Uber India,1530.21,usd,Pending,Shopping,A26,SUSPICIOUS
9c91583b-269a-41c8-9298-873f673100ac,14-11-2025,Apple,$229.44,INR,SUCCESS,,A44,SUSPICIOUS
26e92001-62cb-41d7-9407-607cb28492fb,10-02-2025,Local Bakery,2255.72,INR,FAILED,Other,A5,
10ec350b-2271-4653-b5c0-91f6fa232aca,2025/06/05,Uber India,$1073.93,inr,success,Cash Withdrawal,A1,Duplicate?
b70ae150-8769-446e-8966-2d5075d88deb,2025/07/14,Swiggy,$2857.86,inr,PENDING,Entertainment,A38,
5fd07cc9-fe48-4947-adb8-733726695956,2025/12/18,Netflix,3224.21,inr,Pending,Food,A43,
4fb3880f-afe7-43d8-836e-3fae61aa108b,2025/12/29,Google,4361.85,USD,PENDING,,A33,Duplicate?
f7c163b4-230e-4fa2-a3ed-4e02e0b81283,2025/11/30,Google,1270.89,inr,SUCCESS,Healthcare,A22,
0d912c1e-9970-4a5c-93b8-a2a3e005652c,23-05-2025,Spotify,3292.05,INR,Pending,Shopping,A21,SUSPICIOUS
5405f90e-6468-4a73-90c5-818ae6bc5faf,2025/04/18,Uber India,2554.85,USD,FAILED,,A11,
75e30ebb-3e29-4940-83d5-4902bbd42a12,2025/07/03,IRCTC,4360.99,usd,success,Cash Withdrawal,A29,
04a10851-1d8e-4e2c-9c8a-d1c209b53f95,2025/08/22,Spotify,900.21,USD,failed,,A14,
cd58815b-7487-4665-b9c0-c9f2f04b87e6,2025/08/02,Swiggy,1220.8,inr,Pending,Transport,A8,
,2025/06/20,Ola,3975.45,USD,Pending,Food,A35,Refunded
7148c76a-e7b3-404d-bc72-14d43adc3b63,2025/09/19,Google,3980.88,USD,PENDING,Travel,A13,Duplicate?
c62b0aef-726b-45f1-ab06-0f4dc130619d,09-01-2025,Ola,455.16,USD,failed,Shopping,A2,
db4098f2-19e2-439e-a328-2238340571cf,2025/08/25,Zomato,2703.53,INR,Pending,Shopping,A48,
b28db5d5-70e3-458e-8e8d-a031a8c1027d,2025/06/28,Zomato,890.04,USD,Pending,Shopping,A44,Refunded
6b65797d-b44c-4c78-9ed1-bcc636804302,10-02-2025,Google,2221.35,inr,SUCCESS,Utilities,A30,Anomaly check
3693cb26-629f-4ecc-9590-4e94cbeb69e7,2025/10/10,Google,2526.01,inr,FAILED,Utilities,A25,Duplicate?
de96a039-aea0-4e18-bd49-b02188b04ed7,2025/09/07,Netflix,846.01,usd,Pending,Transport,A27,Refunded
4d2c03cb-bc5a-4fd8-b798-d89b2b44920d,23-12-2025,Apple,$4572.44,usd,PENDING,Entertainment,A6,SUSPICIOUS
a4ecd7d5-cf2a-43a9-89ae-b5eaf31f2559,23-10-2025,Swiggy,3962.83,inr,Pending,Shopping,A24,
7f2105f3-1e7f-4698-b097-91a97f30f468,2025/11/27,Google,$467.0,USD,success,Entertainment,A45,
31e71594-375a-4c63-926c-8053eb60a089,2025/03/29,Apple,247.63,USD,success,Shopping,A2,Refunded
129ea34d-8b7e-418e-b89a-5dc098779bea,2025/12/17,Ola,2976.15,USD,failed,,A32,
e32880b2-2140-4a44-b451-53d0462a37dc,2025/12/19,IRCTC,$70.2,USD,success,Food,A7,SUSPICIOUS
155048d9-3b79-4c46-8ceb-1aa88f8668ab,2025/06/07,Google,$2938.39,INR,failed,Shopping,A14,Duplicate?
53f20c83-9f18-40a3-b992-0b0ed3402285,2025/05/03,Amazon,777.82,INR,failed,Entertainment,A37,Refunded
f930ae03-4f00-4adc-b909-aa79660569f7,31-12-2025,Swiggy,1550.78,inr,success,Cash Withdrawal,A28,Refunded
63a01c64-6662-465a-86b6-7fd47792985d,07-03-2025,Google,3758.58,inr,PENDING,,A38,
e2e9142a-eb91-4db3-bf0a-a5d58ac570c6,06-07-2025,Spotify,4997.81,USD,SUCCESS,Travel,A13,Refunded
75309bb2-bd73-483b-9b98-d15facbde650,29-01-2025,Apple,441.51,usd,SUCCESS,Shopping,A36,
,09-02-2025,IRCTC,3795.88,INR,FAILED,Travel,A7,Anomaly check
7245fe80-db33-4c4e-9428-325efba60e5f,01-08-2025,Apple,$847.88,USD,success,Cash Withdrawal,A17,SUSPICIOUS
,05-09-2025,Apple,4014.49,INR,PENDING,Transport,A47,SUSPICIOUS
80672b86-86ea-4a01-8572-f38a401a621f,2025/01/06,Ola,3140.94,INR,PENDING,,A30,
9bfd9009-d8db-4005-9940-706bee0d9ec8,24-12-2025,Flipkart,352.46,INR,success,,A25,Anomaly check
278ddc06-bcbc-4fa9-b927-3f73e0b733df,07-04-2025,Amazon,62.44,inr,FAILED,Travel,A24,Anomaly check
955be2c6-9012-4ae0-9ce0-6b62b6b1ec03,2025/03/08,Amazon,$1071.66,usd,failed,Other,A39,Anomaly check
c3845078-4351-450f-a214-00ca6b56560e,14-01-2025,Zomato,4141.16,USD,failed,Cash Withdrawal,A49,SUSPICIOUS
b8f795cc-1b9b-464f-9ab3-1032d3e09ad7,13-02-2025,Google,2102.74,USD,failed,Shopping,A13,Anomaly check
cf49a265-343c-4004-b518-5647f54bff2f,2025/06/01,Shell Petrol,4474.03,inr,failed,Travel,A31,SUSPICIOUS
5b74f4e5-25d0-4d5f-92e1-32c93915238e,2025/03/18,Uber India,3995.2,INR,success,Utilities,A48,Duplicate?
e4de3516-da6f-4049-ba76-c95f82f53b7b,2025/12/24,Shell Petrol,2502.1,usd,success,,A15,Duplicate?
,30-08-2025,Spotify,3055.54,USD,success,,A30,SUSPICIOUS
79599015-ebae-49ab-998d-bd5969639125,2025/09/05,Netflix,1711.0,usd,PENDING,,A4,Duplicate?
cd700a14-e4bd-4f3a-b0e5-511ebc4ba35f,2025/06/03,Netflix,4195.68,usd,success,Entertainment,A6,
71a57a22-5b28-4561-a25b-7698ed7428d5,14-02-2025,Google,1588.58,inr,PENDING,Shopping,A28,Duplicate?
ab846a60-6a65-4f1a-a44b-d6b987e14a2c,2025/01/09,Spotify,3899.02,USD,PENDING,Other,A18,Anomaly check
60cee4a3-4342-4ea0-a1d2-4861f20a0a44,2025/04/05,Flipkart,4009.44,INR,Pending,Other,A25,Refunded
1d381ee7-5dd2-41a9-ac94-2770052c37c6,2025/09/22,Shell Petrol,4161.29,inr,FAILED,Food,A1,Duplicate?
f94a9a13-43a1-44e2-97bd-527ac98ae515,2025/04/23,Local Bakery,2761.68,usd,FAILED,Entertainment,A7,SUSPICIOUS
50885cfd-65d4-4827-8ecf-8a5e46eaea5a,24-12-2025,Shell Petrol,3204.48,USD,SUCCESS,Food,A23,Duplicate?
,2025/01/14,Apple,597.24,INR,FAILED,Shopping,A19,SUSPICIOUS
372cda52-e4b2-4e6f-8602-99da461224cb,13-06-2025,Spotify,3845.38,INR,SUCCESS,Shopping,A19,
38a9dfae-84ee-4b81-aa36-82d55cdd3147,2025/07/19,Local Bakery,1692.63,INR,FAILED,,A19,Duplicate?
4be9f297-35f4-42b2-9d23-9bbc85966b36,28-11-2025,IRCTC,3521.72,usd,PENDING,Entertainment,A28,SUSPICIOUS
c0a86a51-e5ba-4cb2-a23e-a4de4ca864a1,2025/01/29,Amazon,3717.84,usd,failed,Healthcare,A17,Duplicate?
6bcfbba9-d24f-445b-ad42-a856bc7f2243,2025/05/29,Ola,4685.8,usd,Pending,Cash Withdrawal,A14,
fdd15cd1-9f9d-4a2c-b5de-a5206c0578b7,18-12-2025,Shell Petrol,$3628.19,INR,PENDING,Food,A43,Refunded
be0ef358-c6f1-4d31-9dda-f31733c6751b,09-05-2025,Apple,4346.89,inr,FAILED,Shopping,A32,Anomaly check
,10-11-2025,Netflix,201.91,INR,FAILED,Food,A37,Duplicate?
2ce38062-7662-4bfc-b9ad-02add9a6cbe3,2025/01/02,Google,1791.31,inr,SUCCESS,Food,A1,Anomaly check
2ce38062-7662-4bfc-b9ad-02add9a6cbe3,2025/01/02,Google,1791.31,inr,SUCCESS,Food,A1,Anomaly check
b235c38e-22c5-4e33-8591-913482727015,2025/03/01,Flipkart,$1823.81,INR,PENDING,Utilities,A48,SUSPICIOUS
1e637b63-c4b5-447e-889d-2b307e8b8aa5,2025/10/16,Amazon,1405.66,usd,FAILED,Cash Withdrawal,A11,Anomaly check
89d2d7f0-d00e-4ff3-bd66-6155bd98a904,2025/08/20,Apple,2166.12,usd,SUCCESS,Entertainment,A36,Anomaly check
68a4bcde-392c-46e8-98af-8fb0b4af5b56,2025/05/01,Ola,4536.4,USD,failed,Other,A31,Anomaly check
,2025/10/17,Amazon,$3038.98,usd,SUCCESS,Cash Withdrawal,A13,Duplicate?
9bf26438-3ac1-44cb-ba26-308c9f33cccb,17-09-2025,Uber India,3339.84,usd,SUCCESS,,A39,Duplicate?
f497626d-91fa-45c6-b425-8c2db94c0106,13-03-2025,Zomato,4389.96,USD,FAILED,Entertainment,A34,Anomaly check
ced2387a-0483-4f56-b4ee-43ef5571eb1c,21-12-2025,Amazon,$2701.2,inr,PENDING,,A49,Duplicate?
b53e0520-3a89-4355-81d0-b0213758355a,25-05-2025,Apple,2791.13,USD,FAILED,Utilities,A36,Anomaly check
275fb83a-ac19-4944-bb32-01a866e2e669,16-06-2025,Netflix,$1196.61,USD,Pending,Entertainment,A23,Anomaly check
3cc47b29-e7d4-406a-bf3e-9b47ed50829b,2025/01/22,Shell Petrol,14.96,INR,failed,Cash Withdrawal,A26,Duplicate?
,2025/11/20,Flipkart,4787.29,INR,FAILED,Utilities,A32,SUSPICIOUS
7b902e7c-68f1-4a13-857e-d5c56e956811,14-09-2025,Local Bakery,4803.39,INR,failed,Food,A30,Duplicate?
637e501c-2aeb-4e17-a048-5d599eb7decf,05-03-2025,Flipkart,2889.73,INR,FAILED,Food,A27,Duplicate?
2e0440b0-3c8f-4835-9f3a-ea7a5ac7cd71,18-08-2025,Ola,2216.42,USD,FAILED,Entertainment,A42,Refunded
fe232450-5bf8-405f-ab58-8c7be44476a3,14-10-2025,Google,1252.34,INR,SUCCESS,Other,A49,Duplicate?
fe232450-5bf8-405f-ab58-8c7be44476a3,14-10-2025,Google,1252.34,INR,SUCCESS,Other,A49,Duplicate?
0e46ca6e-a4d0-4306-bafa-75743985db83,2025/03/04,Ola,3438.06,inr,SUCCESS,Other,A48,
030895a3-fba6-4e76-ae19-f2ebc9b7a859,11-05-2025,Netflix,298.57,usd,PENDING,Utilities,A44,Refunded
b6cfec4a-58de-4108-ac48-b6937009acbd,10-01-2025,Google,$3586.82,USD,Pending,Entertainment,A9,Anomaly check
b3f2e38d-689c-4765-8630-659617a4ccb2,16-07-2025,Google,3104.3,inr,PENDING,Utilities,A45,Duplicate?
13598c3d-aef2-468b-bf02-d800717a801a,11-05-2025,IRCTC,776.79,USD,Pending,Food,A6,SUSPICIOUS
49113e75-d3fb-4ed4-b725-39581822e1dc,2025/12/23,IRCTC,694.86,USD,Pending,Cash Withdrawal,A25,Refunded
ef07e37d-5245-4bef-bbf4-5a68865ad6f4,2025/02/19,Flipkart,2293.28,inr,success,,A28,Refunded
b2fc960a-7323-4d5d-8a5d-e328c04bdec1,08-10-2025,Ola,3311.49,USD,failed,,A4,SUSPICIOUS
ff54efa8-077c-48d0-b6ea-68a708aa2930,2025/04/08,Shell Petrol,805.27,inr,failed,Shopping,A3,
11e919e9-56be-4e98-a42b-cc5e80ae8c30,2025/08/12,Flipkart,$3611.6,USD,Pending,Healthcare,A23,Duplicate?
3e2d115f-4baa-4be5-a689-9db56247c870,2025/01/28,Netflix,3985.59,INR,Pending,Transport,A13,Duplicate?
a4ac1d09-8a86-483a-9e51-6ef6975389ef,19-03-2025,Swiggy,179.85,inr,SUCCESS,Cash Withdrawal,A26,Duplicate?
a9fc7dce-dfed-4c1b-b449-88f6512b7be1,2025/07/16,Netflix,$4678.13,INR,Pending,Other,A21,SUSPICIOUS
df485682-6cec-4fe9-95b5-a5ed06b3cdee,06-03-2025,Uber India,1071.77,inr,success,Utilities,A44,Duplicate?
39870f32-94bb-4923-9a10-25e9a33037a8,12-04-2025,IRCTC,2967.28,inr,FAILED,Transport,A19,
39870f32-94bb-4923-9a10-25e9a33037a8,12-04-2025,IRCTC,2967.28,inr,FAILED,Transport,A19,
7d0972c8-b86a-4a10-88f1-ff57458814dc,03-11-2025,Netflix,2584.36,USD,Pending,Shopping,A12,Refunded
c44817c8-eb27-4c05-b69e-4127355a0425,27-03-2025,Amazon,3825.52,INR,FAILED,,A20,Refunded
735f4243-a6ed-4e63-9ae0-b6c31deab4df,09-01-2025,Netflix,941.47,USD,PENDING,Shopping,A34,Refunded
947e0f71-f48c-4996-aca1-3bb737f11bc0,2025/10/13,Flipkart,$1686.45,INR,success,,A24,Anomaly check
5b3b426e-4b2f-46f8-99ae-58931187a25a,07-08-2025,Netflix,3436.86,usd,SUCCESS,Other,A2,
d57a7f0f-f01b-410b-a86e-6acb2c92b208,19-03-2025,Swiggy,3147.57,inr,failed,Shopping,A15,Anomaly check
27990b2d-b3fb-4e52-86a0-b84960897f9a,19-09-2025,Google,4670.28,INR,FAILED,,A34,SUSPICIOUS
a9c9e165-b1db-49ac-b939-bcedbdd092fb,08-10-2025,Local Bakery,$3639.68,INR,success,Healthcare,A34,Refunded
abfc0ef1-78e4-493e-9dbe-0c858a467fd5,2025/07/28,Apple,1239.43,INR,failed,Other,A6,Duplicate?
aca358ed-3bf3-4834-beba-f2f99323196e,06-09-2025,Amazon,$1752.68,usd,PENDING,,A37,
9c414b89-4ef2-4054-9df4-2a0b88958010,02-01-2025,Netflix,750.84,inr,failed,,A46,Duplicate?
312af35e-7f32-4e48-bc88-e203a4129510,2025/12/23,Netflix,$3921.8,usd,Pending,Travel,A22,
c38d19a8-0669-4292-83e4-fc3d8ab8add7,10-08-2025,Local Bakery,2035.27,USD,failed,Transport,A11,Refunded
91bff5ca-c5e4-485d-8853-344720306cb2,2025/04/27,IRCTC,$3450.58,inr,Pending,,A49,Refunded
7640ae0c-560b-4fb7-ae32-bdbb8dc83462,16-06-2025,IRCTC,3627.34,USD,Pending,Transport,A48,SUSPICIOUS
d10c287d-9748-45c6-87e3-f46100011943,2025/12/28,Zomato,1667.3,inr,success,Transport,A37,
970f0a9a-15f4-4902-87c8-0e2cfdb70d0d,18-08-2025,Swiggy,1750.76,USD,FAILED,Other,A34,
6425e45e-d048-43ed-8464-4b8b07b8fc72,2025/05/09,Shell Petrol,2935.79,usd,Pending,Other,A35,Anomaly check
9dbfa543-fb68-4c46-8962-da2d0e8273c8,23-02-2025,Amazon,$2411.17,INR,PENDING,Cash Withdrawal,A12,Refunded
8fed075a-ed92-4c2b-a3e7-21134e18af15,2025/06/01,Local Bakery,$2366.38,INR,failed,Food,A47,SUSPICIOUS
d87c61d5-8083-43bf-b211-7e4b06977642,2025/11/04,Spotify,2340.27,inr,PENDING,,A15,Refunded
8b7e6600-8b9d-42d0-be24-2417fa46301c,2025/01/16,IRCTC,911.47,USD,failed,Utilities,A39,Anomaly check
c025534c-1532-43ac-a8b2-66196eb44b58,2025/04/03,Shell Petrol,736.97,USD,success,,A19,Anomaly check
690371a4-f84a-4d1b-8e53-d250bcbb7b09,2025/09/06,Zomato,$1636.17,USD,success,Food,A10,SUSPICIOUS
1a2b3bb5-c6a7-4eb1-a5c1-97749989f258,24-06-2025,Ola,4743.71,USD,Pending,Transport,A40,Refunded
676fab44-4ce4-4f00-869b-f70bc7cd20dc,31-10-2025,Shell Petrol,2582.22,usd,FAILED,Travel,A6,Refunded
9f3b0cad-d728-4f46-a532-855f3ebf3c65,09-02-2025,Ola,3221.77,inr,failed,Cash Withdrawal,A31,Refunded
1c57f231-6b93-4177-bb4d-f79e2921237a,31-10-2025,Uber India,$320.42,inr,success,Cash Withdrawal,A34,
da5ebfd3-5488-4c71-a214-436c7238aea7,2025/05/13,Zomato,$1280.39,INR,PENDING,Cash Withdrawal,A34,
5444a71b-d0ce-4219-a117-d2718f823ad3,26-06-2025,Google,147.39,USD,PENDING,Food,A36,Anomaly check
5b158dc3-247a-45f8-88b9-b487d7aa3696,2025/07/23,Flipkart,$37.72,inr,success,Other,A47,
dc14173f-6f45-4ccd-877e-88c0f37654e8,2025/05/19,IRCTC,3147.23,usd,failed,Food,A6,SUSPICIOUS
2fb2d4ed-36e1-423b-9ce7-280be9845330,2025/08/11,Shell Petrol,3054.38,inr,PENDING,Cash Withdrawal,A16,SUSPICIOUS
c59499c0-d3ba-483e-9368-cea6c5a492aa,2025/05/18,Ola,2224.0,INR,SUCCESS,Food,A3,
416f4a28-e687-4a68-9590-19300268cea9,18-02-2025,Swiggy,$2819.87,USD,FAILED,Cash Withdrawal,A18,SUSPICIOUS
8b65d458-68e7-4c5e-912c-53abee4eb60c,21-04-2025,Google,2610.45,inr,Pending,,A22,Refunded
9d698770-01d6-47e9-b971-49e82665084b,2025/12/18,Shell Petrol,2057.88,inr,Pending,Utilities,A4,Refunded
151e6d52-475e-4c46-8c29-11aaab1af60f,2025/07/26,Netflix,$403.38,inr,SUCCESS,Shopping,A13,SUSPICIOUS
cab0d60e-d7f5-43d1-870a-a3786baee768,2025/07/10,Apple,3254.2,usd,success,,A29,SUSPICIOUS
6d9c7db2-cdf9-46a7-a15e-56bbd0ac0eef,14-05-2025,Google,2252.93,usd,failed,,A24,Anomaly check
1cb120a7-c620-42cb-9d0f-f3659806e280,2025/11/10,Netflix,2424.38,INR,success,Transport,A1,
7d411bbb-816c-484c-972e-1188d547bc66,26-11-2025,Swiggy,$4905.07,USD,Pending,Entertainment,A4,SUSPICIOUS
ff17ad1a-e044-48cd-b0f6-ec2a762c4b2c,12-11-2025,Ola,2121.65,usd,PENDING,Utilities,A3,Anomaly check
b7856edc-3ec7-4306-9567-fc817cae33e0,10-03-2025,IRCTC,496.73,inr,PENDING,Food,A22,Refunded
f904e5ff-8a56-4185-b516-7291edc353c1,28-06-2025,Shell Petrol,675.26,INR,failed,Entertainment,A44,
9987b12c-6b21-458e-bcec-8869d836b6f1,12-01-2025,Spotify,2864.5,inr,success,,A23,SUSPICIOUS
d1e724ea-d5ae-41a9-b873-ee8899670667,2025/02/22,Spotify,2937.19,USD,SUCCESS,Transport,A26,Refunded
a1a5e8fb-9227-43d1-b757-7b87147561ab,19-11-2025,Zomato,2502.79,inr,FAILED,Other,A7,Anomaly check
d04afb03-25da-4eff-a4f5-1e9ddcc88202,04-08-2025,Amazon,2398.92,USD,success,Utilities,A3,Refunded
29b3e24c-b2cd-4a6c-979e-3c927599609e,08-12-2025,Local Bakery,4598.25,USD,FAILED,Other,A50,
cc78db62-6869-441e-9133-9e5fcdfe73d1,12-02-2025,Flipkart,3002.58,INR,success,,A12,Anomaly check
9c7fe061-3f4f-40bd-9695-3ddcce9b1cbc,2025/07/28,Spotify,2274.88,USD,PENDING,Shopping,A28,Duplicate?
9e2dada0-ff53-4782-8d5d-8443391a1f7b,2025/12/17,Local Bakery,891.8,INR,success,Travel,A37,Anomaly check
19a053e7-7d77-4e28-99be-38fcf1b341c8,23-11-2025,Swiggy,3249.11,USD,failed,Food,A8,Duplicate?
0d479732-0aad-4cf3-89bd-c475b800b27e,2025/11/21,Amazon,$2978.81,USD,SUCCESS,,A48,Anomaly check
39c66e90-3ffa-4dd9-8a38-c81a656aaf05,12-09-2025,Local Bakery,$786.62,INR,PENDING,Cash Withdrawal,A18,Refunded
0ae53165-0f44-4b5c-94cc-71cdc76f77a3,01-05-2025,Google,2131.6,inr,success,Other,A31,SUSPICIOUS
e97dc94d-8134-4f97-8beb-08a60f02eb3e,2025/05/14,Uber India,$3420.61,USD,SUCCESS,Travel,A9,Anomaly check
bd55f2bb-15e4-4df0-b255-55b3718ab0fd,2025/09/22,Spotify,$679.62,usd,success,Utilities,A11,Refunded
7aaf48a8-3754-4528-825e-89ae60b87668,2025/08/06,Local Bakery,859.36,USD,PENDING,Entertainment,A29,
7aaf48a8-3754-4528-825e-89ae60b87668,2025/08/06,Local Bakery,859.36,USD,PENDING,Entertainment,A29,
,28-12-2025,Zomato,2222.09,inr,success,Entertainment,A38,Anomaly check
0e81ce21-b718-47ec-8c8f-0f5528f25e26,22-08-2025,Shell Petrol,4539.96,INR,SUCCESS,Food,A3,Duplicate?
d60e684e-afe7-48ad-b0ba-dcff59287d2c,2025/11/01,Apple,1545.04,USD,success,Cash Withdrawal,A5,SUSPICIOUS
ee13bca2-eac2-4dc3-a42f-732e8b94f708,09-12-2025,Amazon,$3015.37,inr,failed,,A15,
e6658747-9f65-48d1-be7e-684d0b61fc86,24-08-2025,Local Bakery,1766.61,inr,FAILED,Food,A14,Duplicate?
35ddf0b9-1a3a-45e9-a0a3-e903844ccf5a,2025/01/03,Amazon,1943.48,USD,PENDING,Entertainment,A37,Duplicate?
3f603af4-e01e-4906-834f-ef7f7e0210ec,10-01-2025,Flipkart,1211.36,USD,Pending,,A20,SUSPICIOUS
9ffbe40e-b542-4016-b2d3-10c7d7c4ecba,16-12-2025,IRCTC,3053.5,usd,SUCCESS,Healthcare,A30,SUSPICIOUS
0e667f4e-08bb-4168-b380-3f4845bc75c1,2025/09/20,Local Bakery,$2594.38,USD,SUCCESS,,A41,Anomaly check
d2009633-eb23-4368-bc8d-af56a9334fa9,2025/04/03,Uber India,2751.71,USD,SUCCESS,Cash Withdrawal,A13,Duplicate?
bdda9374-4350-41f4-b9d4-485d8845570d,25-07-2025,Google,4596.0,USD,failed,,A8,SUSPICIOUS
0105563e-cf1f-43c3-a999-e6261a76ff77,2025/09/16,Swiggy,1029.21,usd,failed,,A6,Refunded
d7b7a898-8343-4ad4-82a1-3da249ae79cb,2025/12/26,Ola,836.82,usd,PENDING,Transport,A39,Anomaly check
cd247920-b7a7-490e-8541-6867773c27a1,16-05-2025,Swiggy,2644.12,USD,FAILED,Cash Withdrawal,A14,Anomaly check
fd90ce30-ae27-46ca-b87a-199a78215b40,2025/06/05,Local Bakery,847.06,INR,PENDING,Travel,A47,Anomaly check
468d524c-fb7a-41f0-8f29-408e59512e52,2025/08/29,Shell Petrol,123.35,INR,FAILED,Cash Withdrawal,A26,Refunded
b2905d3b-e747-4994-bead-202dceaf966b,06-05-2025,Google,16.89,usd,Pending,Healthcare,A10,Duplicate?
a95c837a-8d9b-4e67-a241-86b2c66665b4,24-12-2025,Flipkart,3136.15,USD,PENDING,Shopping,A2,
3e85b66e-56b0-4ea8-af66-de4978507055,2025/11/28,Apple,2307.49,USD,PENDING,Shopping,A19,SUSPICIOUS
7f5d0e89-d956-4354-bcb4-c97f858670f2,2025/01/19,Netflix,2095.75,usd,success,Other,A5,SUSPICIOUS
685e39fb-f7c5-457f-8826-8810fe668ee2,04-04-2025,Spotify,851.32,USD,failed,Travel,A19,Duplicate?
0b2c0fa0-32c5-4a72-bc28-1acb9b3d0f7c,24-10-2025,Uber India,4363.15,USD,failed,Cash Withdrawal,A45,Anomaly check
f0b32095-2c4e-4d84-807c-567381aaf8e6,2025/09/18,Swiggy,$2718.18,USD,success,Shopping,A31,Duplicate?
e2b7b66d-ff92-4099-bcfd-3401e0bd5bdc,23-07-2025,IRCTC,3883.61,inr,SUCCESS,Shopping,A22,SUSPICIOUS
a65f9a7d-f5f2-4b69-9d42-e63cf44e3ca9,18-11-2025,Netflix,3709.26,USD,Pending,,A6,Refunded
3abc03da-bea5-4656-90c8-f305ab0fe7eb,2025/05/10,Flipkart,1916.24,usd,Pending,,A45,SUSPICIOUS
fc0d5e69-8683-4e2e-80b8-2ea929f42e80,13-05-2025,Google,2807.42,usd,FAILED,Cash Withdrawal,A12,Refunded
36b78b24-ae7b-4236-b78b-4666e93a36b3,22-12-2025,Swiggy,$2545.84,usd,PENDING,Shopping,A6,Duplicate?
3d140d65-c75d-445a-bf11-9668183aa659,03-04-2025,Apple,$2528.1,usd,SUCCESS,,A5,Duplicate?
d2468771-5f4e-4f5a-a126-845f3edddc6b,2025/07/12,Netflix,4639.13,usd,failed,Cash Withdrawal,A30,Duplicate?
687d2921-8580-4215-8e00-329c7a16cb00,2025/06/27,Google,1908.86,inr,PENDING,Healthcare,A31,Refunded
9ba82377-d91d-45da-b8bb-8e257bdf552d,2025/06/03,Local Bakery,1460.63,USD,PENDING,Healthcare,A12,
30b0bbc1-6cae-4458-afb6-bc3bf5fddcdf,13-05-2025,Spotify,$3916.25,inr,FAILED,Utilities,A40,Anomaly check
,05-02-2025,Apple,235.55,INR,PENDING,Cash Withdrawal,A8,Duplicate?
29367b73-cba8-419e-a829-586f264511c2,18-08-2025,Zomato,2290.44,INR,PENDING,Utilities,A35,Refunded
93e052c5-2352-4b1b-b789-cc6070d7ec6f,05-01-2025,Shell Petrol,$49.96,INR,failed,Shopping,A28,
dcbac8a7-ef5a-4536-b16a-8a00167fff76,04-11-2025,Shell Petrol,4994.08,INR,FAILED,Entertainment,A8,Refunded
ad9f777d-0be9-4b52-9b5c-eb2b08b52f7f,2025/11/08,Spotify,4298.1,inr,SUCCESS,,A38,Anomaly check
ad9f777d-0be9-4b52-9b5c-eb2b08b52f7f,2025/11/08,Spotify,4298.1,inr,SUCCESS,,A38,Anomaly check
cf2bb1da-6046-4ee4-b00f-28f9762a2516,07-09-2025,Shell Petrol,4497.55,USD,success,Entertainment,A40,Anomaly check
,03-04-2025,Uber India,1850.71,USD,PENDING,Utilities,A47,
,2025/03/13,Zomato,1807.4,USD,failed,,A12,Duplicate?
1e739d8e-02e4-4302-897b-23601405697f,2025/07/10,Uber India,$2671.96,inr,success,Utilities,A8,Refunded
5306bd00-a2a3-4192-940d-90527e38ee3e,2025/08/13,Google,$4839.63,inr,SUCCESS,Transport,A19,
65e11e96-a2f7-4d19-ac41-27e837233441,2025/11/18,Google,3028.3,inr,PENDING,Other,A48,Anomaly check
18b03f1c-f0bc-4a0d-994c-0d1ed24da22e,2025/12/14,Zomato,4331.9,usd,PENDING,Travel,A24,
99dffcd5-62c0-4086-993a-c9580902dbc2,27-04-2025,Amazon,3750.44,usd,failed,,A39,Duplicate?
b6a5232f-653a-4c01-9e41-84f23211d5e5,26-11-2025,Flipkart,4244.67,usd,failed,Entertainment,A45,SUSPICIOUS
ff3eb3af-d952-4236-9428-753dca9c26d6,25-02-2025,Ola,698.74,USD,success,Travel,A42,Anomaly check
b4232a5a-adb2-4e97-9409-7dada78f0096,20-08-2025,Uber India,$4264.84,inr,success,Transport,A31,Anomaly check
25546574-c0bb-4449-aa7b-587daf1ad28a,04-09-2025,Ola,1025.88,USD,Pending,Utilities,A15,
987d51a1-1edc-429f-af18-1e977a0633ad,19-02-2025,Zomato,130.13,usd,SUCCESS,Other,A10,Duplicate?
6eaca5b9-bdc0-4279-ad0a-e00de2398df6,2025/06/19,Amazon,3003.3,USD,PENDING,Entertainment,A39,SUSPICIOUS
9109f2c3-7c60-474a-927d-d86c95f14f2d,03-10-2025,Amazon,1101.72,USD,FAILED,Other,A36,Anomaly check
b4bf059f-f3a3-4c01-8b74-c1afe03ac9d5,2025/11/19,Netflix,4495.65,USD,FAILED,Other,A43,Refunded
6bfc5c6c-df94-42f7-9a94-70f5e65726cd,2025/02/16,Ola,1599.98,usd,FAILED,Entertainment,A13,Refunded
32e43bc8-2ebd-4dfe-9215-7f51576bd098,2025/10/29,IRCTC,1855.38,INR,success,Cash Withdrawal,A36,Refunded
bc1bfa68-66de-4005-95f6-982f91b56220,22-03-2025,Zomato,29.66,INR,SUCCESS,Travel,A35,SUSPICIOUS
e688b06b-66b2-4749-9c67-d7e879c1909c,30-01-2025,Amazon,4874.61,usd,success,Healthcare,A16,Refunded
b7427b80-1443-4c7b-85a3-08de7895243e,2025/02/27,Apple,4351.61,inr,PENDING,,A40,Duplicate?
0a9d1fea-5119-445f-9b3b-fa66ba6e069a,2025/11/14,Netflix,527.38,INR,failed,Healthcare,A39,Anomaly check
803f3276-5274-42ff-b67c-8493837986b2,27-10-2025,IRCTC,1502.57,USD,SUCCESS,Shopping,A2,Anomaly check
e8afe64b-10c6-49d6-b462-68a50169a740,19-09-2025,Zomato,2369.28,usd,PENDING,Utilities,A2,Refunded
58949740-a8ae-45f3-9b4b-9c788a2c7c6e,2025/12/31,Google,297.55,inr,failed,Other,A33,Duplicate?
86f5de93-5a9b-40f1-b859-3af0b1dc9766,24-03-2025,Zomato,$2988.56,usd,SUCCESS,,A10,Anomaly check
e605581d-d02e-41a9-939d-e48a1c2c3230,27-11-2025,Amazon,3086.09,INR,Pending,Utilities,A11,SUSPICIOUS
37c90d5b-d974-45a7-9293-0ee44512b9e2,31-07-2025,Apple,2657.6,INR,failed,Shopping,A18,Duplicate?
3bf29bb4-08b4-44c9-b65b-3ad2eeb57dcb,17-02-2025,Swiggy,3126.07,usd,failed,Food,A19,Anomaly check
88648274-d98b-45cb-a4ed-160b3ae481a6,02-11-2025,Netflix,4172.88,inr,Pending,Cash Withdrawal,A50,
73c060ac-022c-45fd-8c79-d5432c278b53,2025/02/08,Google,$69.87,INR,FAILED,Utilities,A34,Anomaly check
20e3f1fb-757d-415a-8aa9-9e6ef47e8435,20-01-2025,Flipkart,$2530.83,USD,FAILED,Shopping,A9,
19dcba87-a0f6-4199-b553-284e8230d0b5,19-06-2025,Ola,4436.79,usd,SUCCESS,,A50,Anomaly check
9422b89d-dca8-4492-9c8c-0976ea50d962,2025/01/08,Ola,2600.05,inr,SUCCESS,Travel,A40,
f7a7a818-7e9c-432e-9a00-801f7ee45d72,2025/03/22,IRCTC,118.07,usd,FAILED,Shopping,A2,Refunded
945964af-24df-4369-99ea-0ea91cfb8f34,2025/03/24,Google,2552.63,USD,success,Cash Withdrawal,A24,Refunded
bc921f4f-cb90-46e5-acad-8c263903e3de,25-05-2025,Google,4409.95,INR,Pending,Entertainment,A32,SUSPICIOUS
974d8da4-94ba-44be-86e7-6d74de2926ea,28-02-2025,Local Bakery,4759.78,USD,SUCCESS,Transport,A35,Duplicate?
974d8da4-94ba-44be-86e7-6d74de2926ea,28-02-2025,Local Bakery,4759.78,USD,SUCCESS,Transport,A35,Duplicate?
2625d129-b66d-428d-9583-4d7985260a9c,2025/02/14,Flipkart,2614.24,inr,PENDING,Transport,A21,Duplicate?
e4cf8e96-e708-46e1-9f33-76bd8101dad9,07-12-2025,Amazon,2657.0,INR,PENDING,Travel,A23,Refunded
,28-05-2025,Uber India,4012.5,INR,PENDING,,A42,
f840bb21-946d-4b38-aaef-8e2ddabbe208,2025/07/03,Amazon,265.59,usd,failed,Utilities,A18,SUSPICIOUS
68a303a6-1afa-4095-a01f-004938e70f29,2025/05/05,Google,1973.86,usd,SUCCESS,Shopping,A25,
9c969c6b-0b79-4be2-9c1c-60a5ecdefb55,2025/04/29,Apple,3579.21,usd,failed,Transport,A28,Refunded
453788a9-c1ea-45c1-a267-86e83ec38689,02-01-2025,Local Bakery,$422.57,USD,SUCCESS,Travel,A31,
ff0e4b7d-b9f0-4854-8d72-65468f5daba5,2025/07/25,Shell Petrol,724.67,INR,PENDING,Food,A22,Refunded
,05-04-2025,Local Bakery,2183.22,INR,failed,,A27,Refunded
bb12d3e2-9440-45a4-9223-fc2ffe840f7f,09-04-2025,Flipkart,1579.91,usd,PENDING,Other,A36,SUSPICIOUS
df4d8774-6d39-4acf-bf47-39f73584a6fa,23-09-2025,Flipkart,3529.97,inr,success,Healthcare,A44,Duplicate?
db64c039-d52c-4c93-a508-bc2d4e396854,07-03-2025,Spotify,1650.91,USD,SUCCESS,Shopping,A48,Duplicate?
d012a0c5-fc09-44ec-b72b-d2e5cca66c57,06-04-2025,Spotify,1262.61,usd,success,Entertainment,A48,Anomaly check
f6b21aa8-89a6-4e57-8c90-93c3a2afb87a,18-08-2025,Spotify,$3929.86,USD,success,Travel,A48,Anomaly check
7f2e5f38-2120-4610-8a82-add4499adb5e,07-05-2025,Flipkart,3891.35,inr,PENDING,Transport,A27,
cc4f35a0-65d2-458d-b228-5386ffc8b3b4,22-03-2025,Flipkart,872.27,USD,SUCCESS,Utilities,A39,Duplicate?
55f06399-471f-4776-a4c7-23647fffa355,2025/09/30,Amazon,3148.21,usd,FAILED,Shopping,A21,Refunded
e13e6db3-8a84-43da-aeaf-e4d37468fe5c,02-04-2025,IRCTC,2193.25,INR,success,,A8,Anomaly check
1495768e-750e-4d19-8067-d25fae6c2969,2025/12/02,Apple,4041.14,USD,Pending,Travel,A44,SUSPICIOUS
2d8c7826-5543-4d2a-b449-c6bce697505b,26-03-2025,Ola,1728.43,USD,FAILED,,A28,SUSPICIOUS
467c1e6b-a029-4f19-812c-8e7fe034996f,06-08-2025,Netflix,1909.97,usd,success,Healthcare,A47,
963a48f5-4e25-437a-b666-b8bee643ac31,08-09-2025,Zomato,1099.77,usd,success,Travel,A50,Refunded
ef428ec5-e281-48e7-9729-a0be3523a436,23-05-2025,Amazon,3656.49,INR,failed,Transport,A12,Anomaly check
6e9067ad-2188-4d3a-b780-a69f9a08d9e8,05-02-2025,Amazon,1014.57,usd,FAILED,Entertainment,A50,
31537f2f-5837-4d90-8d21-a0166b7a68c7,2025/07/06,Amazon,3379.94,inr,failed,Food,A42,Anomaly check
8d538d47-6601-42c1-9cd6-960a5bdfdd05,2025/03/23,Ola,2750.26,USD,FAILED,Food,A10,
c3118b60-3786-4927-bfd3-b5c03b5d67b9,2025/09/04,Ola,1760.5,INR,success,Cash Withdrawal,A35,SUSPICIOUS
5bea9bbd-3898-4b19-b522-20ef9d49f87d,11-04-2025,Spotify,1215.7,usd,SUCCESS,Travel,A49,Duplicate?
c4b13267-e174-4bef-a008-0d079c0bba36,2025/10/27,Netflix,$1800.89,INR,failed,Other,A36,SUSPICIOUS
ddc01da0-0661-4fe9-bd6b-6ebcc4455139,2025/12/08,Uber India,2454.31,INR,success,Utilities,A43,Refunded
a2d6c030-cba6-4301-af76-7a5c22f5c860,2025/01/16,Swiggy,1681.48,USD,PENDING,Utilities,A20,Refunded
2b77928d-9928-4c8b-a64e-718458b24548,26-03-2025,Netflix,161.6,INR,Pending,Cash Withdrawal,A46,
40c68e4a-75a3-4b1f-b784-9261636b2b79,13-04-2025,Local Bakery,1934.58,inr,success,Cash Withdrawal,A11,Duplicate?
ad7a31d6-e4b3-481f-8939-7f88a1dfd4c8,30-03-2025,Local Bakery,4381.24,INR,PENDING,Utilities,A30,Refunded
,2025/04/06,Netflix,2497.11,usd,SUCCESS,,A10,Anomaly check
32cdb019-5443-4998-a9d2-e97d4b5d3ba0,07-03-2025,Local Bakery,1299.92,usd,SUCCESS,Utilities,A42,
311873b1-3a7e-470e-ac36-3d24fc10eff0,2025/03/14,IRCTC,1698.65,INR,SUCCESS,,A21,
cc24699e-4c90-41a6-a36d-799ebb67fbd7,2025/05/26,Swiggy,2025.19,USD,PENDING,,A44,Refunded
e8e38864-70ef-432e-b803-b3fe0b26dbf6,10-03-2025,Netflix,$2148.2,inr,FAILED,Food,A32,
531ce3c5-57cb-446c-a5b9-a20ab0b964e8,24-11-2025,Flipkart,3672.94,USD,FAILED,Healthcare,A39,Refunded
6f452bed-0d39-4a52-849f-38f358aa88a2,02-06-2025,Flipkart,3861.15,inr,Pending,Cash Withdrawal,A33,
072839b4-6424-4572-8dc5-a1c3f4bfbf79,2025/11/22,Flipkart,140.77,INR,Pending,Healthcare,A30,Anomaly check
ab0b69ca-20e1-4032-9967-9cda8ea6bb5f,2025/04/05,Apple,2405.4,usd,success,Shopping,A31,Anomaly check
17f40363-27c0-4649-a6d9-ebce90f22005,17-10-2025,Spotify,3616.73,INR,Pending,Food,A30,
,05-02-2025,Ola,1304.53,INR,FAILED,Travel,A37,SUSPICIOUS
1c5dbeef-0478-4e19-8f7d-a05361089c66,06-11-2025,Local Bakery,1202.56,USD,FAILED,Transport,A31,SUSPICIOUS
24c45131-a31e-4155-8eb0-2c7a6f548917,02-05-2025,Ola,$1980.08,USD,SUCCESS,Food,A15,Refunded
01fa6896-6a20-4c62-9a5e-206c35400934,04-06-2025,Ola,620.34,INR,success,Travel,A33,SUSPICIOUS
70e394f2-0757-4cbc-b318-115bb6a22132,21-09-2025,Zomato,3051.76,usd,PENDING,Shopping,A35,Anomaly check
a6c85166-fec9-4451-9f31-046298ff802a,2025/07/26,Flipkart,$3071.32,USD,FAILED,,A18,Duplicate?
ed198453-43d6-478f-a16d-0d456e6ef828,2025/08/03,Netflix,$4377.01,INR,SUCCESS,Entertainment,A5,Refunded
b34ccdbb-32b5-4712-9e2b-d06a0da07f10,02-04-2025,Spotify,178.14,inr,FAILED,Healthcare,A24,Refunded
0331e2e1-db9a-4d5d-8462-c78ffb9ce2f8,2025/05/14,Spotify,817.04,INR,success,,A2,Duplicate?
e7a7752a-1e0c-4d5c-9f40-7427b3360722,2025/06/27,Flipkart,$1772.29,usd,PENDING,Transport,A39,Refunded
b8358ccd-11c5-4232-8360-fdca8159d596,26-08-2025,Flipkart,$1702.4,inr,success,Shopping,A33,
1ee72b17-b6c7-4324-beb9-3d8413353c97,2025/12/09,Shell Petrol,3045.7,inr,failed,Cash Withdrawal,A31,SUSPICIOUS
bfea96f6-1fce-4505-a815-371f2c1f3dd0,18-06-2025,IRCTC,$3017.4,inr,PENDING,,A8,Duplicate?
9613311d-3e36-49a6-a73b-722fdf05506d,2025/07/11,Apple,645.27,INR,SUCCESS,Transport,A10,SUSPICIOUS
7fb86630-2661-4f88-9879-077baca3e1ab,2025/07/23,Flipkart,4741.66,inr,Pending,,A43,
8dbfe28c-805d-4855-9c0f-29414050e90a,03-06-2025,Uber India,$3663.68,inr,SUCCESS,Cash Withdrawal,A37,Anomaly check
50420c21-1880-444d-b9d0-36ab6705266a,23-07-2025,Zomato,1131.92,usd,failed,Entertainment,A10,Duplicate?
eb20f1d7-9dc9-49df-896d-d4250bda646e,2025/11/13,Local Bakery,$3546.21,usd,Pending,Healthcare,A17,Refunded
c20539b0-2cff-4392-961f-f0d7a72ac00e,22-11-2025,Apple,4754.84,usd,success,Utilities,A9,Duplicate?
c20539b0-2cff-4392-961f-f0d7a72ac00e,22-11-2025,Apple,4754.84,usd,success,Utilities,A9,Duplicate?
9bf51740-3912-4166-89da-eabd2149befc,27-12-2025,Local Bakery,$264.03,usd,FAILED,Transport,A6,
c1b491f3-b1ab-40bc-8c95-82ac8ee6245e,05-06-2025,Shell Petrol,1508.41,inr,FAILED,,A9,
5e92e5e1-2c53-4ee0-866b-3b4b0f3f0e2a,2025/02/17,Spotify,$1697.62,INR,PENDING,Entertainment,A3,
2c3b7627-ee6f-4a74-8ffd-a34143541c3f,19-02-2025,Swiggy,181.78,INR,FAILED,Shopping,A46,Anomaly check
40125fed-6b77-4943-9fbe-e36189432d0f,18-12-2025,Ola,2624.71,inr,SUCCESS,Healthcare,A41,Refunded
9cfca2ee-5271-4c6e-9800-6b2db0a8c92e,01-04-2025,Netflix,4726.44,INR,Pending,Entertainment,A12,SUSPICIOUS
881edc06-106f-4a4c-9b0d-a68708c2604e,2025/11/19,Spotify,3823.57,inr,FAILED,Other,A41,SUSPICIOUS
edf6680d-bc00-434a-bdba-c62783ab7584,2025/03/19,Shell Petrol,1047.85,usd,PENDING,Travel,A39,SUSPICIOUS
ef55e156-701f-400b-9374-840990403b20,2025/03/08,Flipkart,$2352.25,inr,success,,A11,
ef55e156-701f-400b-9374-840990403b20,2025/03/08,Flipkart,$2352.25,inr,success,,A11,
28dda60c-724c-4205-a384-17467e0dc813,27-11-2025,Zomato,95.12,USD,failed,,A38,Duplicate?
7263de5a-6ce3-4ed3-92ae-e8d7b02cff28,17-09-2025,Netflix,1012.14,USD,failed,Utilities,A50,Anomaly check
beda2fe6-b029-4868-94a2-de3f341bbb55,25-06-2025,Zomato,529.65,inr,success,Travel,A29,Refunded
922e68f2-5b62-4e2b-9c8b-bcddb3467223,19-01-2025,Shell Petrol,3541.67,INR,success,Travel,A20,
8cc2ae53-4883-444f-9f52-c479a2794ea2,2025/07/04,Spotify,4248.64,inr,FAILED,Healthcare,A50,Anomaly check
73ca87c0-b64a-49da-b93c-b47d216fc08e,05-06-2025,Shell Petrol,4904.87,USD,SUCCESS,Shopping,A8,Duplicate?
36fcd865-9bfb-4563-8a54-703370684b32,24-03-2025,Netflix,$3309.89,inr,Pending,Transport,A32,Refunded
5ba73267-49fd-44a3-ae9e-0f14142d9524,02-05-2025,Spotify,$409.63,USD,Pending,Healthcare,A13,SUSPICIOUS
6881970d-d795-4e57-af74-220e39fc57d6,15-02-2025,Swiggy,2076.42,usd,failed,Food,A35,
066b9696-e37d-4200-93be-d8909ee414aa,01-06-2025,Netflix,$4967.54,INR,PENDING,Travel,A45,SUSPICIOUS
baac9562-9c63-4012-956d-0606dd4c3fd5,26-10-2025,Zomato,2029.72,inr,FAILED,Other,A19,Refunded
2f7c931d-007d-4099-b656-c7d49e39bc16,23-03-2025,Swiggy,2487.1,inr,success,Transport,A3,SUSPICIOUS
f5099933-bb3c-4414-a1d7-b1862d5b2ec6,2025/10/10,Uber India,2708.72,USD,failed,,A7,Anomaly check
2ebc00c2-73c6-4329-8449-0e80d2ab8a2d,2025/02/14,Local Bakery,2688.59,INR,success,Cash Withdrawal,A16,SUSPICIOUS
9baa187c-8eb2-4a95-a2f0-7dbb0d7ce950,19-08-2025,Shell Petrol,459.27,inr,SUCCESS,Food,A43,Refunded
63478133-ab17-4f49-a6fe-5f4cfd3325f4,2025/03/11,Netflix,4175.91,usd,SUCCESS,Food,A10,Refunded
d5b88a6b-658c-42a3-84ed-10dc2f5bd046,11-11-2025,Shell Petrol,282.78,USD,failed,Other,A4,Duplicate?
fd478e0f-48b4-4a06-a597-54ef7b0df783,10-10-2025,Amazon,3801.17,inr,Pending,Transport,A43,SUSPICIOUS
a93d820b-587b-466d-aeda-68dfcc6d62fc,13-02-2025,Google,$1602.08,USD,SUCCESS,Transport,A7,SUSPICIOUS
38ad8d76-d759-4e0e-9766-3aafc6640cf2,01-07-2025,Amazon,1700.77,usd,PENDING,Transport,A23,SUSPICIOUS
9eca51d2-ac71-4f8b-89b3-d5d23332c977,11-03-2025,Swiggy,629.18,usd,success,Utilities,A36,SUSPICIOUS
df245129-6b21-4df4-8404-63d3a3da001e,15-01-2025,Ola,2315.08,INR,Pending,Healthcare,A22,Duplicate?
e7d99d42-3f75-4abb-bbe2-97feed2c5c93,2025/12/07,Uber India,223.11,usd,failed,Healthcare,A46,Duplicate?
0ef8e947-a70f-4b06-8cf3-42974e47dcb7,04-03-2025,IRCTC,2825.53,USD,failed,Travel,A49,
a97e65ff-8270-48d0-ac1d-96c9848ff682,04-07-2025,Ola,$3170.02,INR,success,Transport,A18,Duplicate?
4c53fb03-75f9-4353-9ae3-068fbec7a68c,07-10-2025,Uber India,3102.94,INR,success,Other,A28,Anomaly check
643211a7-1967-4f99-b2fd-8fd6c52a9bdd,2025/02/26,Swiggy,$509.93,inr,FAILED,Other,A49,Refunded
07ad714e-225d-4ee5-b4dc-5e1aa16bf12f,05-09-2025,Local Bakery,3501.98,usd,PENDING,Utilities,A17,Anomaly check
9fe63b4a-2f9a-41a5-b6d6-a58cecf8178d,10-01-2025,Local Bakery,$2256.16,usd,FAILED,Transport,A38,Duplicate?
9fe63b4a-2f9a-41a5-b6d6-a58cecf8178d,10-01-2025,Local Bakery,$2256.16,usd,FAILED,Transport,A38,Duplicate?
24a33c62-7bf2-40da-af70-03707f5dc255,2025/02/26,Google,22.15,USD,FAILED,Shopping,A16,SUSPICIOUS
9985a69f-5bea-4d4b-af43-1e185144fd30,21-12-2025,Zomato,4386.28,INR,Pending,Cash Withdrawal,A38,
16d042a5-be48-4f97-8ad2-d104c8297b5f,08-11-2025,IRCTC,2750.36,inr,PENDING,Healthcare,A22,Duplicate?
9abf77f3-080c-459d-98e6-00d7197926c3,15-12-2025,Uber India,2614.09,usd,FAILED,Transport,A40,Duplicate?
09b2b6b7-1832-421d-8d87-1b5694222ad5,2025/09/10,Uber India,3253.12,inr,PENDING,Other,A38,
6b6e2ef7-513d-47b0-87e8-bad591626b9f,28-02-2025,Apple,543.17,USD,PENDING,,A42,Anomaly check
5ccdf4c7-c230-4f59-a17f-5bfa54404abd,2025/09/15,Local Bakery,$1137.13,INR,PENDING,Healthcare,A26,Anomaly check
2663637a-6580-43ae-8b7e-a99948190aeb,26-02-2025,Swiggy,2094.63,USD,SUCCESS,,A25,
afe2346f-5d90-4fff-810b-3479e397c7ad,2025/12/15,Flipkart,4939.84,INR,success,Entertainment,A10,Refunded
8769f9a4-7880-4f1a-b72f-4242b585e071,31-07-2025,Ola,3045.53,inr,SUCCESS,Healthcare,A44,Anomaly check
a193b9d8-1669-4c80-a4e6-36f6df46cce1,2025/01/27,Spotify,3413.4,INR,PENDING,Food,A36,Duplicate?
ad33185f-d06a-4b8c-b8a1-cad33bab9356,10-10-2025,Uber India,518.75,USD,success,,A32,SUSPICIOUS
92214ae0-40a6-4549-a9af-07ae41a616c6,2025/04/03,Spotify,12.11,usd,success,Transport,A2,
3fb15662-891f-42cb-9a4a-fcecb4ff03f4,2025/01/28,Ola,255.49,inr,success,,A50,Anomaly check
d6912301-164c-429f-8b96-e9fa9e70ad46,29-05-2025,IRCTC,1997.81,usd,FAILED,Cash Withdrawal,A18,
a34880bd-3abe-4022-9402-d966907c8d28,24-08-2025,Swiggy,2804.42,USD,PENDING,Entertainment,A16,Duplicate?
f7677942-9456-4c63-b606-33de17d14cbb,2025/09/01,Amazon,293.48,USD,failed,,A44,Refunded
fb14a3fd-541a-4553-a52d-3f865f738142,2025/05/25,Swiggy,2660.09,inr,FAILED,Healthcare,A14,Refunded
8f3f5c06-2ccb-49c6-be0f-40ddfaca16e3,05-02-2025,Local Bakery,370.02,INR,failed,Transport,A40,SUSPICIOUS
eeca81b0-9e15-47cc-8d4d-5e81ae57fe49,2025/10/16,Flipkart,$1342.11,usd,Pending,Utilities,A8,Anomaly check
a25826ae-9470-4578-a340-4cec211b5a21,2025/03/09,Netflix,$3160.33,inr,Pending,Other,A38,SUSPICIOUS
e90a2c9d-8340-4cf4-9c0f-ecf752ef5100,03-04-2025,Local Bakery,3347.92,INR,PENDING,Entertainment,A17,Anomaly check
75233334-e5ab-4852-910f-1d24a8924f8a,2025/08/18,Local Bakery,2064.21,usd,SUCCESS,Other,A46,Duplicate?
a48ee5d7-9004-4aa3-b4ed-00fc40c06a2e,19-09-2025,Shell Petrol,1049.27,INR,Pending,,A5,
03bd6993-a6f9-4df3-bbe0-bb59120fb2dd,08-03-2025,Google,4373.44,inr,PENDING,Other,A11,Duplicate?
fa925cee-381d-4f96-be7c-47c16e6d6368,2025/04/12,Zomato,$2913.71,USD,Pending,Food,A11,
fa925cee-381d-4f96-be7c-47c16e6d6368,2025/04/12,Zomato,$2913.71,USD,Pending,Food,A11,
d73867fd-ccb0-4daa-a69d-1162ea581711,2025/03/02,Amazon,389.04,usd,SUCCESS,Food,A27,SUSPICIOUS
aa1420e8-a424-49ca-8ee7-fb59de038020,2025/01/24,Ola,3886.4,inr,failed,Travel,A49,Refunded
7ffa1e74-1bbc-4272-a102-1e27a853e3a4,2025/03/16,Zomato,3975.49,INR,FAILED,Transport,A37,SUSPICIOUS
8198313e-9450-4fb4-80e1-8cc83d443c35,2025/06/12,Swiggy,$3278.04,USD,PENDING,,A7,Duplicate?
ff0e6d52-0f6f-46ef-983d-37917da7ff2a,28-03-2025,Apple,1443.05,INR,success,Transport,A22,Anomaly check
a00681f2-70c7-4c61-b434-37b17319a375,2025/10/08,Apple,2868.1,USD,failed,Utilities,A44,
33ea04b4-8881-41cd-8c25-71ccea8edc34,03-09-2025,Apple,4374.5,inr,SUCCESS,Travel,A18,SUSPICIOUS
5a1bb263-982c-4b3f-85f9-5270ec354df6,2025/10/19,Local Bakery,3924.58,usd,success,,A29,
5a1bb263-982c-4b3f-85f9-5270ec354df6,2025/10/19,Local Bakery,3924.58,usd,success,,A29,
0a18ae76-5db1-431e-8014-2161fef3fcd8,28-06-2025,IRCTC,$3508.58,usd,SUCCESS,Food,A38,
f78e0f9d-61e6-4c5b-a7ee-ac823c49ab41,2025/03/06,Netflix,2307.14,usd,success,Food,A17,SUSPICIOUS
f4ebfb57-e2a8-4775-971e-d65de7a3f091,2025/08/26,Swiggy,3350.89,USD,SUCCESS,Entertainment,A4,
249650c2-5725-4ff5-b28d-0170177ab886,2025/02/20,Google,$1831.92,usd,FAILED,Entertainment,A42,
57fecfda-a2c2-491b-a2ae-8dd7b6eabfda,2025/01/26,Local Bakery,3095.86,usd,Pending,Entertainment,A14,Duplicate?
0b525611-f77b-4686-aaef-ef77ca2f349e,2025/09/21,Ola,1482.07,usd,success,Food,A21,Refunded
2d4d5d00-5faa-4341-9d62-8b43eff198ac,2025/06/15,Zomato,244.07,inr,success,,A4,Refunded
72ed12df-504b-4a9e-a284-3636420f2848,2025/08/02,Apple,250.53,USD,success,Shopping,A1,SUSPICIOUS
07489020-73dc-41cb-acf6-01928cfa29fa,21-10-2025,Swiggy,4822.6,inr,success,,A25,Duplicate?
3730c4e0-3d12-469f-8545-b14eb204fd35,16-10-2025,IRCTC,461.24,USD,FAILED,Shopping,A48,Refunded
2944fd48-47c1-4c83-81bc-256789e62906,2025/11/14,Shell Petrol,3891.22,USD,failed,Cash Withdrawal,A27,Anomaly check
417a021e-f551-447e-b168-60e20118f696,25-07-2025,Spotify,$3176.08,usd,SUCCESS,Food,A27,Anomaly check
d3850c0e-1650-4b27-b2e2-1c89e18ccde7,2025/06/14,Spotify,1780.84,usd,failed,,A46,SUSPICIOUS
,20-09-2025,Swiggy,1931.87,inr,failed,,A19,SUSPICIOUS
36ab93a6-8d25-4958-b975-27c7af6fd826,2025/10/14,Flipkart,1144.83,inr,FAILED,Travel,A45,
dccc6be2-ecc5-45bd-8727-26e18a8d46dd,2025/06/10,Amazon,$2147.51,USD,success,Travel,A4,SUSPICIOUS
,2025/04/22,IRCTC,$3742.17,USD,PENDING,Utilities,A25,Anomaly check
40a7cadb-5a8c-4f7c-97f4-3806b65224b2,07-08-2025,Spotify,$4756.0,inr,failed,Food,A43,Duplicate?
abebb7b1-4beb-4236-98e9-dd55c5073714,2025/08/03,Uber India,59.47,USD,SUCCESS,Other,A35,Duplicate?
,31-03-2025,IRCTC,141.98,USD,FAILED,Food,A20,
3d3dc05d-9064-4615-9430-94ab43dd50d2,18-05-2025,Amazon,1279.96,USD,Pending,Cash Withdrawal,A15,Duplicate?
944ed077-1e16-48a5-b403-10ba04f6fac8,2025/10/08,Apple,628.04,usd,success,Shopping,A27,
5925d892-d87f-47ba-b6ba-064f9ae2e51f,20-12-2025,Flipkart,3040.65,inr,SUCCESS,Other,A19,Duplicate?
dc8999db-fa3f-45ed-8a77-d790e071261f,12-12-2025,Google,75.89,inr,Pending,Other,A33,Duplicate?
0c5a52dd-3d82-45d7-b88d-2a50f2a41416,28-08-2025,Local Bakery,1825.48,usd,failed,Entertainment,A49,Anomaly check
8aadd5fb-6055-4ca4-bf1e-888af1be943e,24-06-2025,Apple,4829.62,usd,SUCCESS,Entertainment,A1,
0c3208f8-a498-44d9-88aa-6f6128b92704,2025/07/06,Local Bakery,$3209.31,USD,success,,A23,SUSPICIOUS
8b48e3c0-245a-418f-b97b-b4d64f74ca59,2025/06/23,Zomato,2836.44,usd,success,Healthcare,A33,Refunded
809cedb7-5c5e-49f2-b5e8-7fdf92a93e9b,2025/08/16,Uber India,$2655.68,INR,FAILED,,A10,Refunded
abf02d4e-fc59-4f9e-845c-30d34166e3ae,2025/02/08,Shell Petrol,3385.05,usd,failed,Shopping,A48,Duplicate?
1bc5b4a7-3822-44fa-9d8b-6696575dac69,04-06-2025,Shell Petrol,3158.05,USD,FAILED,Transport,A11,
c9ec4e3a-a76d-4ca4-8ca3-66b0b3373ff9,2025/08/28,Uber India,$379.0,inr,SUCCESS,Healthcare,A27,SUSPICIOUS
aca6c601-b6ad-45a5-aa6a-aca03e37ad76,21-07-2025,Zomato,3970.75,inr,SUCCESS,Travel,A44,SUSPICIOUS
aca6c601-b6ad-45a5-aa6a-aca03e37ad76,21-07-2025,Zomato,3970.75,inr,SUCCESS,Travel,A44,SUSPICIOUS
a2b1b01b-058e-4022-9e83-6f29032bf737,2025/12/20,Google,2626.75,INR,success,Shopping,A10,SUSPICIOUS
3f054d30-6a88-4ddc-bf66-4ab3fd3a086c,2025/02/27,Local Bakery,4780.81,USD,PENDING,Other,A50,
c4256004-5743-4f8c-985f-cd1c5a1e7edf,2025/01/12,Netflix,3737.35,USD,SUCCESS,Transport,A49,Refunded
1c29bb5d-d261-4a72-b150-167866ee2604,05-10-2025,Uber India,1926.14,USD,PENDING,Transport,A49,Duplicate?
91dae63d-4dd7-466a-ac6c-b6d52d45e351,24-03-2025,Flipkart,4378.28,inr,success,,A6,SUSPICIOUS
df78b3a9-a44e-4fd3-80de-663d631f8539,10-07-2025,Google,2753.08,INR,PENDING,,A14,Refunded
a102264d-099b-4c52-bb44-46c1260b9f41,2025/06/28,Flipkart,534.96,USD,FAILED,Healthcare,A3,Anomaly check
6a2eaba8-d424-4b95-8107-54fed8717443,21-11-2025,Local Bakery,2094.46,usd,SUCCESS,Food,A43,Refunded
8cd39ddc-d523-4e92-8594-c1098b72c212,08-04-2025,Zomato,617.51,USD,PENDING,Transport,A31,Duplicate?
e42ded9f-48f6-4182-99fa-2895f5854b57,29-08-2025,Shell Petrol,3515.88,INR,SUCCESS,Healthcare,A41,
35a4b672-61cc-474e-9077-decd702b7da9,13-07-2025,Shell Petrol,2621.46,USD,FAILED,Cash Withdrawal,A11,Anomaly check
41746db1-4f55-4081-8634-9d028f474a54,27-02-2025,Apple,2337.74,inr,PENDING,Cash Withdrawal,A31,Refunded
5b91e3bd-8194-44be-9d79-8d188dc31488,02-12-2025,Uber India,3429.99,USD,SUCCESS,Food,A32,Duplicate?
e401f6c0-e638-454e-b015-095b3d5bcc6d,06-01-2025,Spotify,4638.89,usd,success,Transport,A39,SUSPICIOUS
ecf536ff-3757-46a3-95c9-399ac492a6e2,2025/11/11,Local Bakery,351.39,usd,Pending,Cash Withdrawal,A20,Duplicate?
1398f91f-2fc2-44c1-a883-9a3ffa9fc5dd,03-05-2025,IRCTC,4358.7,usd,failed,Shopping,A6,Refunded
ce9d158c-4a40-414b-97f2-e0c942823774,2025/06/17,Google,4607.6,INR,failed,Shopping,A50,Anomaly check
8285f554-a87f-43c9-9985-68121bd5a72a,03-10-2025,IRCTC,3070.99,USD,Pending,Food,A49,
6a4965a2-ba9e-4b6a-9bc8-57517fea56a8,2025/02/10,Local Bakery,$4306.18,USD,Pending,Travel,A22,SUSPICIOUS
a82c1792-39a8-4bdf-a504-c1a7a8e93778,17-06-2025,Flipkart,3582.55,USD,PENDING,Food,A33,Refunded
a8f53e7c-efee-403b-b07a-ed578aad3d7b,2025/11/21,Apple,1868.22,USD,failed,Cash Withdrawal,A41,Duplicate?
fc57ed7e-9015-4f5d-a01a-ecd0611336dd,18-02-2025,Uber India,103.14,usd,FAILED,Utilities,A43,
354ab612-2db7-4d64-9f37-533bc8459180,05-03-2025,IRCTC,2304.38,INR,success,,A30,Refunded
8446f478-39ab-4d03-813f-2e4784986831,2025/02/10,Swiggy,2239.26,INR,Pending,,A22,
195d346d-7fef-4392-998e-b89be5fa8a6e,2025/11/15,Google,415.32,USD,failed,Healthcare,A26,SUSPICIOUS
411f67e5-5d51-4bc4-86be-7e4c709b33b8,21-10-2025,IRCTC,29.12,USD,FAILED,Healthcare,A1,Refunded
411f67e5-5d51-4bc4-86be-7e4c709b33b8,21-10-2025,IRCTC,29.12,USD,FAILED,Healthcare,A1,Refunded
a12e7034-c658-408d-b036-6229d8cb2a51,2025/06/15,Netflix,4849.49,usd,Pending,Food,A27,Anomaly check
099b591e-cd1f-4b0b-ba5f-e7ae3e6c78b8,2025/09/21,Uber India,1660.03,usd,PENDING,Transport,A27,Duplicate?
4c530e1b-c634-48a2-92f5-3c09477f700c,11-05-2025,Amazon,2637.53,usd,Pending,Transport,A24,Refunded
7fb76bf0-0e73-4b7e-8196-1238c4a12f07,10-06-2025,Uber India,4819.45,usd,PENDING,,A22,Duplicate?
a41c97a6-80f1-4547-ac70-1eb39e52df98,2025/10/17,Google,1930.5,usd,Pending,Entertainment,A34,Duplicate?
ba3b9187-28dd-4611-b616-c5b98f912c0f,2025/12/02,IRCTC,3427.64,INR,success,Shopping,A13,Anomaly check
f06bf023-1a19-46a1-b293-5b95da88b6b6,2025/09/26,Flipkart,4705.65,INR,Pending,Travel,A11,Duplicate?
f4daee27-8676-4dac-988d-31faca0b96f2,10-12-2025,Spotify,4478.5,INR,Pending,Travel,A20,
ed1c09e1-8601-453c-bc5e-f7c22e9f8a9b,16-01-2025,Netflix,$540.11,inr,Pending,Travel,A41,SUSPICIOUS
b55e9d7e-068b-4103-b3bb-c3bf39d2fb89,2025/03/07,Spotify,383.59,USD,failed,Shopping,A35,Refunded
afb88f47-ce23-4917-bb29-33bb1808700d,26-06-2025,Zomato,4403.42,INR,FAILED,Shopping,A17,Anomaly check
2caf1133-e779-4433-965c-570c5113d4bd,2025/07/30,Ola,634.74,USD,SUCCESS,Travel,A4,
43a64ff1-cc7f-4a01-b147-028d0ea19187,2025/12/22,Amazon,2954.53,USD,Pending,,A28,Duplicate?
12042e0d-183e-41cd-bc0f-ac069da6d82a,2025/02/13,Uber India,3718.09,INR,Pending,Shopping,A44,Anomaly check
e489655e-cbba-4fa0-8810-544fe5285629,22-09-2025,Uber India,283.84,USD,success,Transport,A18,
c7f6198e-5069-441c-9b94-84b0927368a6,01-05-2025,Shell Petrol,3193.48,USD,PENDING,Utilities,A12,Duplicate?
ddc462fc-0137-49c9-bea3-9c7cda669ca4,2025/04/01,Amazon,$2415.0,INR,SUCCESS,Food,A14,Anomaly check
acd47042-385c-45f6-9c8d-d168f529fc0c,09-10-2025,Local Bakery,4749.83,inr,PENDING,Shopping,A15,Refunded
56f4530f-f9fb-47ee-8aba-88bfe5036b20,2025/06/19,Apple,426.19,USD,SUCCESS,Other,A19,Refunded
56f4530f-f9fb-47ee-8aba-88bfe5036b20,2025/06/19,Apple,426.19,USD,SUCCESS,Other,A19,Refunded
7ce349f1-d60d-4b94-8160-bac9710307d2,30-05-2025,Netflix,$4276.58,INR,FAILED,Shopping,A8,
479a8017-3f48-4371-9c38-ebc9e3e8ddcb,2025/03/10,Netflix,1227.71,USD,PENDING,Entertainment,A22,Duplicate?
489ccfa6-3435-4ace-903f-74d24e3466b5,2025/01/23,Ola,$603.66,INR,PENDING,Entertainment,A33,Anomaly check
92237597-abff-4f17-8678-08be0d30b896,19-07-2025,Uber India,2991.98,usd,success,Transport,A34,SUSPICIOUS
b00aa313-9792-4f78-b9ce-df68abd44b34,2025/12/18,Spotify,$445.91,inr,PENDING,,A49,Duplicate?
f05deb57-9bd4-4616-9404-686d835c8fa8,2025/06/24,Zomato,1554.72,inr,success,Other,A45,
,2025/09/19,Ola,1100.62,usd,failed,Utilities,A44,Refunded
100934a7-02e9-45a8-9728-06b97c7b9031,08-07-2025,Netflix,3699.46,INR,FAILED,Entertainment,A6,
5205ef70-6672-463e-adca-a70c76981ce0,28-11-2025,Apple,3663.46,inr,Pending,Other,A50,Anomaly check
126e1a2e-cdcd-4bfa-b11e-85167b73caf1,2025/12/01,Google,1977.58,INR,SUCCESS,,A16,Refunded
3bfe7841-d162-4303-a28c-36c9e9612bbf,23-11-2025,IRCTC,$1024.85,usd,SUCCESS,Transport,A32,Duplicate?
18e65924-4b14-45b0-a2f8-37bf81565eff,2025/09/25,Zomato,2543.19,INR,SUCCESS,Utilities,A31,Anomaly check
72c068d1-e753-4e95-8bcf-0668b8ab54ba,11-08-2025,Ola,$2331.77,INR,success,Utilities,A2,Duplicate?
24a3e3ec-241e-49ae-86f7-da0a30a6816e,14-12-2025,Flipkart,1281.33,usd,success,Food,A36,SUSPICIOUS
3bced2b9-6e45-4fab-b405-e87a498bd5f0,03-05-2025,Flipkart,2193.94,USD,Pending,Cash Withdrawal,A25,Refunded
91c441ce-6266-4a4c-9fce-10bf9707f5ca,02-07-2025,Zomato,1112.88,inr,success,Other,A23,Duplicate?
,09-02-2025,Swiggy,1296.7,INR,success,Food,A3,Anomaly check
d35553a0-39cd-49b9-bd9f-2141a2c8b8d8,22-08-2025,Swiggy,4745.21,INR,FAILED,,A47,Refunded
a2057ef1-65ee-4839-8560-7a26540800b4,2025/07/15,Apple,132.13,usd,PENDING,Other,A3,
e17c1e42-1831-4262-a5c8-ab3cf4fb69ef,27-10-2025,Local Bakery,4074.97,usd,Pending,Healthcare,A21,Anomaly check
b6635bf6-c3f4-4635-99ab-703436fe35e6,2025/03/06,Flipkart,$319.53,INR,failed,,A33,Refunded
2a736bc7-2342-4eb1-86e2-c7a22590c2a2,09-06-2025,Flipkart,3825.24,inr,failed,,A29,SUSPICIOUS
2107db1c-4035-4819-9534-2c71978ab50c,2025/03/18,Flipkart,1241.86,inr,PENDING,Healthcare,A45,Duplicate?
b8dd202d-a4b3-4c8a-ab5f-5eeb0ccd487d,2025/12/05,Shell Petrol,181.46,INR,success,Other,A5,Anomaly check
3725e451-984b-4a6e-bc42-338f3f91b9b3,20-11-2025,Shell Petrol,2063.59,USD,FAILED,Transport,A15,Refunded
a1c12fe4-f572-41bd-b9ef-0a19e3d33205,2025/01/21,Local Bakery,4082.05,USD,failed,Healthcare,A43,Refunded
e0a8ed4d-ce5e-4dfe-a21c-364565fa9e32,17-03-2025,Amazon,3164.5,inr,failed,,A30,Duplicate?
10bba77e-2c28-4012-9be6-d695e3791fb4,2025/01/28,Netflix,1408.68,USD,failed,,A30,SUSPICIOUS
12bf00bf-4b83-4f43-85f4-849262ac8a8f,2025/05/04,Zomato,3407.13,usd,SUCCESS,Other,A32,
7130593e-aeef-425a-9738-787d6923541b,2025/07/18,Amazon,258.96,usd,success,Shopping,A23,
b82afb0e-853f-4fa4-badd-b20fc85f325f,02-05-2025,Shell Petrol,4455.63,USD,FAILED,Healthcare,A15,
76c04fcc-0035-4fb0-afb4-006c72d9270b,02-05-2025,Amazon,$4991.6,usd,SUCCESS,Other,A39,
30503ecc-42b1-4bcf-aacf-f1482f7898f0,02-04-2025,Ola,3829.92,USD,Pending,Healthcare,A19,
fde4feca-60ae-4fc2-a07b-af8daf1abd03,2025/02/06,Swiggy,457.49,usd,PENDING,Travel,A7,SUSPICIOUS
047c59b4-7c16-4a52-84b7-5106e8e1243a,2025/05/21,Shell Petrol,$1029.77,INR,Pending,Cash Withdrawal,A42,SUSPICIOUS
d4fd540c-93cc-48c0-bdff-fc82c8bae112,29-03-2025,IRCTC,2565.95,USD,Pending,Transport,A38,
1ab86088-311a-4ecd-93c1-f503a78fc7c5,2025/07/03,Shell Petrol,4924.95,INR,Pending,Shopping,A3,
34664157-12a0-4e59-bc9e-d5386862ff6d,2025/05/26,Ola,573.71,INR,PENDING,Travel,A50,SUSPICIOUS
8ef1f063-3d4a-406a-b2a8-efc6544d620e,2025/03/27,Zomato,2060.06,USD,success,Utilities,A10,
a4307332-3fbb-4eb4-aab3-842e6198757b,22-05-2025,Google,2017.14,INR,success,Shopping,A27,Duplicate?
954bcde0-feda-4242-9a7b-0754c6f45ea4,2025/07/20,Amazon,$3131.12,INR,PENDING,,A30,Anomaly check
f82392a7-2196-476e-8aed-157b95fab992,2025/01/30,IRCTC,1085.43,USD,PENDING,Other,A32,Refunded
335eb28c-780e-4aea-88dc-ad773b5bb818,05-08-2025,Apple,2652.39,usd,FAILED,Other,A18,Refunded
af9d539a-ac5a-43ab-9a73-acaa82ba8d4e,2025/07/29,Netflix,4741.84,inr,PENDING,Travel,A11,
9830fad2-9b9f-4833-8ff5-e2abe92f283f,2025/08/04,Google,270.46,usd,failed,Entertainment,A9,
b72dfde8-f010-4174-8c62-454c41c174bb,29-12-2025,Spotify,2599.49,inr,Pending,Shopping,A46,
31755b16-4069-4cab-ad50-489a9dde7402,2025/10/07,Flipkart,$4792.11,INR,SUCCESS,Shopping,A45,Duplicate?
,26-04-2025,Spotify,1460.03,INR,failed,Transport,A24,Refunded
b3664f4f-7196-44e5-b5fa-b8c42aff0008,08-12-2025,Swiggy,$4750.92,USD,FAILED,Utilities,A28,Duplicate?
be03a36c-972f-4df0-8acd-2723543bbc07,2025/07/20,Ola,$773.78,USD,Pending,Utilities,A3,SUSPICIOUS
cf802299-4afb-410a-8e8a-4379abfa3d2c,31-08-2025,Amazon,4668.85,INR,failed,,A41,Duplicate?
9db543ba-7304-4d08-9053-a715c1120434,2025/01/10,Google,3266.1,USD,success,Shopping,A41,
9db543ba-7304-4d08-9053-a715c1120434,2025/01/10,Google,3266.1,USD,success,Shopping,A41,
88338cfe-ce6e-4699-80c3-ea0f03de4fd0,09-04-2025,Local Bakery,1179.62,USD,failed,Healthcare,A3,Duplicate?
afef043b-5dcf-4aeb-a9d7-1695a9061d16,29-11-2025,Netflix,$3477.1,usd,SUCCESS,Utilities,A19,
03a3c728-d59a-4dcd-9e09-c2b6913aa41e,2025/02/20,Swiggy,2201.02,inr,Pending,Utilities,A43,Anomaly check
5672c6db-c0d2-465f-999f-deb4c76706de,08-07-2025,Swiggy,797.67,INR,success,Other,A22,Anomaly check
857bb5a4-6431-4f2a-83b1-40438a9870f8,2025/06/15,Ola,$170.64,inr,FAILED,Transport,A46,Refunded
0cd5d4c8-3cee-4a52-9b3a-dbd048fb37ee,19-04-2025,Ola,3418.17,INR,success,Healthcare,A8,Refunded
f8eea7b7-4403-4a33-bcd0-13852d8b1d34,2025/04/08,Apple,4390.25,usd,PENDING,Utilities,A48,Refunded
a7b143a6-fd9a-4205-9e00-25014fc47537,2025/01/06,Amazon,419.79,usd,PENDING,,A48,
7b0b4653-f508-4312-a738-efbcba98d539,2025/03/31,Local Bakery,2458.05,INR,FAILED,Entertainment,A19,
49bd7ce1-b686-4069-a795-86fb867f1e3d,2025/02/18,Local Bakery,2418.28,usd,FAILED,Cash Withdrawal,A10,SUSPICIOUS
5afca36a-c718-433a-a5d3-9b63226a059b,2025/03/14,Spotify,4241.68,usd,failed,Transport,A48,
636b5213-02c9-4a9d-b7f5-f785e028d016,16-02-2025,Swiggy,656.21,usd,PENDING,Utilities,A28,Anomaly check
51464d3a-8fc4-44b1-9e90-fe292d9b543a,10-07-2025,Spotify,875.36,inr,PENDING,Cash Withdrawal,A40,SUSPICIOUS
c2a9d53f-9909-40ce-8f8f-1d1f211ddca3,2025/06/05,Uber India,3361.25,USD,FAILED,Entertainment,A50,Refunded
a647ca0a-68c1-440c-8782-242b6cd5f08a,2025/08/05,Netflix,4185.58,USD,success,Shopping,A44,Duplicate?
68f80520-d4fa-4bf1-a1c3-0281d93ae472,25-07-2025,Google,2279.79,usd,PENDING,,A46,Anomaly check
,2025/04/28,Flipkart,2624.32,USD,SUCCESS,Food,A21,Anomaly check
8aa4dafc-2d23-45b7-96c4-623330e83cee,29-09-2025,Apple,$3654.79,usd,Pending,Healthcare,A49,
64dcb071-dbf2-45af-9688-1574adb38600,06-02-2025,Spotify,4643.38,inr,SUCCESS,,A28,Refunded
5f812815-9ffc-4974-87d6-d90156e7c23f,26-04-2025,Apple,3312.18,usd,Pending,Transport,A35,Duplicate?
0f59380a-6f3e-4e6a-a54b-e81d3b63e2e7,03-10-2025,Swiggy,2149.1,USD,PENDING,Cash Withdrawal,A22,Duplicate?
d89a8984-a720-4b03-b940-f72fac5f2033,2025/02/08,Flipkart,2546.68,USD,success,Other,A3,SUSPICIOUS
d89a8984-a720-4b03-b940-f72fac5f2033,2025/02/08,Flipkart,2546.68,USD,success,Other,A3,SUSPICIOUS
ea596b20-068b-4477-9580-10d09a59bc76,2025/12/01,Zomato,$159.8,INR,failed,Healthcare,A4,
bfa06ce9-bc2e-49d5-9c8a-581dd710bd69,11-12-2025,Amazon,749.59,INR,success,,A48,SUSPICIOUS
ddbb7f02-6477-4938-956b-a10626955577,2025/07/26,Shell Petrol,$4394.82,inr,success,,A50,Duplicate?
392009d1-9ba6-4a34-a196-7f7e93eec24f,2025/06/18,Amazon,1222.18,INR,SUCCESS,Travel,A38,
5f449481-50d0-4379-9777-fab197b9389c,23-01-2025,IRCTC,$2634.94,inr,Pending,Entertainment,A19,SUSPICIOUS
2aa99c47-d8c6-49ac-b8e8-1d84e0ac07c9,16-11-2025,Ola,180.91,usd,Pending,,A25,Anomaly check
19701caa-24d1-4258-b14c-ee1e61ea2245,23-08-2025,Local Bakery,2400.97,inr,PENDING,Transport,A38,Duplicate?
600dfba0-930f-46e1-b5a6-b4281e380071,2025/01/22,Local Bakery,$3063.97,usd,failed,Food,A43,Anomaly check
cd58b518-8db9-42c1-afba-a2dc8aff583d,24-04-2025,Netflix,$3987.37,INR,FAILED,Entertainment,A7,Duplicate?
cb196055-ba60-4e1a-b702-7d8c2a1c9647,16-06-2025,Flipkart,486.29,usd,SUCCESS,Entertainment,A34,Duplicate?
ad607efe-0634-491c-80e1-fd961b59f7c6,2025/04/13,Netflix,2626.24,USD,Pending,Other,A22,
,2025/03/26,Netflix,$1411.05,USD,Pending,Utilities,A28,SUSPICIOUS
3b961319-cdfb-4898-8ced-26baca80725b,2025/04/14,Amazon,1867.85,inr,success,Travel,A10,SUSPICIOUS
67b41baa-454b-463d-9053-60fc27931673,2025/03/27,Swiggy,1144.0,USD,FAILED,Transport,A11,Refunded
ec265738-9118-406c-949d-0e07db9e0f15,15-11-2025,Apple,4568.14,usd,FAILED,,A36,Anomaly check
75678f41-db39-4dbb-ab38-a8f8b0b05066,16-08-2025,Flipkart,111.76,usd,SUCCESS,,A45,Refunded
18a4913d-7b90-4d8d-a152-5dc25ac18e7a,11-12-2025,Uber India,2471.46,INR,FAILED,,A34,Anomaly check
237d2962-8834-47b8-83b8-e41480c53b95,2025/05/03,Swiggy,$4147.41,USD,failed,Other,A15,SUSPICIOUS
6f1f4e93-bc41-480b-9e68-cf29485b98c5,11-06-2025,IRCTC,578.57,INR,SUCCESS,Travel,A24,
69330f7a-40d2-4531-88ca-20c628d0a929,2025/11/09,Zomato,$47.92,INR,FAILED,Shopping,A29,Refunded
82205c38-aa0f-41ff-a95b-03b2e41ebc0e,09-10-2025,Netflix,668.82,inr,success,Utilities,A28,Duplicate?
b65436f3-e068-4a67-aeff-85196808d801,2025/07/26,Zomato,243.4,USD,Pending,,A21,SUSPICIOUS
32480aa2-1688-4ea6-8899-34ce61739f87,2025/03/09,Zomato,1339.71,INR,PENDING,Transport,A36,
6d1a9b39-6f9a-4037-a236-7d1796af14f8,15-10-2025,Netflix,312.81,inr,success,,A3,Anomaly check
86ca27d4-8daa-43a1-b143-5c516167fc7b,2025/07/23,Spotify,3684.18,inr,failed,Utilities,A6,Anomaly check
d2ace5a5-46f6-419d-9acd-8b3fe397c645,2025/08/13,Uber India,$3378.72,inr,SUCCESS,Transport,A10,SUSPICIOUS
0b35c682-7e50-4794-add9-d4bad54bb9ec,2025/07/27,Apple,2459.4,INR,PENDING,,A49,Anomaly check
dea0b951-d997-4329-bfde-11c091afd547,2025/08/17,Uber India,2230.45,inr,FAILED,Cash Withdrawal,A30,Refunded
3052dd52-0580-420f-99c9-cd96bff57e21,2025/08/14,Uber India,4057.93,usd,success,Shopping,A45,SUSPICIOUS
a507d24c-46f3-4adf-8c5d-196919d32453,26-02-2025,Spotify,1142.05,inr,Pending,Transport,A28,Anomaly check
f6e3f180-108a-44fa-a205-1f2e356c38f4,08-03-2025,IRCTC,2070.25,usd,FAILED,Entertainment,A26,SUSPICIOUS
a02c3b04-0296-4a10-8322-4e85c26291d3,2025/08/22,Shell Petrol,4751.57,usd,success,Utilities,A35,Duplicate?
3d90da6e-bae4-4d57-9cd1-1db17942de2d,28-09-2025,Spotify,675.24,USD,PENDING,,A12,SUSPICIOUS
745c6397-c122-4566-af7b-4d4d6322c398,2025/07/13,IRCTC,$394.36,USD,success,Food,A23,SUSPICIOUS
1178dcbe-858f-4d6d-a2b7-c19a6cc493d2,2025/01/11,Google,1482.88,inr,Pending,Other,A24,Refunded
7c3a2c6c-4e00-4533-bcdd-99da3111958d,19-08-2025,Zomato,915.05,USD,success,,A5,SUSPICIOUS
066e882f-97fb-4416-a659-f666d07b14af,2025/07/19,Zomato,4042.43,USD,SUCCESS,Cash Withdrawal,A34,
4233c887-9f02-49e0-87e2-b1c59da80b04,2025/09/18,Zomato,780.63,INR,Pending,,A39,
f14e60f2-e1ea-44f7-8194-cc29936f2464,27-12-2025,Amazon,1456.35,inr,PENDING,Healthcare,A41,Duplicate?
9a4fd2cd-8454-4138-8edc-832ed8220126,28-11-2025,IRCTC,810.63,inr,SUCCESS,Shopping,A38,Refunded
1ac28678-effd-4324-8611-7f265b161cba,29-08-2025,Uber India,2705.8,USD,Pending,,A1,
7758e053-c95d-4908-93e2-efa3ac2dcf4c,05-09-2025,Ola,140.14,USD,Pending,Healthcare,A42,Anomaly check
3e81c319-cbc8-44c5-aff2-1d7fa352c63a,02-05-2025,Shell Petrol,1389.0,INR,PENDING,Transport,A29,Anomaly check
,07-05-2025,Google,4340.72,usd,PENDING,Healthcare,A20,
f644a9a6-a476-40c6-880a-d4fc586022ea,2025/01/06,Flipkart,4593.45,INR,PENDING,Healthcare,A28,Refunded
9f162aea-8cb0-4070-8450-d62dfe35efa0,2025/11/16,Flipkart,1301.63,inr,SUCCESS,,A35,Duplicate?
1b189965-c9d4-4bd4-b62d-fc7435169bf3,20-06-2025,Zomato,$107.71,INR,PENDING,Transport,A5,Anomaly check
c2058b7a-edec-470b-9c17-730205d90070,12-01-2025,Netflix,734.42,USD,SUCCESS,,A24,Refunded
b470cfbf-6a14-4512-b0d6-52855038a123,2025/08/17,Flipkart,2104.63,usd,Pending,Shopping,A3,Anomaly check
e91cf98f-edb9-45aa-94a3-18f7ceee2e35,2025/02/20,Ola,3383.39,inr,FAILED,Cash Withdrawal,A29,
ec709a66-2314-44c8-8336-dfaa330ac3db,19-12-2025,Uber India,1303.98,usd,FAILED,Cash Withdrawal,A5,Duplicate?
da3e726b-ded6-4b66-a025-9c78d43430c5,2025/11/26,Zomato,3883.78,USD,Pending,Travel,A44,Anomaly check
be5b01ff-9cbe-4a0c-8dcb-a438149443d6,2025/05/10,Zomato,3331.41,USD,PENDING,Shopping,A9,Anomaly check
,2025/08/06,Shell Petrol,2198.41,inr,failed,Other,A18,Refunded
5db0c834-4b08-4a21-9192-e15b781ae176,2025/05/15,Flipkart,4582.81,USD,SUCCESS,Cash Withdrawal,A39,Duplicate?
105e2b03-091e-4674-8f60-6e8eac0bda20,21-08-2025,Google,217.79,usd,Pending,Shopping,A45,Refunded
d7dad768-10c5-4120-914f-33ff9edb27bf,2025/02/12,Google,1073.98,USD,Pending,Other,A45,Duplicate?
bb88cc67-85ff-4482-a15f-fd2e4415dc50,2025/03/12,Amazon,3918.47,usd,success,Other,A10,
93473376-6ea6-4f7a-a812-017980a8ceb6,01-07-2025,Flipkart,4390.36,usd,SUCCESS,,A5,SUSPICIOUS
4030cf7d-74e4-408a-9e70-0991f54a5eb2,17-09-2025,Google,1219.15,inr,failed,Travel,A9,Refunded
8050c123-6ca1-4048-9140-d42e96a03eb8,2025/07/25,Flipkart,$3423.14,USD,success,Other,A41,Refunded
6530002d-4b17-45c2-8034-475c479aed6e,2025/02/28,IRCTC,$3750.66,INR,SUCCESS,Utilities,A26,Refunded
ec4f532f-11e4-4f8e-80e0-4f19161b4ecf,2025/05/08,Local Bakery,2996.85,INR,PENDING,Healthcare,A42,
97b990cd-fd22-4e48-8634-0aaddd5d16fb,2025/02/05,Zomato,3965.01,usd,success,Entertainment,A2,SUSPICIOUS
3f7f15b0-4925-4ee4-b11b-348253e455ac,2025/02/11,IRCTC,786.31,INR,failed,Healthcare,A14,Duplicate?
381797ef-5d0d-4443-9909-49c15d96f164,2025/05/26,Shell Petrol,$349.02,usd,failed,Healthcare,A46,Refunded
6eb19623-813f-4def-a7eb-0606de9d5f4e,2025/02/07,Uber India,3373.18,usd,FAILED,Utilities,A44,Refunded
54f65f1b-0b5f-427e-9655-8c1bd835cab0,10-11-2025,IRCTC,1861.27,INR,success,Travel,A40,SUSPICIOUS
f84e6d73-de06-418d-9936-4c1675c6ecd4,2025/06/23,Apple,4125.27,USD,failed,Other,A46,Refunded
828c95dc-c8d3-4561-b075-0605e4155f8d,07-09-2025,Flipkart,580.62,inr,Pending,,A49,Duplicate?
89093455-846f-4db7-bd32-840478f58525,2025/04/12,Shell Petrol,3180.61,USD,PENDING,Travel,A10,Duplicate?
d6a7bd5a-3484-4a81-b692-5b698e09c5be,12-06-2025,Shell Petrol,294.44,USD,PENDING,,A35,Refunded
c9feaa9c-d361-4935-af37-6b12db069b05,17-07-2025,Zomato,3423.13,USD,Pending,Entertainment,A6,Anomaly check
600b2649-d2a9-4482-9f65-ca29ebb74b64,25-01-2025,Shell Petrol,670.83,inr,failed,Food,A20,Anomaly check
c446f3b8-fe6e-4ea4-bb73-9a4236cae618,03-12-2025,Uber India,852.73,inr,PENDING,,A36,
16e4003f-2646-4e8f-826f-03cd60a33f23,2025/08/28,Spotify,$1347.38,usd,FAILED,Healthcare,A40,SUSPICIOUS
9ab74ab1-0946-4f35-91f9-0dcab29c9f63,11-08-2025,Netflix,1978.05,inr,FAILED,,A50,
92b553b5-5871-435f-84c8-686e7e07f9c5,2025/12/17,Google,2738.37,usd,FAILED,Entertainment,A27,Refunded
6310ddf9-0544-4e48-bcc8-e82975408870,19-12-2025,Apple,797.72,USD,failed,Entertainment,A26,Duplicate?
28ddb17f-ed3b-4d5b-8e54-10638002b429,10-01-2025,Local Bakery,$1114.28,INR,PENDING,Food,A35,SUSPICIOUS
,09-04-2025,Local Bakery,4019.24,USD,SUCCESS,Shopping,A34,Anomaly check
87eb377d-06cf-4c94-aec2-9a31c1e172d9,2025/01/24,Uber India,4183.12,inr,failed,Travel,A30,
9bf94ca6-be62-495b-9d55-df97f7b4f929,23-05-2025,Spotify,1869.41,USD,PENDING,Entertainment,A43,SUSPICIOUS
,26-09-2025,IRCTC,$223.83,usd,failed,Cash Withdrawal,A41,Refunded
42a9cc60-d5a7-4d81-bbd9-7632c03f0641,2025/01/20,Zomato,3308.44,inr,SUCCESS,Other,A12,SUSPICIOUS
f15b2f21-7ef7-4086-93c9-cc47ee7569f9,31-03-2025,Spotify,1974.57,USD,failed,Travel,A37,Refunded
4b32dbf9-54ae-4856-a42a-55333e3ad801,16-03-2025,Zomato,60.76,inr,Pending,Travel,A7,
084174a5-4344-4beb-8038-0f4c6d01eeb1,2025/10/17,Apple,1225.41,usd,failed,Healthcare,A40,Anomaly check
c4e5118e-2454-4684-a09d-96ba51a03b12,2025/09/06,Google,2193.26,inr,FAILED,,A37,Refunded
b35e2b8d-90ff-4ec7-9435-02ead7a69d96,23-03-2025,Spotify,$4753.75,usd,Pending,,A26,SUSPICIOUS
d765f6f6-99b0-4969-9497-f0a3eaf68fe3,2025/05/05,Uber India,$664.12,inr,failed,,A47,SUSPICIOUS
d12970d3-1545-4180-aa5c-596499708cf8,2025/06/26,IRCTC,4047.54,inr,Pending,Shopping,A25,Duplicate?
4eabc9a3-8048-4a6f-a3fd-47a9566ce73b,2025/12/28,Flipkart,2330.85,USD,PENDING,Food,A37,Duplicate?
1e27ab79-d6b9-45e9-ac9d-b8cc754ab7ee,2025/06/25,Shell Petrol,355.68,inr,success,Utilities,A28,Refunded
7bfc0b79-c2ed-4c24-8ff9-e544f56f4fc3,2026/01/01,Spotify,$2288.76,usd,success,,A28,Anomaly check
602388fa-ea9a-4710-b5ec-b52c085f3242,26-02-2025,Uber India,666.71,usd,SUCCESS,,A8,Duplicate?
f3661b4e-fede-4ff6-864e-04568c88804c,26-05-2025,Zomato,2839.41,INR,FAILED,Food,A35,
f5e06947-ca84-4f46-9708-78c8d55ff1f2,2025/04/30,Google,2670.85,INR,FAILED,Entertainment,A30,SUSPICIOUS
85e89be7-4049-49cb-95b0-8c483a264196,2025/01/02,Ola,$4910.88,inr,SUCCESS,Food,A26,Anomaly check
89f6f972-70d4-4ff3-842a-40695663f898,2025/12/31,Flipkart,3724.55,USD,success,,A46,
94c4eb49-c28e-4c6b-8168-e384f509b3e1,2025/09/21,IRCTC,43800.25,USD,SUCCESS,Entertainment,A16,Anomaly check
0f54f99d-a244-4aac-a94d-d9bf5e0cae8d,2025/02/19,Amazon,2425.69,INR,success,Shopping,A3,SUSPICIOUS
c8741f0f-0b0a-4a9a-92da-844f7f6d10f9,2025/04/15,IRCTC,4774.48,inr,success,,A13,SUSPICIOUS
afc8ffd7-af90-46b9-b1c2-88561e95761b,2025/01/04,Spotify,1425.01,USD,PENDING,Transport,A49,SUSPICIOUS
3b0ed34e-acf8-4c25-a61b-79a98d71844c,2025/04/09,IRCTC,4294.53,INR,FAILED,Cash Withdrawal,A3,
1f0c0f0f-646a-4a73-9771-483d23a3ea84,2025/04/18,Ola,4343.57,USD,success,,A2,Refunded
81494820-0962-4e57-8efc-d85619ce5980,2025/09/07,Shell Petrol,$1084.74,USD,Pending,Food,A4,Anomaly check
e1f88fd9-df2f-4838-874c-12d347d155ab,2025/02/23,IRCTC,$3903.24,INR,failed,Shopping,A16,Refunded
979979b7-3b61-48c3-908e-8b0c87109a31,2025/11/04,Amazon,$2003.21,INR,Pending,Food,A2,Refunded
a28db179-8699-43f3-b2de-1fa1df055e73,2025/02/10,Uber India,2966.68,usd,FAILED,Food,A34,
6b9cb9b9-de3c-4495-8d57-284fd52fd590,05-12-2025,Uber India,$2864.87,inr,Pending,Cash Withdrawal,A18,
f8914613-4b6b-4dd6-b084-91097e9de144,05-12-2025,Google,$2262.65,usd,FAILED,,A48,
,04-03-2025,Amazon,$3537.79,inr,failed,Cash Withdrawal,A14,
425e9237-8b60-4f18-9281-772c75874693,15-03-2025,Local Bakery,1409.1,usd,success,Other,A29,Refunded
665a26b5-076b-4abc-8fc6-4b468b618dd6,27-03-2025,Swiggy,587.75,USD,FAILED,Entertainment,A13,Refunded
10d16a9b-0169-4dd6-b567-df4fba99c920,20-10-2025,Spotify,4418.71,usd,Pending,Entertainment,A42,Anomaly check
fc120fd2-6a35-4918-b5fb-562fa4c20a05,2025/05/05,Amazon,$3240.76,USD,PENDING,Cash Withdrawal,A6,
b239c484-c5b7-4dde-b92d-bce585785271,2025/08/28,Amazon,1274.22,inr,Pending,Other,A7,SUSPICIOUS
b239c484-c5b7-4dde-b92d-bce585785271,2025/08/28,Amazon,1274.22,inr,Pending,Other,A7,SUSPICIOUS
af3f000a-5526-4842-b279-498c7dfcc624,07-04-2025,Google,1115.45,inr,failed,Food,A15,Anomaly check
28cbf124-1b34-47c0-849d-1524e562d0ee,13-11-2025,Ola,169.48,inr,success,Travel,A23,SUSPICIOUS
c910c85e-bc05-436b-8319-d0d5fab98b77,25-09-2025,Amazon,4648.69,USD,PENDING,Healthcare,A27,Anomaly check
03b4e1a8-c82d-4043-a0d8-b44481cbeefa,05-09-2025,Netflix,3974.52,inr,success,Other,A13,Duplicate?
d6114194-a4a4-45c8-98c2-92ba348858ee,2025/06/04,Flipkart,4830.03,INR,success,Cash Withdrawal,A18,
7c86c07b-8531-4f4e-aef3-6897e2405774,2025/08/19,Zomato,$2014.95,USD,failed,Transport,A46,Refunded
9bb13ed5-fc98-43a8-8dad-f25f3d57c73c,2025/11/16,Zomato,$212.28,usd,success,Entertainment,A37,Duplicate?
5be7f59d-223d-4fa6-8d1b-19a502a74dcd,08-02-2025,IRCTC,$3067.08,usd,PENDING,Other,A23,Anomaly check
83a08c35-4c4f-41f7-b778-f47e083dad42,2025/06/01,Netflix,745.08,INR,FAILED,Utilities,A50,SUSPICIOUS
f6b205da-b54f-4e0c-b343-86ca6cd96817,30-07-2025,Google,706.07,inr,success,Healthcare,A16,Duplicate?
,07-11-2025,Amazon,150.19,inr,PENDING,Shopping,A5,Anomaly check
,16-09-2025,IRCTC,$1084.28,inr,FAILED,Shopping,A14,
c4cd934c-c2df-4b14-bb4f-9f3265a94568,27-02-2025,Google,506.98,INR,FAILED,Travel,A38,Refunded
49534519-6937-4e47-b00a-3ae620569a80,25-01-2025,Apple,2267.45,USD,PENDING,,A5,SUSPICIOUS
7442327d-0aff-4df8-9906-19db32f581c9,2025/12/28,Flipkart,1617.13,usd,FAILED,Shopping,A38,Duplicate?
7bb49176-61b9-4322-b1d7-fb54681a19d1,2025/10/08,Ola,1181.61,INR,failed,Shopping,A39,Duplicate?
cc938827-bb77-4f19-bbde-f4fef656c14e,23-11-2025,IRCTC,2350.24,INR,FAILED,Healthcare,A25,SUSPICIOUS
576daec6-f0af-4009-b6b9-17e1788337cc,13-03-2025,Google,4852.5,inr,PENDING,Food,A11,SUSPICIOUS
561dcab7-ac83-4579-bc37-045a21b3b149,04-06-2025,Netflix,109.49,INR,FAILED,Food,A18,Duplicate?
08afacc4-0089-4b8c-890e-9a59e33bbdac,18-05-2025,Google,1437.7,inr,SUCCESS,Transport,A4,Refunded
,2025/11/13,Zomato,2347.61,inr,FAILED,Shopping,A23,SUSPICIOUS
2d09edc5-afe7-4dae-87ad-a447ca5ea479,2025/06/22,Google,1521.72,INR,success,Utilities,A23,Duplicate?
355dcaa7-93e3-46ef-856b-f7bd1406fbbb,2025/04/12,Spotify,4384.41,inr,FAILED,Transport,A49,SUSPICIOUS
7eca7c0d-ebde-40ec-92c4-2f93b344519f,02-01-2025,Google,2884.32,usd,failed,Cash Withdrawal,A48,Anomaly check
7aa78e3a-ba24-4427-a979-c1a9789c2c11,21-05-2025,Ola,3802.41,inr,Pending,Travel,A33,SUSPICIOUS
912ca0cd-87fa-46e4-bcd5-2d7e5a515c3e,08-09-2025,Ola,4935.53,INR,SUCCESS,Food,A30,Duplicate?
4cfa76c3-fd76-42a7-8588-dda49ff15e10,15-05-2025,Netflix,3866.09,inr,PENDING,Cash Withdrawal,A6,SUSPICIOUS
82c36cba-2c01-4c33-8d6a-58b15a671f0f,12-04-2025,Apple,4930.21,USD,PENDING,Shopping,A22,Anomaly check
5ae5162b-8a58-43de-95fd-019030251fce,2025/08/22,Zomato,$1936.29,usd,failed,Other,A19,Refunded
4e79e1a1-b1c2-4bd9-a151-81a7022f4f98,18-11-2025,Google,1549.69,USD,PENDING,Food,A9,
69805e39-ea62-492a-9424-c97b968cf154,18-10-2025,Google,2308.0,USD,success,Travel,A26,Refunded
6ddaaf3f-0b34-4c9a-89ce-71659520f78c,30-11-2025,Amazon,744.55,INR,failed,Transport,A37,Refunded
04749af4-9b40-4849-8c0b-bd85c8ec3c97,2025/04/27,Uber India,4273.03,usd,Pending,Utilities,A7,Duplicate?
76f67e7e-6ee3-4e4c-8c86-71f0bc051fd2,12-01-2025,IRCTC,4394.25,inr,SUCCESS,Other,A43,Refunded
2ea873a2-bcb9-4bac-ad13-9b1b634e787d,11-11-2025,Ola,$3444.73,USD,success,Travel,A23,Duplicate?
71c1e49c-537f-46fc-a09f-9432242808f2,13-11-2025,Apple,133.91,usd,success,Healthcare,A39,
542a6158-bea0-4e64-b4eb-dbaf96b14d00,2025/12/05,Uber India,2541.27,USD,success,Food,A48,Anomaly check
8900f4cb-8988-43da-866d-8bd69cc07743,25-03-2025,Shell Petrol,3523.6,USD,success,Transport,A2,Refunded
7713281f-67a2-4af0-a1f5-1f10cc535402,11-01-2025,Uber India,$2523.29,USD,PENDING,Healthcare,A49,Refunded
2afd3bc2-db44-48bc-a834-3924b62dd02e,01-07-2025,Ola,$4033.99,inr,success,Food,A26,SUSPICIOUS
ceabdb22-3ff7-4ee0-8e4d-6a189aa8584a,03-05-2025,Shell Petrol,$3777.88,INR,Pending,Shopping,A41,
6ed19de1-8750-4140-a408-e4797b25128e,2025/09/24,Spotify,3288.01,USD,PENDING,,A41,
7a096358-c13c-42b9-9159-1e1f15e019bc,05-02-2025,IRCTC,353.38,USD,success,Utilities,A39,Anomaly check
4f887af5-fe38-4f35-976d-659de9972fa9,24-05-2025,Spotify,1419.24,INR,FAILED,Entertainment,A7,
b3009fd3-3079-4198-a73b-a758077aabe1,2025/11/20,Shell Petrol,$3993.99,inr,PENDING,Travel,A49,Refunded
ff4dde53-a00a-40eb-97b2-659c08a062bc,2025/02/16,Apple,3010.5,USD,FAILED,,A22,Refunded
92a4bd8f-6b4d-41bf-a5bd-bbae63db6da3,02-02-2025,Zomato,3419.14,inr,SUCCESS,Utilities,A15,Refunded
0d73c84f-329b-4f46-88f5-d61f0f8aba5f,12-05-2025,IRCTC,801.25,INR,failed,Travel,A9,
61ebf3d9-686b-4411-9d41-16f048ae3b0d,2025/11/21,IRCTC,1064.77,USD,SUCCESS,,A32,
439c6258-8e0d-4c0a-8319-fe8865037c7c,11-03-2025,Shell Petrol,2465.54,INR,FAILED,,A37,
715c21b9-282c-447f-875f-6c33a7546a8b,2025/01/23,Zomato,1261.82,USD,SUCCESS,Other,A19,
0e44c205-b401-425a-8a02-71fa20d45c30,20-02-2025,Netflix,2905.78,inr,FAILED,Other,A31,Anomaly check
2344b9f2-003e-46eb-b8d9-3cfe59cc8443,25-07-2025,Uber India,3700.59,inr,failed,Entertainment,A47,Refunded
76dfd62d-c081-496e-8272-a6874eaff111,22-03-2025,Ola,222.66,INR,success,,A23,SUSPICIOUS
74693aa3-85fd-44fc-8e88-b5d9aedd3a7e,2025/07/18,IRCTC,912.52,INR,PENDING,,A43,
0bb8261b-959e-4574-9b1c-fda1b46d8ee5,07-05-2025,IRCTC,1420.67,INR,success,Cash Withdrawal,A38,Duplicate?
446691ea-e0f6-4c7b-9caa-f9cfe52edfc0,2025/10/08,Swiggy,$3938.79,inr,success,Food,A39,Duplicate?
d902dceb-78cc-498d-8c95-ff6f2eef4b5e,15-01-2025,Local Bakery,$4215.05,usd,failed,Other,A18,Refunded
d24d7910-3f2c-4b94-8aac-1b2f9306e130,03-01-2025,Swiggy,3606.3,USD,FAILED,Entertainment,A2,Duplicate?
b0a49d6c-b840-49d8-b506-570039c55024,02-05-2025,Local Bakery,651.72,INR,success,Entertainment,A18,Refunded
93f26149-14e0-4659-848a-881e0a033f99,2025/05/30,Uber India,3045.81,usd,failed,Healthcare,A42,Anomaly check
7062c258-3607-46d6-adda-25a83a7440f1,20-01-2025,Local Bakery,599.42,INR,PENDING,Other,A18,
15efe7ce-c325-4e34-a1c2-95787b13e304,17-08-2025,Swiggy,2319.76,INR,Pending,Food,A23,Anomaly check
a4537857-c1ae-4e9b-af1a-ac21a846b84b,2025/12/24,Swiggy,$1430.4,usd,PENDING,Other,A7,Duplicate?
661c8dba-9189-41ef-813f-8a553c583e89,01-11-2025,Spotify,$4423.5,inr,Pending,Utilities,A41,Anomaly check
e46e9931-0831-4cfe-9f92-32d7611e63cd,14-10-2025,Swiggy,3759.29,INR,SUCCESS,Other,A31,
c135d23c-ef58-4729-aada-0deb6e8ff03d,12-11-2025,Local Bakery,2510.39,INR,success,,A36,SUSPICIOUS
,2025/07/29,Netflix,3749.51,INR,PENDING,Entertainment,A27,Anomaly check
fbdcb8a9-cdbf-4298-aca9-c82742fd4daf,2025/02/06,Apple,2478.11,INR,SUCCESS,Shopping,A27,Anomaly check
fa3d7a9b-9f17-4592-bdf9-0ee74771f673,29-12-2025,Netflix,3163.64,USD,success,Other,A41,Duplicate?
6a928f9c-6c5d-41d3-82f8-9f3636f73aa6,2025/12/11,Google,3803.53,inr,success,Entertainment,A32,Anomaly check
7c9b18dc-b6a4-4817-a3a2-b66bc33c42a1,2025/07/26,Netflix,4576.72,INR,SUCCESS,Cash Withdrawal,A7,SUSPICIOUS
13e8de83-61d5-4ce5-82fc-7703a418bf3b,30-01-2025,Spotify,4765.58,usd,success,Travel,A21,Duplicate?
95dd182e-d61f-48a8-be43-2a540c5812ee,2025/07/28,Flipkart,$3233.0,usd,PENDING,Shopping,A28,Anomaly check
af2af89c-b58d-4f0d-acdc-c1b84462eb76,08-01-2025,Netflix,2882.69,inr,FAILED,,A42,Anomaly check
2cf7f834-4055-495a-9e95-c16bfd6ec4c5,2025/12/12,Uber India,2863.22,INR,PENDING,,A23,SUSPICIOUS
05dd7d8b-b1d5-40da-bb2f-17bd0708e94b,2025/05/26,Flipkart,1509.65,USD,success,Shopping,A18,
16be2393-3c94-43de-84ba-5f8998194dcd,02-04-2025,Apple,1223.76,USD,Pending,Cash Withdrawal,A24,Duplicate?
629134a2-5bae-4109-96f0-1bee4acd68c1,2025/02/17,Spotify,2616.98,usd,failed,,A41,Refunded
35ade8d0-aed2-4d56-af71-48bc0e14be90,06-01-2025,Apple,3720.67,USD,SUCCESS,Food,A29,Anomaly check
566f093d-e4fd-435b-901e-07f4b93e9188,2025/01/04,Swiggy,4842.65,inr,SUCCESS,Cash Withdrawal,A28,
cba68a0a-45db-437f-afe6-feaa2b0d47ab,2025/01/21,Google,4894.78,INR,Pending,,A31,
52c932bb-90fd-4c25-be91-640eb7dd0a7a,29-05-2025,Flipkart,3178.06,INR,SUCCESS,Travel,A47,
3b6751c3-1c65-418c-995f-327c9a1c45f3,2025/02/15,Swiggy,4580.65,INR,success,Healthcare,A49,Anomaly check
95645e66-0da5-4005-b796-8e3a8fe34f3c,19-09-2025,Netflix,828.99,USD,PENDING,,A5,Anomaly check
51df91cb-a24d-4d8b-9c8b-6ce9774cadac,18-03-2025,Zomato,$926.87,USD,failed,Transport,A29,
0895bdd8-11ab-4e22-8228-d57a01925af4,2025/10/28,IRCTC,$3860.07,USD,PENDING,Food,A17,
ddef16c7-76ff-4d3a-bc22-229f112dbb0d,24-01-2025,Ola,2847.94,usd,FAILED,Entertainment,A48,Duplicate?
027cf17d-0461-466a-9446-7e2bbc57a18d,2025/06/10,Netflix,2403.97,usd,failed,,A36,Duplicate?
f3b528e5-314d-49d3-91c9-b312649c5edf,2025/11/04,Amazon,2547.81,INR,Pending,Cash Withdrawal,A31,Refunded
c716a379-704a-474d-947d-4fcd189e870c,06-10-2025,Swiggy,2593.53,USD,FAILED,Entertainment,A50,Refunded
8f006d10-b3ee-475f-adf0-8586ce14d5f2,18-08-2025,Apple,399.28,INR,failed,Travel,A44,Refunded
45fcdddb-4729-4fa8-a62f-78a07044eeae,19-07-2025,Netflix,1114.22,usd,failed,Cash Withdrawal,A45,Anomaly check
df86e275-078f-4f0f-9031-2418ebd0037f,13-07-2025,Uber India,$2169.08,INR,FAILED,,A11,SUSPICIOUS
35e8eec8-3313-4f2b-bfb2-0bafe2316e3f,2025/03/09,Amazon,1213.35,inr,SUCCESS,Transport,A21,SUSPICIOUS
b5f810ab-a66d-4373-87cf-306d3bd2bca7,01-11-2025,Uber India,839.77,inr,PENDING,Food,A50,Anomaly check
8b73e6f3-b93f-45df-9e7c-4224ffb6e0d2,2025/11/30,Flipkart,4530.29,usd,PENDING,Shopping,A29,Anomaly check
33c0cdda-3184-46a4-91a5-6b42a13e6ed9,07-12-2025,Local Bakery,1660.61,inr,Pending,Utilities,A35,
80245525-d5d2-47b8-a290-3c971698cd88,2025/08/19,Uber India,798.73,USD,FAILED,Healthcare,A32,Duplicate?
780ba18c-711f-4277-8de7-c375f458e0ed,14-04-2025,Shell Petrol,2389.17,USD,success,Travel,A14,SUSPICIOUS
,2025/04/13,Flipkart,559.84,usd,SUCCESS,Transport,A16,Duplicate?
b1a91534-f9b8-4a0e-9d0c-284cc3142404,2025/05/18,Flipkart,4391.53,usd,FAILED,,A17,Anomaly check
046ea488-fe84-4233-8c4a-1d0e6d4ec6d4,05-08-2025,Spotify,1389.16,inr,PENDING,,A43,
b3545ff2-37fc-4caa-a0b3-7db2df90daa9,09-01-2025,Ola,3759.13,INR,SUCCESS,Entertainment,A42,Duplicate?
a9febce7-8ad4-418e-9f2e-1edafa5c24b8,2025/06/15,Spotify,$1194.55,usd,Pending,Shopping,A40,SUSPICIOUS
ef071e88-36ee-43ce-90ee-9bc8e686dd03,2025/01/21,Shell Petrol,4954.12,USD,failed,Other,A15,Refunded
affc2468-7d40-4216-8aca-dd51eeddcce9,09-12-2025,Spotify,1820.24,inr,success,Shopping,A38,
c195f729-a4f8-4ee2-abc9-44262d1089f3,2025/07/25,Ola,30977.74,usd,success,Transport,A2,
84becc34-d0af-458d-abf0-09dfa92ccd58,18-04-2025,Uber India,$64.22,USD,Pending,,A9,Refunded
883a64f0-fff8-4d8d-a7ce-d01d439c7b92,2025/12/12,Zomato,2454.44,usd,PENDING,Food,A22,Anomaly check
b990e081-a3d7-4fbb-a33a-03d0aef6212a,2025/09/12,Local Bakery,4666.77,USD,PENDING,Shopping,A15,
4a8b7990-aa8a-4064-8a5c-47e18e56c0a9,27-10-2025,Netflix,2994.57,usd,failed,Food,A46,Anomaly check
0598c029-bae9-4310-9f79-92c2332fcbd2,2025/06/09,Apple,624.18,USD,failed,Healthcare,A41,
f95f1a8f-6cb8-47fb-ba93-8829240f8c37,2025/12/26,Ola,3071.39,inr,success,Utilities,A13,Duplicate?
92e45f42-f8d6-462c-950d-892e08e8c86f,10-04-2025,Flipkart,189.48,inr,FAILED,Cash Withdrawal,A47,SUSPICIOUS
1ae418ef-4cd7-4374-ab15-aeb93b55242b,01-09-2025,Local Bakery,$4749.59,USD,SUCCESS,Entertainment,A19,Anomaly check
aa63dc5f-04f8-4b12-9d2b-426a3ad7b8f9,08-10-2025,Swiggy,1036.85,inr,failed,Travel,A5,Anomaly check
e2c1b9d9-0e92-4972-91f6-f8ad84844c3d,20-09-2025,IRCTC,4771.2,usd,success,Utilities,A5,Duplicate?
95df8e4d-72e8-43d0-aad7-b24ee5094206,2025/05/14,Swiggy,408.4,inr,PENDING,Food,A43,Duplicate?
12c0431c-55ce-4c76-b503-135d794dfcd6,2025/11/08,Spotify,4347.72,inr,SUCCESS,,A27,Refunded
3d3fe22e-baef-4453-b9a7-04c7a0b043c5,2025/05/03,Apple,1958.88,USD,failed,Travel,A48,Anomaly check
a9537982-742c-451c-86b2-5d7a39e21e07,2025/05/22,Uber India,4732.25,inr,PENDING,Travel,A8,Duplicate?
ea1bb32a-1b8d-4990-ab9c-13c2941ea1be,18-12-2025,Netflix,1664.21,INR,SUCCESS,Healthcare,A22,Refunded
,2025/01/27,Local Bakery,37678.09,USD,FAILED,,A8,Anomaly check
20a15e6a-d2ae-4ff1-9714-b8e01ce2967d,26-02-2025,IRCTC,$649.66,inr,Pending,,A32,Refunded
a762bf63-fae9-4f3c-b2c9-dd47fbe1d7cc,2025/11/08,Apple,1090.54,INR,failed,Transport,A22,SUSPICIOUS
c4356395-2d17-4195-aeeb-7323b29a993c,2025/03/19,Google,1060.82,usd,SUCCESS,Travel,A6,
d57414db-33a7-4f30-a914-c06c89d9192e,24-12-2025,Uber India,$940.65,INR,success,,A5,Refunded
8910ed60-2ce7-4d0a-ae24-113bc79056bf,2025/06/11,Swiggy,$1446.74,USD,PENDING,Shopping,A17,Duplicate?
8d212fb7-2078-46f6-9c11-d64149522993,2025/06/08,Spotify,$2563.99,usd,SUCCESS,,A8,SUSPICIOUS
8ff5c72e-0bdd-4489-b944-49d09cc670c3,2025/12/22,Flipkart,$2155.02,USD,PENDING,Other,A38,SUSPICIOUS
3049f4f3-1c97-408e-97f7-55861bfd19bb,19-07-2025,IRCTC,$1966.05,inr,Pending,Shopping,A49,Anomaly check
7cf72b0a-59a9-4216-8698-f02e58e75c9e,2025/03/30,Netflix,3779.57,inr,failed,Cash Withdrawal,A15,Duplicate?
308fa80b-cdaa-4ca5-ae66-fee31f3c02df,2025/05/31,Local Bakery,$4179.59,inr,success,,A30,SUSPICIOUS
,23-04-2025,Swiggy,4566.62,inr,Pending,,A43,Duplicate?
37755b50-27fc-49a7-a658-824c2e341c2a,22-10-2025,Uber India,2605.24,USD,success,Food,A37,
6a9aba55-1060-4aed-99f5-b991da4d84fc,31-10-2025,Apple,3648.75,usd,Pending,Healthcare,A26,SUSPICIOUS
9af08449-a52a-4096-8444-a7fbd9e450a0,13-06-2025,Shell Petrol,3271.74,usd,PENDING,Transport,A30,
5727a208-904c-4f76-9932-83601be5cc9f,14-09-2025,Zomato,1606.58,USD,PENDING,Transport,A26,Duplicate?
6ca88c73-726f-412c-aa7a-b6939fec4cab,2025/10/31,Local Bakery,4442.9,inr,failed,,A34,SUSPICIOUS
479c567f-4bc8-46f5-a5c7-be0b40c04053,03-09-2025,Local Bakery,3915.57,usd,Pending,Other,A34,
29484fa3-6aa6-4fca-bb3e-7e254acbd80e,2025/12/25,Zomato,4095.25,usd,FAILED,,A1,
,18-09-2025,Local Bakery,3555.78,usd,SUCCESS,,A25,Refunded
8d65ef68-3853-45d5-90b7-4bb7d95288a6,19-03-2025,Apple,$1990.4,usd,Pending,Shopping,A44,Refunded
8054a55e-521d-4ee8-bc75-4d297626b05c,2025/09/03,Netflix,814.65,usd,Pending,Entertainment,A14,Anomaly check
69c9346f-6ed3-4815-ba46-74a0e747b09c,2025/07/12,Zomato,1432.13,USD,failed,Entertainment,A31,Anomaly check
04b9a6cc-2e23-4ecd-8d7c-f00454be7914,2025/12/24,Flipkart,394.89,USD,success,Transport,A32,
69091e07-d80b-485c-bc0b-628c453b4284,16-04-2025,Netflix,552.75,INR,PENDING,Cash Withdrawal,A46,Refunded
b5631c84-bbd8-493b-b297-665759ebbb29,31-03-2025,Shell Petrol,4745.19,USD,PENDING,Healthcare,A18,Anomaly check
c1e3f129-1b67-4557-93d3-3eeb908d9749,23-02-2025,Shell Petrol,2120.88,INR,SUCCESS,Utilities,A33,
939b2350-bf62-4993-b31b-b8bb67313cb7,2025/07/22,Swiggy,3228.84,usd,FAILED,Healthcare,A19,SUSPICIOUS
66f89722-81ed-4676-a45e-23961944b54a,2025/02/12,Amazon,$1653.98,INR,Pending,Cash Withdrawal,A36,
72dbe241-70ea-4665-a437-01dfd14a1fbc,2025/09/16,Uber India,4204.25,USD,PENDING,Utilities,A26,Anomaly check
46fce384-dce0-4945-b0cc-3deffe373bf9,14-11-2025,Shell Petrol,572.8,USD,failed,,A21,
782ae5d8-7a43-420f-ad6d-2fd32e1bfe1f,2025/02/26,Netflix,4781.23,INR,success,,A26,Duplicate?
ca5d2a98-3989-4c07-8c01-c4a189af669f,24-12-2025,Google,$4578.71,inr,FAILED,Healthcare,A42,SUSPICIOUS
ecef7a6d-cb69-48d3-af8e-5dd6648c0d01,10-04-2025,Spotify,3474.34,usd,success,Healthcare,A25,SUSPICIOUS
1aedcbe1-5976-4893-8ffc-d6f5e1413bde,2025/10/21,Local Bakery,1086.04,INR,success,,A23,SUSPICIOUS
,2025/11/29,Apple,4349.64,USD,Pending,Other,A15,Anomaly check
9e9b1fc4-5cd4-4fac-a172-8d283c90b035,20-05-2025,Apple,740.0,usd,PENDING,Food,A37,Duplicate?
6233699a-2255-4519-9b97-b3db5daebefe,03-05-2025,Amazon,2075.27,USD,PENDING,Cash Withdrawal,A33,SUSPICIOUS
bb620429-9baa-4df4-bce4-0a0688342120,16-04-2025,Apple,4282.84,USD,success,,A27,SUSPICIOUS
da10538d-b45b-4481-9655-6e50aebb209b,02-05-2025,Swiggy,4323.25,usd,PENDING,Healthcare,A48,SUSPICIOUS
413f2ffb-6bd7-4c5d-b9b7-280523eef6dd,30-03-2025,Local Bakery,1779.8,USD,SUCCESS,Entertainment,A49,Anomaly check
3da672e4-e94b-4f99-9408-3a0e0a88031c,23-04-2025,Shell Petrol,$3329.97,usd,Pending,Healthcare,A15,Duplicate?
,2025/04/26,Flipkart,1093.13,USD,failed,Travel,A1,
3fa180b8-2e57-4299-944a-52dcd11c2989,2025/03/04,Amazon,$2272.16,INR,FAILED,Cash Withdrawal,A10,SUSPICIOUS
5fb3cd03-c8f7-4502-a7c5-1c0e02d446a5,2025/12/31,Google,1775.8,USD,FAILED,Shopping,A33,SUSPICIOUS
3967f776-585e-49bc-9b9a-2de16e7626e3,03-06-2025,Local Bakery,3667.78,inr,Pending,,A44,SUSPICIOUS
e0052a78-2840-4db4-a5f5-a8d2f2d9c0cc,2025/07/03,Zomato,3793.2,USD,PENDING,,A12,Duplicate?
123b5031-4126-4160-b4bf-e609ae637064,2025/09/17,Uber India,2544.39,usd,PENDING,Cash Withdrawal,A37,Duplicate?
6ca7107f-2885-4008-b435-da621458f6b0,2025/07/14,Ola,2210.25,INR,FAILED,Travel,A5,SUSPICIOUS
4447a741-0a43-4890-96f7-6fef7d750439,2025/04/17,Local Bakery,2123.61,inr,FAILED,,A6,Refunded
7005d4df-6333-44fe-a42f-358830081a7a,04-12-2025,IRCTC,2001.27,USD,success,Healthcare,A1,Refunded
ded71cae-ff06-4af4-9cc7-caa4856481e9,2025/01/13,Uber India,$3987.06,USD,failed,Utilities,A38,Refunded
d945f897-9ecb-4d87-a823-61993d973cd1,2025/05/02,Shell Petrol,1279.7,INR,failed,Transport,A22,Anomaly check
d945f897-9ecb-4d87-a823-61993d973cd1,2025/05/02,Shell Petrol,1279.7,INR,failed,Transport,A22,Anomaly check
745dd248-644a-44a0-af23-9edad91b7795,2025/06/18,Zomato,49.75,inr,PENDING,Transport,A32,Refunded
e196e4e4-6f46-4ed5-8fbc-1a1a50ceac46,22-04-2025,Ola,1176.94,INR,FAILED,Food,A19,Refunded
8fdfbfc0-ec8d-40fb-8a54-3b4b7617a246,2025/10/16,Google,$4892.33,USD,success,Shopping,A5,Refunded
b1a5d205-c709-463b-9a44-ddfc7ff5fcf3,2025/11/08,Uber India,3764.55,inr,PENDING,Travel,A13,SUSPICIOUS
00f5bc71-3a94-4335-aec0-73c3a46b37a1,2025/06/19,Zomato,3608.29,usd,success,Entertainment,A43,Anomaly check
31479794-3326-41d2-a675-c5dda2244d5e,18-08-2025,Flipkart,3285.64,inr,success,Utilities,A5,
68eb7442-d9a7-4219-bbea-2fa89ae19a3d,2025/02/05,Amazon,3053.77,USD,failed,Cash Withdrawal,A27,Anomaly check
9f0b82db-b3d2-47dc-a769-2a41d3a71213,17-05-2025,Ola,1622.79,inr,FAILED,Utilities,A6,
76a30fc7-13ed-45a7-a77f-6ae5fb61a7c5,2025/01/09,Uber India,4009.92,inr,PENDING,,A34,
ec31dda1-ba23-4914-a74d-9acedc542ef0,06-07-2025,Uber India,$3462.86,usd,PENDING,Transport,A11,
ccc620c8-5bbf-4a27-a229-34733d62bc1e,18-12-2025,Swiggy,1236.49,INR,PENDING,Cash Withdrawal,A21,Duplicate?
acb33a12-3074-4b20-a646-43db87eca96b,2025/04/12,Swiggy,4416.43,INR,FAILED,,A7,SUSPICIOUS
2ca23d0f-0596-4e4c-96f6-aa18bf68fe01,10-10-2025,Ola,464.58,USD,success,Other,A27,SUSPICIOUS
5ac822fb-5435-49df-9ebf-4b258995e17a,22-06-2025,Uber India,$1607.07,usd,Pending,Entertainment,A14,SUSPICIOUS
5ac822fb-5435-49df-9ebf-4b258995e17a,22-06-2025,Uber India,$1607.07,usd,Pending,Entertainment,A14,SUSPICIOUS
fc0ca4fd-bdde-4375-af76-c1e8b83bf62e,26-02-2025,Flipkart,$1396.02,INR,Pending,Transport,A47,Anomaly check
fc58f7b0-6e1e-4456-a0c4-a27a182638cc,27-12-2025,Zomato,$903.43,usd,Pending,Transport,A37,Anomaly check
3e2eb811-f31d-4f4d-8ae9-8060e9e0dde8,2025/04/25,Ola,716.18,INR,FAILED,Healthcare,A2,Duplicate?
a734e797-ddcc-48dc-8489-a65558b27095,2025/05/23,Flipkart,4238.34,USD,PENDING,Other,A7,Anomaly check
39afbf78-1901-4050-926d-f3109180e839,2025/09/03,Google,622.8,inr,SUCCESS,,A28,Refunded
f4e5b4d6-e785-4d6e-a80c-1308596dbeec,2025/06/11,Flipkart,1717.8,INR,success,Utilities,A44,
e313b6be-d4ae-4a47-b882-17f6b12cb874,2025/03/04,Local Bakery,1697.04,USD,Pending,Travel,A3,
03cdf6e3-9038-425c-b8d0-0df76bf329fb,28-01-2025,Zomato,3133.6,USD,success,Shopping,A18,Anomaly check
60e393dc-f5d0-4d21-b053-5d1527298ce2,2025/06/22,Apple,4335.72,INR,failed,,A17,Anomaly check
87d653df-0bc7-4387-ba4e-d83a8fbf801b,2025/12/26,Apple,2404.93,USD,failed,Utilities,A43,Duplicate?
c96a5382-ff27-4b18-b2d4-c1e10c4b4205,2025/01/27,Local Bakery,$4233.11,inr,success,Cash Withdrawal,A19,
e3a3610c-e330-41dc-8591-b10e5a93a84b,2025/08/24,Amazon,2582.22,inr,Pending,Utilities,A50,SUSPICIOUS
52a12df9-11d1-4ca5-8840-da9c28ea7504,03-07-2025,Apple,2766.26,USD,success,,A13,Duplicate?
,2025/10/23,Apple,3176.14,usd,Pending,Travel,A9,
a0e2b368-6f77-4d11-af70-109f75054fe8,06-03-2025,Apple,214.23,usd,success,Healthcare,A40,Duplicate?
128405f4-796b-4e8f-88c1-5ef8c349c033,11-04-2025,Flipkart,$1347.12,usd,Pending,,A42,Refunded
43a4fcd9-9cea-48ef-8461-8a7e69d90c57,01-08-2025,Apple,3505.65,USD,PENDING,Travel,A29,SUSPICIOUS
cec180ce-67ab-4a92-8aee-927b40e2d75a,22-08-2025,Ola,$2744.51,inr,Pending,Other,A32,
226c0949-4618-4b60-a10c-29ceff449e33,25-06-2025,Ola,2556.91,inr,FAILED,Cash Withdrawal,A27,Anomaly check
31da3621-8d42-4210-961a-4ee9269b73e7,2025/05/15,IRCTC,100.83,USD,PENDING,,A47,Duplicate?
f24d39c1-5836-42cc-ae02-68e606d21f5f,24-09-2025,Swiggy,2754.98,INR,success,Shopping,A16,
5e6de702-61df-40ea-9a3b-5df6336ee737,14-06-2025,Shell Petrol,347.29,usd,SUCCESS,Travel,A31,
1c4d55c0-3114-423d-83e4-6a4beaea982c,2025/04/10,Spotify,4899.65,USD,SUCCESS,Healthcare,A23,Anomaly check
20220541-f2b2-4d75-b20e-632d1bdf9005,07-02-2025,Apple,2070.29,inr,FAILED,Travel,A48,SUSPICIOUS
20220541-f2b2-4d75-b20e-632d1bdf9005,07-02-2025,Apple,2070.29,inr,FAILED,Travel,A48,SUSPICIOUS
,02-02-2025,Zomato,$781.84,USD,FAILED,Food,A31,Duplicate?
f71b5491-d333-4d9d-841c-71af72da3b6f,09-11-2025,Shell Petrol,47.2,inr,Pending,Travel,A12,Anomaly check
7d11eeaa-e394-4c1a-bb9b-baa1d5cb715d,20-11-2025,Apple,717.24,usd,failed,Utilities,A46,Duplicate?
73a7e676-40bc-4e2d-a73f-1bc7df0af95b,13-11-2025,Zomato,$1043.0,USD,failed,Food,A45,Refunded
f7659bf2-b5c8-49a3-aa3f-e864c2b92cd5,2025/03/23,Zomato,116.45,inr,SUCCESS,Shopping,A36,
3a2278bb-a4e3-440e-af3a-ed49f026904d,2025/01/01,Flipkart,$1983.44,USD,failed,Food,A14,Duplicate?
f80ae22c-a5f9-48f3-baea-58d59457ee3e,2025/01/18,Flipkart,$4965.85,INR,Pending,Other,A33,SUSPICIOUS
a6ad311a-e957-4dd2-be13-a49315ed2b89,2025/12/28,Zomato,2212.11,INR,SUCCESS,Food,A36,Anomaly check
272d3a0e-cf1d-475d-994e-385369800152,12-02-2025,Local Bakery,3117.92,USD,SUCCESS,Transport,A24,Anomaly check
8c89c825-944c-4dda-822c-203acc3f1a31,15-12-2025,Amazon,$4966.94,USD,PENDING,Entertainment,A37,Duplicate?
c94b8d8e-d48c-4498-ab4a-4a2f286752dd,2025/03/09,Apple,833.88,inr,failed,Shopping,A9,Anomaly check
,09-08-2025,Local Bakery,250.96,INR,FAILED,Healthcare,A30,Anomaly check
840a75ce-3e70-485f-a03b-47791df8becc,2025/12/30,Uber India,$4795.78,INR,success,Cash Withdrawal,A27,SUSPICIOUS
7739b069-ecc5-42cf-bf9c-e89ea261d95c,23-12-2025,Spotify,1101.43,usd,Pending,Food,A23,Duplicate?
9f862ac4-96e3-48cf-8e9d-492a7b8e55ef,2025/07/01,Flipkart,$1583.56,INR,SUCCESS,Utilities,A33,
30daffda-9f95-4c28-81fa-375640801054,29-08-2025,Zomato,693.47,USD,Pending,Shopping,A12,SUSPICIOUS
ddb20128-1a6b-4bb5-a2af-9e7cc2c5f3f0,09-10-2025,Shell Petrol,$735.72,INR,Pending,,A34,Anomaly check
6d17ded8-f1fa-405e-8530-0e85080b35f0,2025/02/27,Flipkart,1375.78,INR,failed,Cash Withdrawal,A2,SUSPICIOUS
4516580a-868e-4778-a6f5-2b86b8958041,22-06-2025,Zomato,3774.31,inr,PENDING,,A45,SUSPICIOUS
1f005d8f-2cf1-4537-822a-8e0f1ce3dac7,2025/03/12,Zomato,802.98,INR,PENDING,,A44,SUSPICIOUS
aaa26cfe-3246-4083-9b9a-5ce592d3956d,14-07-2025,Swiggy,$3597.65,USD,failed,Travel,A8,
aaa26cfe-3246-4083-9b9a-5ce592d3956d,14-07-2025,Swiggy,$3597.65,USD,failed,Travel,A8,
fe1c965b-e786-412f-a6f5-2b3e46b6ce95,2025/11/21,Netflix,3310.9,inr,success,Entertainment,A13,Duplicate?
48813e1a-2673-423e-9224-1cf6ec873ea7,2025/06/28,Local Bakery,3553.33,USD,Pending,Entertainment,A25,Refunded
b2aca3c8-52f2-4054-bf59-2f79a49982c9,21-04-2025,Zomato,$1253.07,USD,success,Other,A14,SUSPICIOUS
b2b6fce6-51a7-417b-8dce-42010ac94102,19-08-2025,Ola,2822.59,usd,Pending,Food,A6,
c4601de4-1434-4898-9a71-18b4af6d6570,2025/12/23,Netflix,1305.34,INR,SUCCESS,Transport,A10,SUSPICIOUS
,29-12-2025,Flipkart,4559.88,inr,PENDING,Utilities,A1,Refunded
943b12c2-4bee-40bd-9002-4493a7b04189,2025/07/01,Zomato,4647.83,USD,PENDING,Other,A41,SUSPICIOUS
e54c519a-01f4-4cca-9177-e2c407c42c8a,18-08-2025,IRCTC,2346.17,USD,FAILED,Shopping,A4,SUSPICIOUS
88af38bb-0119-4da8-acc3-8778dd4fffb8,10-10-2025,Zomato,3553.36,USD,success,Utilities,A5,Refunded
84b2a1de-8199-401f-9f01-984f695f2e7a,2025/12/29,Ola,$1962.33,USD,PENDING,Shopping,A11,SUSPICIOUS
95965f03-e222-4a3e-8066-e8641bd6c4f0,22-03-2025,Flipkart,3499.04,usd,Pending,Shopping,A32,Refunded
b52add46-c92b-4f99-9831-d8ace8cae4a0,2025/05/06,Netflix,3330.21,inr,FAILED,,A47,Duplicate?
b52add46-c92b-4f99-9831-d8ace8cae4a0,2025/05/06,Netflix,3330.21,inr,FAILED,,A47,Duplicate?
063ad91f-d6fa-4b47-9dd7-dedd9c86c602,09-01-2025,Uber India,1968.48,USD,success,Other,A46,
97c7f7c7-4f4b-4d54-9a5b-4adea9db9959,2025/04/24,Apple,3036.47,USD,Pending,Cash Withdrawal,A40,
f171e8a2-4c77-4e84-a96c-2d658f389a95,2025/03/15,Shell Petrol,$2778.55,inr,SUCCESS,,A9,Anomaly check
59495751-f16f-4c6a-91c6-ac275725a233,23-10-2025,Netflix,1891.92,usd,FAILED,,A28,Anomaly check
4bfea081-61eb-406e-bbea-2e7f278f1e39,2025/12/08,Netflix,3960.77,INR,FAILED,Other,A5,Anomaly check
7df330f1-792c-425f-88b6-c5c056d41373,13-07-2025,Spotify,3361.45,USD,FAILED,Entertainment,A15,SUSPICIOUS
789d8710-45af-4a74-ae58-3826c7a0cfe7,2025/05/28,Swiggy,3994.25,usd,FAILED,Cash Withdrawal,A30,Refunded
a40a8132-4157-41fa-a0c1-2477567c83e9,15-10-2025,Uber India,3129.83,USD,Pending,Utilities,A45,Anomaly check
14e04c73-4ab6-4d76-b57d-b9521893d522,21-02-2025,Google,3654.89,USD,Pending,Cash Withdrawal,A40,
01d13215-6720-48f2-ba20-2a8962927c8f,2025/09/27,Zomato,2039.53,USD,failed,,A31,SUSPICIOUS
a508a64c-c402-496a-9e12-cd8a45f1b3f1,2025/01/21,Ola,4613.81,USD,FAILED,Shopping,A43,Refunded
8cb59339-5293-4d74-9226-3805775a3130,10-05-2025,Netflix,3665.1,INR,FAILED,,A9,
9eb262e0-39c1-46d5-b4f1-9c74ec7c7d16,2025/04/16,Apple,2804.28,usd,success,,A21,Refunded
5352273f-8995-498e-b147-416bd097619a,2025/12/13,Swiggy,2942.35,usd,SUCCESS,Food,A45,Refunded
60072810-fe63-4630-b47b-f05eb5f9d592,04-02-2025,IRCTC,$3789.34,INR,failed,Healthcare,A41,Anomaly check
3718219b-e79f-4d66-a3b9-62f381df76cd,2025/11/18,Apple,1207.45,INR,success,Utilities,A39,
ba081a6c-f427-4c6c-ba4b-b5cde074544f,11-05-2025,Amazon,500.38,usd,failed,Entertainment,A28,Duplicate?
8fadc820-9bf6-43b5-9b51-709e7584191c,2025/07/15,Spotify,$2706.22,usd,Pending,Healthcare,A28,SUSPICIOUS
d125bc11-5711-433e-831c-dc04fefa3fe9,2025/04/22,Netflix,2672.84,usd,FAILED,Other,A23,Anomaly check
c38c7204-518a-4418-8d1a-ba9a80c2a431,30-01-2025,Google,1852.98,USD,PENDING,Food,A24,Duplicate?
14666452-ca2a-4039-81ec-5277f793eba1,25-06-2025,Shell Petrol,$4458.57,USD,success,Other,A7,
d7c886a5-3319-40fa-863d-a37a51a43ea6,01-08-2025,Zomato,4652.21,usd,PENDING,Cash Withdrawal,A14,Duplicate?
67b4ec56-2f16-49dc-b339-bd49b93d88cc,08-01-2025,Apple,3983.4,INR,Pending,Travel,A30,
bdc3eed9-6fc5-4ceb-b7a3-575dbf1506ac,2025/06/07,Local Bakery,$1833.96,INR,success,Shopping,A11,SUSPICIOUS
84a76870-8c59-41bb-ad8d-46fc50a5d623,26-03-2025,Uber India,3332.39,USD,Pending,Cash Withdrawal,A33,Anomaly check
00512009-b3e7-47c2-a89d-822d54be8491,09-06-2025,Shell Petrol,2249.99,inr,failed,,A15,Duplicate?
016852bd-9806-4ded-9940-136ae5f6779e,2025/07/25,IRCTC,3414.27,INR,failed,Food,A37,Anomaly check
de4aa8b2-1f0a-4a3f-9cbd-a56c194ea6e9,12-04-2025,Google,$383.8,usd,FAILED,Food,A33,SUSPICIOUS
,27-03-2025,Google,989.84,inr,failed,Entertainment,A39,Duplicate?
f1b58002-0103-4f51-9862-00ea1521d966,08-01-2025,Zomato,$4515.0,USD,SUCCESS,Food,A2,Refunded
afd5a432-91e8-4e12-ad1e-1f6bf57db096,2025/03/18,Zomato,$841.34,INR,success,Cash Withdrawal,A21,
ad2d7e45-ba8c-47a4-9897-c97e783db4cb,2025/10/21,Local Bakery,4531.56,INR,success,Travel,A47,Anomaly check
5ff28426-f2e0-4b77-b331-0e1a1c2c0ab6,2025/08/11,Shell Petrol,$3009.35,usd,success,Entertainment,A15,SUSPICIOUS
3fee4afa-121c-4d7a-9c58-8afcd99a4e5a,2025/12/23,Netflix,3944.67,usd,SUCCESS,Travel,A28,SUSPICIOUS
3be1cb2a-d016-4340-9900-4f9d376d08f4,08-05-2025,Swiggy,$3897.13,USD,SUCCESS,Cash Withdrawal,A4,Duplicate?
,09-01-2025,Uber India,4631.46,inr,SUCCESS,Cash Withdrawal,A21,
c30656d9-d716-435c-82f4-6a5cff609180,29-12-2025,IRCTC,$1117.79,usd,PENDING,Cash Withdrawal,A48,Duplicate?
61f4263e-6e79-4615-b7d8-72c9992a2400,2025/05/22,Swiggy,$3709.54,USD,failed,Transport,A38,SUSPICIOUS
b2c2d250-1852-4eb7-a470-73c1302c2d84,2025/05/03,Apple,$836.98,INR,PENDING,Entertainment,A4,
d2f130d3-ce27-4efc-92ce-ac24371dc579,11-11-2025,Ola,4616.0,inr,PENDING,Entertainment,A35,Duplicate?
32402def-0779-40f5-bad3-723db8a5c7f7,2025/12/27,Swiggy,519.23,usd,success,Utilities,A4,Refunded
0b9c42ae-280f-4758-a20a-696770353a4f,27-12-2025,Google,4720.81,INR,SUCCESS,,A21,Anomaly check
8bc4a7c8-efbf-47af-929a-0c3c42d3a171,2025/03/31,Ola,4512.69,inr,PENDING,Transport,A14,Refunded
49bf5283-4f9f-4c36-a427-5063f519708f,20-04-2025,Netflix,$2204.27,USD,FAILED,Transport,A30,Duplicate?
efe166c8-f8cb-44ae-9158-901131be142a,2025/06/17,Local Bakery,4272.9,usd,FAILED,Other,A30,Refunded
07a65b4b-b74c-457a-9692-104102c4c8d9,2025/09/11,IRCTC,$325.95,inr,FAILED,Cash Withdrawal,A1,Refunded
edd0d9fd-4456-4b96-a473-6c583b71002d,2025/03/24,Zomato,1705.9,inr,PENDING,Healthcare,A3,
f740cee9-0cff-482f-95ab-2e3630eeb935,28-02-2025,Local Bakery,$2312.31,INR,SUCCESS,Entertainment,A21,SUSPICIOUS
014bde34-3196-47f5-b49f-5b399b500435,18-04-2025,IRCTC,4444.78,INR,FAILED,Cash Withdrawal,A10,Anomaly check
a88cd437-9dba-47e0-a0a0-a202d13857cf,23-01-2025,Ola,1808.33,usd,success,,A20,Anomaly check
fd107e09-1822-4ac4-93b6-bd7e04bee42d,2025/04/06,Ola,4243.44,USD,failed,Entertainment,A48,Duplicate?
03f5a51a-fa2d-45e0-82db-d02c9d418f70,2025/11/17,Zomato,302.22,inr,SUCCESS,Healthcare,A6,Refunded
11b66e2c-c5e4-4e44-b518-6d7871adb435,27-01-2025,Uber India,654.05,USD,FAILED,Entertainment,A25,Duplicate?
8353ae3a-68ae-476d-808c-62d6799ec43f,24-08-2025,Swiggy,2737.72,inr,SUCCESS,Other,A18,SUSPICIOUS
3d5384e5-de8e-4748-8255-323676074dc3,18-10-2025,Uber India,380.63,inr,success,Entertainment,A27,Refunded
6508ba67-1631-4072-b286-d7c5b1bc4410,27-02-2025,Netflix,942.39,usd,SUCCESS,Healthcare,A4,Refunded
5b5be413-e1a0-40e6-a78e-0695d3241539,2025/05/03,IRCTC,852.42,INR,SUCCESS,Food,A46,Anomaly check
a3a5442c-35bb-49bf-899e-ad2d35b7c91e,28-09-2025,IRCTC,1484.13,INR,Pending,Cash Withdrawal,A16,Refunded
b512eefe-53f4-4eb9-8d0f-58231884a94e,2025/01/27,Swiggy,465.43,usd,failed,Healthcare,A37,Duplicate?
5fc4cc0d-25f6-4089-9d2f-8bdffef08b88,2025/04/10,Shell Petrol,856.17,inr,FAILED,Food,A43,Refunded
5c1dbf8d-bdf9-4c97-b70d-96b09f5a42fd,2025/02/21,Swiggy,1156.0,inr,SUCCESS,Utilities,A44,
edf3dde2-9bd8-4167-b2ba-328b7882d389,02-08-2025,Shell Petrol,1677.92,inr,Pending,Shopping,A29,Anomaly check
3c9d6345-be69-4659-a9fa-61ded1269a40,08-11-2025,Netflix,$1579.78,usd,Pending,Travel,A8,SUSPICIOUS
7f22ef74-2ae1-4c44-be6d-76e585a3c41b,2025/12/13,Shell Petrol,3059.26,inr,FAILED,Travel,A12,Duplicate?
b27cf457-055d-4da5-9774-b29e3a1154c5,2025/09/29,Ola,813.03,inr,success,Entertainment,A21,Duplicate?
1bac9f17-cad9-4be8-9a06-1ae56ddb1e94,18-08-2025,Flipkart,4383.28,usd,Pending,Shopping,A3,Anomaly check
ae9e1af4-81e2-46ac-8b5d-512a951d82b7,22-01-2025,IRCTC,458.67,inr,PENDING,Travel,A42,SUSPICIOUS
8cea4da5-c152-480f-aea5-8dcc87c41611,2025/02/23,Zomato,1562.53,inr,success,Food,A26,Refunded
fc9739dc-6383-4343-b60b-2c59a4910656,28-07-2025,Shell Petrol,$499.66,usd,failed,,A28,Duplicate?
52bb1670-f9eb-4571-9a01-493259afaf2f,27-07-2025,Spotify,1627.32,USD,SUCCESS,Healthcare,A23,Anomaly check
cddb2397-5d43-464f-af22-bd38b7f38610,2025/04/06,Amazon,914.56,USD,SUCCESS,Food,A37,Refunded
3d93b7cd-f580-4933-8867-39ace3d52cfc,22-12-2025,Spotify,3156.26,inr,Pending,Cash Withdrawal,A40,SUSPICIOUS
6cff378f-11c6-4408-8694-af33c9252eb5,2025/06/08,Netflix,3481.26,inr,SUCCESS,Healthcare,A28,Anomaly check
7ee6c9db-c71b-4b65-b364-6679b56d3b74,03-05-2025,Uber India,595.6,usd,failed,Utilities,A25,SUSPICIOUS
edf19490-71eb-43cf-a17d-d24f059392c2,04-10-2025,Shell Petrol,2320.03,USD,PENDING,Other,A32,Refunded
1880da9e-d7b5-4423-b54f-688ebbc6454f,16-11-2025,Swiggy,1499.42,USD,FAILED,Shopping,A23,
fd53f179-332d-48c9-97a3-9b513e1e3f0f,2025/12/10,Local Bakery,$2903.57,inr,Pending,Other,A4,Duplicate?
4cef5020-d2de-4edb-962e-2fa7f5cd996a,19-02-2025,Apple,1627.99,INR,SUCCESS,Shopping,A13,Anomaly check
89efb25e-4267-44f7-aff1-71538205769d,2025/05/14,Google,$2988.31,inr,success,Utilities,A35,Refunded
79cbdf28-3199-459d-be5c-1e9267f677c8,22-04-2025,Local Bakery,3794.27,USD,failed,,A48,SUSPICIOUS
e14283c1-bda2-4035-aa89-c7d99944fca8,04-12-2025,Amazon,4669.22,inr,success,Transport,A40,Anomaly check
b2a2b750-1a09-4e73-98d8-228d329725f4,12-08-2025,Netflix,$2301.99,USD,success,Shopping,A38,
2e7e3705-92c7-45b7-8076-4e7169906e28,2025/07/23,Uber India,$4064.27,USD,SUCCESS,Shopping,A2,
e347e9b8-a202-49f2-99b9-af48a5066925,2025/02/26,Apple,1054.86,usd,PENDING,Food,A38,Anomaly check
8919b03e-b273-4312-a1d5-70aec7cd5a8c,11-05-2025,Netflix,3759.07,USD,Pending,Other,A6,SUSPICIOUS
8919b03e-b273-4312-a1d5-70aec7cd5a8c,11-05-2025,Netflix,3759.07,USD,Pending,Other,A6,SUSPICIOUS
e0c6a2ee-bb74-4169-a0e4-0d322bd6d364,2025/08/15,Spotify,1047.42,USD,SUCCESS,Utilities,A14,Duplicate?
f1f9063d-b524-4053-9c05-2470853f5fd8,05-02-2025,Spotify,2773.7,INR,Pending,,A48,Anomaly check
1925f20a-f300-4424-9710-363435e54f45,2025/09/29,Ola,1707.64,INR,SUCCESS,Utilities,A14,Duplicate?
5c6b53d9-9169-467b-90bd-59001a7bdf69,2025/10/06,Netflix,3386.74,USD,FAILED,Transport,A5,SUSPICIOUS
bcfb2968-d016-44b4-8939-b4bf86edb894,07-08-2025,Local Bakery,3218.48,inr,FAILED,Food,A37,Anomaly check
24f48d99-a60a-4098-9acf-fda9401a46f2,25-01-2025,Ola,1983.5,inr,PENDING,Shopping,A2,Duplicate?
6406998f-d7d2-472b-8b58-4879c6feed06,2025/02/05,Swiggy,3680.9,INR,success,Shopping,A49,SUSPICIOUS
1009d719-daf8-4e13-bf60-cf839bb33156,10-09-2025,Flipkart,$4703.84,usd,SUCCESS,Entertainment,A23,Duplicate?
3efc388f-1f08-4a7a-9300-b1d0759463ac,27-02-2025,Zomato,3270.04,inr,SUCCESS,Food,A10,Duplicate?
1942dbb0-5d6a-47f7-a129-64883da4eae2,25-01-2025,Flipkart,1419.44,usd,success,Other,A20,Duplicate?
,2025/11/23,Local Bakery,2382.6,inr,FAILED,Other,A42,Refunded
4adf050c-616d-4043-b278-3cc5ff519818,22-06-2025,Swiggy,1212.86,INR,FAILED,Utilities,A15,SUSPICIOUS
55bf500d-d81f-4d04-80b8-00fac85ce33b,2025/06/12,Shell Petrol,268.2,USD,SUCCESS,,A46,Refunded
ea26cd67-6232-457b-8113-65b44dd9afde,2025/02/11,Flipkart,3323.24,usd,success,Other,A11,Duplicate?
347f262b-3209-4681-9288-3a009810443f,18-09-2025,IRCTC,3475.65,usd,failed,Cash Withdrawal,A11,SUSPICIOUS
,29-07-2025,IRCTC,3935.75,USD,Pending,,A2,
4e635dca-f9b3-42fd-a88e-77736e793ae7,2025/01/19,Google,1380.37,usd,success,Healthcare,A19,
d45f7eaa-f13f-41fd-9a82-5d249a05e55f,15-09-2025,Amazon,4166.81,usd,Pending,,A47,Anomaly check
21796875-c6d5-4c69-88f4-c014b58236fe,2025/02/18,Flipkart,$490.25,INR,PENDING,Travel,A49,Anomaly check
e3a4e21d-8f44-444b-8bd8-f75dfcb3b866,26-08-2025,Shell Petrol,2426.86,usd,Pending,Utilities,A44,
3a0d8d9e-9a4c-4483-ab3d-f396a874cdd5,2025/06/03,Spotify,1562.73,inr,FAILED,Shopping,A7,Duplicate?
3a0d8d9e-9a4c-4483-ab3d-f396a874cdd5,2025/06/03,Spotify,1562.73,inr,FAILED,Shopping,A7,Duplicate?
da880635-15a0-4fdd-82c6-214e8b9457b6,2025/12/30,Apple,974.18,USD,PENDING,Food,A30,
5ad6293e-aa46-435c-8fa1-d73aa6e9d1f9,11-08-2025,Local Bakery,1289.98,INR,FAILED,Healthcare,A46,Duplicate?
4c8d4205-36b9-4a1d-81ee-cc530610450f,2025/07/21,Ola,2141.02,inr,failed,Cash Withdrawal,A24,Refunded
6e9580d7-6a4c-481b-9493-0504a224a475,2025/02/28,Apple,2430.03,usd,success,Utilities,A15,SUSPICIOUS
275bb2be-29bc-405e-b854-be25ae50771e,09-05-2025,IRCTC,2033.42,usd,FAILED,,A28,Duplicate?
f272ed5d-b3d7-454d-a765-7867206f284b,2025/08/08,Flipkart,1406.56,usd,SUCCESS,Other,A35,
18693fbd-2808-48ad-a3a1-446791c292f3,2025/05/25,Uber India,4408.08,INR,PENDING,Healthcare,A36,Anomaly check
72a1307b-875f-4ec5-ad81-939ea83fafe4,17-10-2025,Local Bakery,$4197.44,usd,failed,Healthcare,A40,Anomaly check
cec57eea-c5a3-4b88-af8d-908dc99294ec,01-01-2026,Zomato,4685.42,USD,failed,Travel,A32,Duplicate?
6c934bde-c4cd-4a75-881c-3a1631657fb3,12-05-2025,Spotify,$3265.76,INR,success,Shopping,A37,SUSPICIOUS
704572ba-0867-496e-8ec7-2eb2b3c92198,31-10-2025,Netflix,128.94,USD,failed,Healthcare,A29,Refunded
d8461960-ccec-4f3f-805d-0890203beecc,2025/02/27,Uber India,$1555.64,USD,Pending,Shopping,A43,Duplicate?
cff2cd75-f03a-44df-b2ee-3a07acd679c4,05-08-2025,Ola,2425.54,USD,FAILED,Healthcare,A1,Anomaly check
e1658427-957e-4206-8839-58097bc1f2cc,08-01-2025,Amazon,2535.54,USD,SUCCESS,,A46,
1be0be62-c998-45af-8fa4-a1960bba1a98,05-03-2025,Uber India,$1424.05,inr,SUCCESS,Food,A7,SUSPICIOUS
f2b95ed9-06e8-4b48-9345-27c046891c04,2025/12/12,Spotify,3304.02,inr,success,Healthcare,A49,Refunded
d4169b40-5c08-4e29-8316-1fa495f319b0,2025/06/10,Zomato,4164.64,INR,failed,Shopping,A11,Duplicate?
e3e121ab-c1bb-40c6-bf80-27d3c383f78b,07-03-2025,Netflix,3349.34,inr,Pending,Other,A31,Refunded
4a9dbaef-2644-4341-b9bc-773c48e9952e,2025/04/11,Apple,22.92,inr,Pending,Entertainment,A16,Duplicate?
88efc95e-8379-455e-aa42-3d2182dabf50,2025/12/22,Flipkart,$44.7,inr,success,Food,A13,Duplicate?
226185f8-35ac-4364-8ea6-fb30cf8d545c,2025/10/01,Ola,$4534.05,inr,success,Healthcare,A22,Anomaly check
17080010-9d7c-4a5f-adf8-604526df5cde,2025/06/22,Swiggy,2802.42,USD,FAILED,Travel,A24,
fe13a0b7-3361-4d0a-982f-65d91679f822,27-08-2025,Flipkart,3969.85,inr,Pending,,A47,SUSPICIOUS
7da33fe8-a74e-47ea-8bbe-9bbd023be3bd,21-11-2025,Apple,4677.19,usd,SUCCESS,Utilities,A24,Duplicate?
194e5d76-4240-49a0-8df8-219fb01bb413,2025/11/19,Uber India,$1193.12,inr,FAILED,Utilities,A4,Duplicate?
4b10f166-ee26-444c-9da9-ef2a25b37019,2025/04/16,Local Bakery,2858.5,USD,FAILED,,A17,Duplicate?
6c5a03c7-8328-4ba1-b89c-2190f2fda689,2025/07/20,Shell Petrol,4710.0,inr,failed,Utilities,A12,Anomaly check
e7570b3e-d8f1-417d-9c40-e3a49b0a8e80,16-12-2025,Uber India,381.97,INR,PENDING,Cash Withdrawal,A28,Duplicate?
192a0a31-b2a1-41ea-8a59-b59a9875b8ae,14-10-2025,Apple,1192.21,usd,PENDING,Food,A11,Refunded
7d525e72-290f-43ea-92d8-c288fe928632,22-01-2025,Swiggy,4947.73,inr,failed,Shopping,A14,
eea36fc9-7502-4896-bd8e-4c9aea85e3cd,01-10-2025,Google,2459.28,usd,Pending,Entertainment,A35,Refunded
eb6d6513-880e-4ddb-9137-7bafe7212679,2025/08/10,Swiggy,3850.36,usd,PENDING,Healthcare,A27,Duplicate?
d4d50995-9556-49a7-a692-a54c71755eab,04-01-2025,Local Bakery,1936.28,usd,SUCCESS,Cash Withdrawal,A50,SUSPICIOUS
2972d7f5-827f-4a51-b297-18ac3c9bfc8c,13-02-2025,Uber India,2278.46,usd,failed,Travel,A13,Anomaly check
e56d51cc-d30f-4c41-88c8-589d5a9545d3,30-05-2025,Spotify,$4184.4,INR,success,Food,A17,Refunded
a43c0176-0fa1-4d10-ba57-a1d4e722051c,2025/03/06,Shell Petrol,7.54,usd,PENDING,Shopping,A17,Duplicate?
5a25a3a5-f41c-44c9-8f06-beb2481c1d70,2025/01/13,Zomato,379.47,USD,PENDING,Cash Withdrawal,A34,Duplicate?
6deda0ea-8ef7-4645-bff9-922f14446894,30-05-2025,Apple,4891.62,usd,Pending,Utilities,A33,SUSPICIOUS
a05a510b-0c13-4aae-a600-d2a523b3a113,2025/08/15,Swiggy,$4764.5,USD,failed,Utilities,A27,
e5dc6aab-27bb-4520-b6f4-a38d45902627,19-09-2025,Swiggy,1775.82,usd,PENDING,,A29,SUSPICIOUS
45f0172a-a674-44e4-8c4d-8a0d322653d2,13-12-2025,Google,1469.09,INR,FAILED,Travel,A15,Anomaly check
63da98b8-695d-437f-b87d-710207d0d1e8,2025/05/19,Swiggy,2041.12,INR,PENDING,Shopping,A26,SUSPICIOUS
63da98b8-695d-437f-b87d-710207d0d1e8,2025/05/19,Swiggy,2041.12,INR,PENDING,Shopping,A26,SUSPICIOUS
,2025/04/02,Google,4649.3,USD,FAILED,,A26,Anomaly check
f60e3720-5cbb-429b-bc87-17c58374964a,02-04-2025,IRCTC,2315.5,INR,Pending,Shopping,A13,Anomaly check
cf385146-e240-4297-b3b1-e2f23113663d,2025/03/14,Flipkart,$3079.92,usd,Pending,Food,A35,Anomaly check
68bd8c6d-e82e-4c36-8934-4f406b9b6b05,2025/09/02,Amazon,339.73,inr,SUCCESS,Other,A15,Duplicate?
38ed8d0f-abde-46df-8b72-5d471159fef4,2025/12/23,Apple,3443.02,USD,Pending,Other,A18,SUSPICIOUS
0bbf08b7-9b36-42a7-aaa1-868823e3fd46,2025/10/24,Uber India,3869.77,usd,SUCCESS,Cash Withdrawal,A36,
dbae8dd2-6262-40e7-a447-740469677dc7,2025/06/29,Swiggy,1871.85,usd,PENDING,Utilities,A14,SUSPICIOUS
f180313b-2c4f-4118-a8ac-ec14af04673f,02-06-2025,Zomato,961.31,inr,PENDING,Food,A41,SUSPICIOUS
1b865bb5-f473-49d5-9314-ae42ec0dd537,2025/09/11,Google,38.43,inr,FAILED,Shopping,A4,Duplicate?
9e74d92d-d75b-46f9-9c8f-cbc4ebabf0cc,07-08-2025,Ola,4384.76,USD,Pending,Other,A50,Duplicate?
71780d8e-45ee-48c9-9f3a-b9c8f183555e,2025/10/20,Ola,3502.1,inr,failed,Healthcare,A4,
71780d8e-45ee-48c9-9f3a-b9c8f183555e,2025/10/20,Ola,3502.1,inr,failed,Healthcare,A4,
047af2d2-ee2d-46f2-9a0d-a84998374aee,2025/06/23,Apple,218.57,inr,SUCCESS,Entertainment,A2,Anomaly check
16843b83-6f4d-4eeb-8a6c-999ec1c1e872,02-06-2025,Ola,2507.12,INR,SUCCESS,Shopping,A1,SUSPICIOUS
16843b83-6f4d-4eeb-8a6c-999ec1c1e872,02-06-2025,Ola,2507.12,INR,SUCCESS,Shopping,A1,SUSPICIOUS
3e8be43e-76be-47df-9295-fc68048f2ecd,2025/01/04,Zomato,3784.9,INR,success,Utilities,A2,Duplicate?
e0f8323a-afc0-4733-98b5-c7c66dcbf14a,13-06-2025,Amazon,4179.64,USD,success,,A2,
d9dc0d0f-04ac-4f72-ae55-0e6f10e903a9,27-06-2025,Ola,$2631.12,INR,SUCCESS,Other,A15,Refunded
76f2c372-2177-4e7c-b114-fac4ac6b186c,17-01-2025,Uber India,3839.29,usd,FAILED,Shopping,A30,
255f8051-482a-44cb-a8f0-ae982e2fbb71,2025/06/09,Local Bakery,535.51,inr,success,Healthcare,A40,
b9986152-ffea-4337-be1d-091561731850,2025/04/27,Uber India,4732.74,usd,success,Cash Withdrawal,A24,Refunded
861d0836-a174-4b07-a2a0-8e3daaf2f895,09-06-2025,Flipkart,1474.34,inr,PENDING,,A2,
3437c4d5-b850-4c60-ac19-abeec67b72dc,23-11-2025,Shell Petrol,272.77,usd,success,,A47,Refunded
7fe66cec-6d5d-48e5-890a-d0fa02004c30,2025/12/27,Flipkart,182.53,inr,success,Transport,A26,Refunded
4e828047-6f6b-4a6b-8a54-b473dac5a5c3,2025/01/05,IRCTC,$3598.81,USD,Pending,Other,A9,Anomaly check
ce4e065b-a58d-4e45-bd43-9b0c0a61a9aa,17-05-2025,Swiggy,715.63,usd,failed,Other,A33,Refunded
8bbe9d48-398f-4f60-a016-217e7f931108,2025/12/27,Ola,1813.08,USD,failed,Healthcare,A32,Refunded
abf2c2b5-a420-4cea-aaff-919769fb645a,2025/09/03,Apple,2118.89,usd,success,Shopping,A10,SUSPICIOUS
c6863dd0-43c7-4748-afe8-2561160fdc65,2025/05/17,Amazon,4834.35,USD,success,Food,A42,Duplicate?
c7da2e82-1820-413d-9b20-f1d53e237840,30-06-2025,Spotify,562.8,USD,PENDING,Transport,A15,SUSPICIOUS
bbaaa15f-f57a-4b75-ada8-20fd219b8874,2025/02/20,Zomato,$4491.6,usd,PENDING,,A33,Anomaly check
c742712b-8245-4ab4-b9d1-117c4d11ab63,2025/10/07,Swiggy,4261.31,inr,SUCCESS,Food,A24,Anomaly check
a65b8c19-8150-41a3-890f-5c9f2166c43d,2025/07/28,IRCTC,3256.46,inr,SUCCESS,Travel,A22,Refunded
c029ec3d-4f7e-4184-b6cc-3094b4be9240,01-05-2025,Spotify,2248.44,INR,failed,,A18,Refunded
c25a2622-3cbb-4da4-9a98-77193a053a2c,11-12-2025,Google,2721.17,INR,FAILED,Healthcare,A20,Duplicate?
,2025/03/18,Swiggy,2468.4,usd,Pending,Entertainment,A10,Anomaly check
b393d60f-c240-4745-b90b-5269a2217c38,09-04-2025,Zomato,3020.46,inr,success,,A27,Anomaly check
,17-11-2025,IRCTC,4199.87,inr,Pending,Food,A42,Duplicate?
42e58d14-918c-4794-b30b-59164fb8dc83,17-08-2025,Ola,47529.29,USD,FAILED,Transport,A31,Duplicate?
560a73de-2c42-4926-8dee-7d663aedb435,18-08-2025,Google,$4114.9,INR,success,Transport,A29,
de7969fa-43c3-4f3e-b937-f072624ecab3,2025/08/14,Ola,$3153.77,inr,SUCCESS,Other,A20,
1a6788b1-0bb2-434d-8bc5-d97bf8b3eed2,29-12-2025,Zomato,4301.46,INR,Pending,Shopping,A46,Duplicate?
48346a6b-922d-4cb7-8e50-8e467ca07116,2025/11/23,Netflix,542.85,USD,failed,Utilities,A10,Refunded
9c5c9153-0d95-4a79-b295-101e64f13807,18-09-2025,Flipkart,303.23,inr,failed,Other,A32,Refunded
1a581383-d6ec-41ba-8d48-8535134c6f0c,2025/02/16,IRCTC,2539.06,USD,success,Entertainment,A20,Refunded
34beac0d-9a5a-4037-bca1-4f9173b59435,2025/07/09,Flipkart,243.71,USD,SUCCESS,Shopping,A16,Anomaly check
7cd53b84-f8f1-4c6c-8708-568d517c7d9c,26-07-2025,Ola,142.14,usd,FAILED,,A21,Anomaly check
ecf4d472-78ac-48a6-bcd4-c686ef17a6ba,2025/05/07,Zomato,972.15,USD,PENDING,Utilities,A14,Duplicate?
,2025/06/13,Uber India,4966.47,INR,failed,Food,A27,Anomaly check
23d11485-59c3-4da3-afd6-cce4f637452d,2025/04/25,Shell Petrol,$2426.75,inr,SUCCESS,,A36,Refunded
e3ac562f-6324-4af5-9cbb-51d7408279f0,2025/08/28,Amazon,488.39,INR,FAILED,Transport,A18,Anomaly check
e3ac562f-6324-4af5-9cbb-51d7408279f0,2025/08/28,Amazon,488.39,INR,FAILED,Transport,A18,Anomaly check
,2025/04/22,Swiggy,3610.62,USD,success,Cash Withdrawal,A8,
b03b30ab-be95-43be-aad0-5aa121eaef2c,2025/11/29,Google,1955.12,INR,FAILED,Transport,A43,
be7ab572-44fb-4b59-ad2e-8db26373ac0b,06-05-2025,Swiggy,1561.41,INR,failed,Food,A17,Refunded
4024a52b-4a4c-4765-a043-eb4cb3982e59,2025/01/20,Zomato,729.9,USD,PENDING,,A10,Refunded
3784ca65-e941-481c-a1af-b56c31ddccde,12-07-2025,Zomato,$2581.36,usd,failed,Utilities,A31,
2867f624-58a7-4557-a119-c987f704370f,2025/07/21,Local Bakery,418.65,INR,FAILED,Shopping,A10,Duplicate?
c6d1a5c2-8dd3-4b2e-bd7f-0162c79c4e6a,2025/04/17,Netflix,3599.67,usd,SUCCESS,Food,A26,SUSPICIOUS
8f4143cb-1af8-4c28-a0a8-fea886a1a5dd,2025/01/25,Local Bakery,1364.2,INR,Pending,Other,A34,
47684c93-eb78-4a6a-8818-8162496b04e7,09-04-2025,Flipkart,4798.31,USD,FAILED,Utilities,A24,SUSPICIOUS
ced0b241-9162-4eb2-9549-e06418080af5,2025/10/31,Local Bakery,1710.93,INR,success,Other,A31,Refunded
14bd9288-712d-497e-87d6-5f12a30d9a24,08-02-2025,Ola,1516.76,INR,Pending,,A19,
09672375-c3f4-4c3d-8905-62f705a001a4,27-09-2025,Apple,4868.6,inr,PENDING,Food,A39,Refunded
2e468fbd-0bae-4469-a434-458163a5abc7,01-05-2025,Local Bakery,3348.34,INR,success,Transport,A27,Anomaly check
9ae3fad8-2699-40e0-9b3f-c11794130ac5,25-05-2025,Local Bakery,1004.82,INR,PENDING,Healthcare,A8,Duplicate?
fcd97a52-d9dc-4c10-8549-c349ddd8e5cd,2025/11/16,Zomato,3987.15,inr,SUCCESS,Healthcare,A41,Refunded
8544ab50-796e-4e6b-b8bb-a714d02bff9b,03-07-2025,Local Bakery,4941.3,inr,SUCCESS,Healthcare,A31,
73b2288b-e7a2-4547-8442-aead81e02d6e,01-10-2025,Flipkart,2193.41,usd,failed,Travel,A23,Duplicate?
7c5e18c0-1ec4-48d4-abf9-331ea9283e00,16-01-2025,Apple,692.06,INR,PENDING,Entertainment,A41,Refunded
d3408a52-31fa-4f0b-9993-fa6c84a87ed1,2025/10/16,Local Bakery,$938.67,inr,success,Travel,A3,
d70461f2-2c84-4431-a6a8-0a4045124756,27-11-2025,Spotify,2543.87,USD,success,Other,A7,SUSPICIOUS
5c0ef6b2-462b-4911-a0db-67a1ad8d1c15,2025/03/09,Shell Petrol,4151.41,INR,Pending,Other,A4,Duplicate?
,07-08-2025,Flipkart,694.96,INR,SUCCESS,Other,A48,Anomaly check
f15fe900-cdd1-4b60-a6c8-32e08bd33046,30-03-2025,Spotify,751.9,USD,FAILED,Healthcare,A1,SUSPICIOUS
3a430bc1-c96e-4526-845b-ece1e30a8778,28-12-2025,Zomato,4195.6,inr,PENDING,Other,A43,
fbeead3c-6ba9-4d1e-b62b-cfcc51f4a0ab,19-03-2025,Ola,1200.38,USD,SUCCESS,Other,A6,Anomaly check
7ae0efe5-01bd-4099-8880-7ec2cb2bcf6b,15-02-2025,Zomato,2945.72,INR,FAILED,Cash Withdrawal,A44,Refunded
f8ff7fe4-23c5-4a26-be24-f13f3f125e72,2025/11/18,Flipkart,$416.97,usd,success,Healthcare,A22,Anomaly check
bd8603d3-ee3c-43d3-94a4-414dd6975491,14-01-2025,Spotify,25631.5,inr,FAILED,Other,A15,SUSPICIOUS
e57e78f8-ca37-44a1-bac0-c4b18f13c711,26-07-2025,Apple,2235.04,usd,PENDING,Transport,A20,SUSPICIOUS
33a5f86d-e0b0-471b-9250-75bc3f427796,05-09-2025,Local Bakery,68.25,INR,PENDING,Other,A35,Refunded
966bbb99-6f1c-4cc5-85dc-f40797adccbb,10-01-2025,Apple,3927.36,INR,failed,Utilities,A28,
c5e0270d-30c6-41b4-b9dc-0670641090df,03-09-2025,Amazon,$4186.48,USD,failed,Utilities,A21,Duplicate?
95b72a64-30a0-447d-9c60-25fc2d10a809,2025/10/27,IRCTC,$3334.31,USD,FAILED,Transport,A28,Duplicate?
6c627c35-d770-432a-80fc-4b126ded4f78,2025/11/04,Google,3055.4,USD,failed,Travel,A34,Refunded
91e61588-fa6f-49ba-9af7-f61fe58b5f92,09-02-2025,Shell Petrol,2149.5,usd,failed,Shopping,A7,Duplicate?
0e7f74df-f1ce-453a-8ba9-86c87a425cd1,2025/12/24,Swiggy,1759.66,usd,SUCCESS,Healthcare,A26,SUSPICIOUS
ea0ccf26-aa7c-48b8-843f-f873d7cb1558,2025/03/21,IRCTC,121.26,INR,success,Travel,A11,SUSPICIOUS
4bf362ab-35c8-4a3d-9fd8-c3525fb6acc5,07-07-2025,Apple,1435.59,usd,failed,Travel,A5,SUSPICIOUS
427766ea-f455-43c8-b71c-186eb67540de,21-01-2025,IRCTC,4755.16,INR,FAILED,Travel,A40,Anomaly check
7ce68f42-1eba-42c8-b821-782237562727,11-05-2025,Google,986.27,usd,PENDING,Food,A16,Anomaly check
eaf3ba2b-8563-4477-be6d-0e6bc6ef7fe6,2025/01/03,IRCTC,$2819.21,inr,failed,Utilities,A4,Duplicate?
314c85eb-39f1-480a-b5a0-29f6bfaa8f35,02-03-2025,Apple,4375.06,USD,FAILED,Shopping,A46,Refunded
7fd9e3d8-51e1-47dc-a630-62492843a83b,21-05-2025,Amazon,355.81,usd,SUCCESS,Shopping,A37,
c3472e28-9cc8-418b-89e0-e35af045ae5a,29-07-2025,Apple,1330.86,usd,Pending,,A25,
01b06871-e4c0-41db-b4c5-34b6255de3eb,2025/06/07,Amazon,711.62,inr,FAILED,Healthcare,A13,Anomaly check
374dd403-3814-41dd-9bf4-5847398190a0,2025/07/14,Spotify,4336.33,USD,success,Cash Withdrawal,A16,
75480fde-cd99-4b08-9131-a5852fdf7782,2025/12/22,Netflix,$3943.45,inr,Pending,Travel,A11,Duplicate?
870dccab-8780-4fb7-93ee-75a58404f0a5,2025/04/08,Local Bakery,3829.57,USD,failed,Entertainment,A40,Refunded
3a8fa6d5-88ca-4a38-83c4-041484c578f1,2025/11/08,Amazon,3554.12,usd,success,Healthcare,A38,
3d0adc68-98e7-479e-8a0c-708ebcd8e3a5,2025/04/04,IRCTC,3368.04,USD,Pending,Other,A29,Refunded
90df1d77-36a2-49ee-bf60-2c594fd5020a,2025/04/21,Zomato,1689.06,USD,Pending,Healthcare,A5,Duplicate?
a7ac1eb0-184d-4442-a0a3-e0fcc1686a7c,2025/01/26,Netflix,4322.59,usd,Pending,,A26,Duplicate?
d118abf2-1947-4b1a-9d05-9e06dd19bd0a,2025/12/12,Ola,2882.94,inr,Pending,Transport,A10,
2547cf46-4bb1-444c-b672-c3b94e005e44,29-08-2025,Flipkart,28.29,usd,Pending,Travel,A48,Refunded
9de56de6-27f8-4652-9cd0-4f56a3bdee16,2025/04/21,Amazon,416.71,INR,PENDING,Travel,A11,SUSPICIOUS
937ace3d-4f26-4e41-acd9-cf1eb6451a30,04-12-2025,Uber India,3309.12,inr,failed,Travel,A36,Duplicate?
a74966ce-8e0d-4bcb-9a11-292bb5c001c3,20-12-2025,IRCTC,171.32,inr,PENDING,Shopping,A47,SUSPICIOUS
,2025/08/15,Zomato,372.51,USD,failed,Other,A23,Duplicate?
87c6830c-b792-4db9-a062-dc3d089cb94b,2025/12/05,Amazon,1770.55,usd,Pending,,A30,Duplicate?
d98640e2-cf97-406f-9f8a-957eea533ac6,2025/10/13,Amazon,3200.39,usd,PENDING,Transport,A17,Refunded
375b17e7-2652-44e1-b98f-5269e76cb5af,2025/01/30,Flipkart,1366.53,USD,success,Cash Withdrawal,A10,
623c4d32-792e-40aa-8792-8290cfc91918,01-01-2026,Zomato,2755.71,USD,success,Shopping,A29,Duplicate?
5103eafe-ca56-415e-9b3f-5c5852f7844f,12-09-2025,Google,$29989.54,INR,PENDING,Food,A5,Refunded
72a508f3-02c7-42d8-8656-bf9197ecd56e,23-05-2025,Ola,1393.65,USD,SUCCESS,Cash Withdrawal,A46,Refunded
1e753686-2d00-4691-a2f9-bee17c2c015f,25-12-2025,Flipkart,2485.57,USD,Pending,,A42,Duplicate?
e85161b2-c144-4f0c-a374-adf0b6d3e143,2025/10/02,Netflix,$1606.65,inr,SUCCESS,,A15,Refunded
feb6d479-dbb5-4dfb-918b-7ed73c726fb4,2025/05/12,Zomato,4438.62,INR,PENDING,,A27,Refunded
3c4af576-913a-4131-92e1-c50633554591,25-09-2025,Local Bakery,173.44,usd,PENDING,Cash Withdrawal,A9,Duplicate?
58c64031-3098-4955-85b7-c8ff5620a753,2025/11/29,Google,1752.76,usd,FAILED,Healthcare,A19,Duplicate?
425071b2-d06e-4212-8a0a-3ae56dc135c0,04-12-2025,Netflix,3242.47,USD,SUCCESS,Transport,A23,SUSPICIOUS
70d2ec86-bd3c-400a-a866-87aa9855171a,2025/04/16,Zomato,583.14,INR,SUCCESS,,A42,Anomaly check
060d832f-4511-4387-a74a-6ff5ffab24cf,2025/10/02,Netflix,2667.13,usd,SUCCESS,Healthcare,A1,Duplicate?
5ba7d8a4-2676-415e-b267-a6dee8628da6,20-09-2025,Zomato,4315.59,INR,FAILED,Transport,A21,Anomaly check
017d624f-eb8d-47f2-aaab-c3925610893e,10-12-2025,Amazon,1874.12,inr,PENDING,Transport,A28,Duplicate?
1b8ef795-c126-42d1-bcd8-aa8af332cd4b,25-03-2025,Ola,3374.38,inr,FAILED,Healthcare,A28,
6a628130-86bb-4767-b3b6-ab6cd0f656f6,15-01-2025,Amazon,30581.71,USD,PENDING,,A13,
cdb75266-fedf-45df-a6f6-67a924ec48da,2025/07/23,Zomato,3450.71,inr,success,,A40,
4957bc72-4820-4e58-8668-6451458004f2,30-12-2025,Google,3064.65,inr,SUCCESS,Travel,A5,Duplicate?
4ca8a97d-cbc8-468d-95c3-12c57c5b55f2,20-09-2025,Flipkart,3656.69,INR,failed,Cash Withdrawal,A44,Duplicate?
4ca8a97d-cbc8-468d-95c3-12c57c5b55f2,20-09-2025,Flipkart,3656.69,INR,failed,Cash Withdrawal,A44,Duplicate?
d7528410-029d-4cf1-b122-938a7bff590e,2025/07/26,Spotify,$3257.81,INR,failed,Cash Withdrawal,A46,SUSPICIOUS
6feaa42a-eaf5-4f65-8db2-5d0621c869ef,2025/05/07,Shell Petrol,79.99,inr,Pending,Travel,A36,Refunded
62a28059-af9e-4b8b-8fd9-0be41748e0b2,2025/06/12,IRCTC,200.49,usd,FAILED,Entertainment,A28,Anomaly check
99c28075-3357-4932-9297-8556fbfa0a76,2025/11/02,Swiggy,2221.53,usd,SUCCESS,Travel,A44,Anomaly check
738f2f9e-2cc3-4fbc-9529-b1d9e108c1bb,18-11-2025,Local Bakery,2039.19,USD,Pending,Food,A19,SUSPICIOUS
b6e437c2-1af3-4f85-a795-1a5b36df8ed2,04-01-2025,Flipkart,3018.96,INR,failed,Shopping,A1,Duplicate?
fbac4107-addb-450f-bb9c-df4248c8a511,2025/03/22,Ola,3206.42,usd,FAILED,,A9,Refunded
c487e3b6-c768-42bb-bed2-3517c1b7f17b,2025/05/18,Zomato,$1994.09,usd,PENDING,Food,A21,Anomaly check
573b7cc8-4ff8-498b-bf6e-6a77bc02d162,2025/07/21,Google,3755.75,USD,success,,A11,Refunded
238859c3-4ccf-4eb2-bb8a-55e6d3ab0bcd,2025/09/20,Zomato,554.7,INR,FAILED,Cash Withdrawal,A21,
238859c3-4ccf-4eb2-bb8a-55e6d3ab0bcd,2025/09/20,Zomato,554.7,INR,FAILED,Cash Withdrawal,A21,
08091129-c17c-444e-a54f-9eac84f800ad,2025/12/01,Ola,2960.2,INR,FAILED,,A8,
54d43e65-18c3-4453-a2a3-2f1a996752c0,24-10-2025,Netflix,1123.38,usd,FAILED,Healthcare,A13,Refunded
d25717fb-8353-468a-bb3e-333e287bedd4,2025/07/13,IRCTC,2571.44,INR,SUCCESS,Healthcare,A24,
95d87d9f-103e-45f0-b9e6-9b4a6d4ceb95,2025/04/21,Flipkart,1589.75,USD,SUCCESS,Entertainment,A35,SUSPICIOUS
b3eabe9d-3486-497b-9851-927ed6fbc56a,21-12-2025,Netflix,3223.12,INR,PENDING,Utilities,A39,SUSPICIOUS
aee6cf87-2429-48a8-bc64-dccc5490f1c0,2025/05/20,Zomato,4891.89,usd,PENDING,Travel,A40,
,2025/04/18,Ola,1211.34,usd,success,Cash Withdrawal,A16,SUSPICIOUS
e80c9d59-6b37-4a63-9993-2206235fa785,16-01-2025,Apple,3718.23,INR,Pending,,A28,SUSPICIOUS
,2025/06/09,Spotify,$3676.1,USD,SUCCESS,Entertainment,A46,Duplicate?
c61d2433-56a3-4db1-b6c5-8bf81a2bd7b5,2025/06/16,Spotify,2422.63,inr,failed,,A13,SUSPICIOUS
cd72c1f6-f878-4af5-b26f-a4c4c0d268de,28-09-2025,Spotify,$3589.73,USD,success,Healthcare,A21,Refunded
5b628c57-6047-4914-8ef0-efd57128a659,15-01-2025,Flipkart,$3630.22,INR,SUCCESS,Other,A37,Anomaly check
d065da3e-dd86-45bc-899e-4b15f606a85d,2025/12/01,Uber India,2237.95,USD,FAILED,Food,A10,Anomaly check
fef82347-db9a-413d-a2d1-59e323857da8,2025/11/06,Flipkart,3360.71,usd,failed,Food,A20,
cddbf635-6598-4af7-ae02-2a09e8554b05,2025/05/20,IRCTC,573.07,inr,Pending,,A6,Refunded
,2025/01/25,Netflix,3840.74,USD,failed,Shopping,A19,SUSPICIOUS
fd0a5d30-c0ae-4b76-8f7f-419b760154a7,11-05-2025,Uber India,$1583.47,USD,success,Food,A10,Duplicate?
0ad1cb46-a97b-42be-96a1-b3f023444e85,03-05-2025,Local Bakery,4878.88,usd,success,Transport,A50,Anomaly check
0ad1cb46-a97b-42be-96a1-b3f023444e85,03-05-2025,Local Bakery,4878.88,usd,success,Transport,A50,Anomaly check
99906ce4-7643-49e2-839c-ee2114ad88c1,27-11-2025,Google,1358.42,inr,Pending,Food,A1,Anomaly check
33bc893a-7eb3-4fd6-bc7d-dd7204aedd8d,25-08-2025,Amazon,1345.05,inr,SUCCESS,,A35,
d0e20c64-6df1-4242-b464-d6040aaa0d07,2025/11/29,Shell Petrol,$4820.3,usd,SUCCESS,Other,A14,Anomaly check
b751a9c5-fe34-426d-930b-ca6f80782843,20-09-2025,Shell Petrol,1307.23,INR,failed,Cash Withdrawal,A3,Anomaly check
c90f73de-ba3d-47c1-8ee4-eb393fc8760e,10-08-2025,Ola,$4448.33,inr,PENDING,Transport,A42,SUSPICIOUS
0f34f6a6-888c-43ee-b692-77f7c55c18f8,2025/04/12,Google,3636.09,USD,PENDING,Travel,A25,SUSPICIOUS
f28f2545-ca79-4426-8b36-dd6803232d95,19-05-2025,Amazon,4390.05,usd,Pending,Travel,A17,SUSPICIOUS
80ad28f0-8472-4f36-b02a-038833fb30fb,19-07-2025,Google,$3252.96,inr,failed,,A37,
d5c91b30-de22-4123-9e6a-c063e1ce9b2f,16-02-2025,Flipkart,2032.89,usd,SUCCESS,Food,A19,Refunded
d1b3e302-a8b2-4803-b2c2-8ddce3f7ad70,16-04-2025,Local Bakery,2588.53,inr,SUCCESS,Other,A41,
f2428e27-4f3a-4b1c-95de-1f43d4be9bb9,2025/11/20,Spotify,42.85,usd,success,Entertainment,A49,Anomaly check
,24-09-2025,Swiggy,2665.71,USD,failed,Transport,A5,Duplicate?
8f0498f5-b565-41eb-9a94-56981645a999,03-08-2025,Amazon,3790.42,INR,failed,Transport,A7,SUSPICIOUS
181b486e-2502-43b7-9b1b-fbd5a1b7a181,2025/06/15,Ola,$1267.0,INR,failed,,A32,Refunded
d5f3fc76-7798-428d-b1d2-8647882f8a4a,2025/07/18,Amazon,2267.03,inr,SUCCESS,Other,A12,Refunded
b32a3d0c-08dc-4e74-8a0f-314044a28818,21-03-2025,Zomato,4840.32,usd,SUCCESS,Entertainment,A2,Duplicate?
25bed442-047e-452f-b0ad-22360593af6b,2025/05/17,Swiggy,577.34,usd,Pending,Travel,A28,SUSPICIOUS
560c0957-3a9c-410d-96e3-4cdd471ad12a,12-03-2025,Swiggy,3683.39,usd,Pending,Cash Withdrawal,A23,
c687bbb0-7834-4844-b3c0-44cc48c0e4d9,08-12-2025,Google,3653.93,usd,failed,Food,A18,SUSPICIOUS
808fe354-2d69-4a67-be0b-491e86e6a165,2025/05/17,IRCTC,3829.26,usd,Pending,Food,A11,Refunded
37d486ca-5c2b-4bd4-acf6-85176a192c05,2025/01/16,Apple,613.01,USD,success,,A44,Duplicate?
686d897a-2d42-498e-883e-c848f9a16216,2025/01/30,Netflix,1338.25,USD,SUCCESS,Other,A24,Refunded
00c16e90-5bbf-40ca-a1b4-24cae889bc16,2025/04/09,Shell Petrol,$3285.87,inr,FAILED,Healthcare,A13,Anomaly check
ba0d4ff9-4332-4b97-ac7b-5828afeb77e5,30-10-2025,Flipkart,$2173.41,usd,SUCCESS,Utilities,A42,Duplicate?
65cbf39c-7755-478a-aa7a-d01e22b67dd8,2025/01/14,Zomato,789.31,usd,SUCCESS,Cash Withdrawal,A5,
b19af637-82df-4863-8a9f-aef6a78ed849,14-09-2025,Uber India,3635.21,USD,PENDING,Cash Withdrawal,A41,Duplicate?
9d43302b-f9de-426f-8eeb-0c1a4e68040e,2025/02/28,Ola,3687.46,inr,failed,Cash Withdrawal,A45,Duplicate?
6472f339-beb8-4a8c-8f5a-531d7e342b6a,2025/11/21,Amazon,1276.99,inr,SUCCESS,Transport,A21,SUSPICIOUS
d66f8022-76ab-41a8-8ebc-6e470e6ea9eb,03-10-2025,Apple,$2946.58,usd,failed,Utilities,A6,Duplicate?
73874fd1-e316-4508-b134-0429803f6d46,2025/08/21,Local Bakery,705.49,INR,SUCCESS,Entertainment,A14,Refunded
36582d6b-3911-422c-9ab4-a583048d75c7,07-10-2025,Zomato,2560.88,USD,failed,,A8,
605a8b28-f203-4aa7-9400-f81b44e0464e,2025/01/20,Google,4843.93,USD,FAILED,Cash Withdrawal,A1,SUSPICIOUS
0ab997d6-24e3-4ad5-a1df-633d5309dea9,08-07-2025,Flipkart,$2228.43,usd,PENDING,Shopping,A32,
dc5c2e01-79ca-4bf0-89c2-0d06cee9db6d,30-06-2025,Flipkart,2384.01,inr,failed,Transport,A49,SUSPICIOUS
f4fa603a-0350-4391-8778-1516ef68a0aa,27-11-2025,IRCTC,3988.38,usd,failed,Transport,A9,Duplicate?
ccf1b0bf-b2e4-4225-9979-7b5a1a620b48,15-07-2025,Ola,3249.15,usd,failed,Food,A32,Duplicate?
ab6c04c5-e906-4009-a494-829b2dd7dfa8,2025/11/22,Spotify,$3766.86,INR,PENDING,Cash Withdrawal,A4,
,2025/01/16,Uber India,588.16,USD,success,Shopping,A19,Duplicate?
bec164e3-9af9-466e-844c-de722b732a7b,2025/03/29,Swiggy,3451.94,USD,failed,Other,A43,Anomaly check
bec164e3-9af9-466e-844c-de722b732a7b,2025/03/29,Swiggy,3451.94,USD,failed,Other,A43,Anomaly check
70401dd4-17fd-44bc-aeae-f321ceef7e69,08-12-2025,Spotify,2241.44,INR,PENDING,Food,A25,SUSPICIOUS
f5e1aa13-128d-4a5e-9da6-0440afeea596,2025/12/16,Apple,3035.5,inr,Pending,Utilities,A35,Refunded
ab5d6be6-bfa6-4bbd-9234-1e00c7b64080,2025/09/14,Flipkart,3112.1,inr,failed,Entertainment,A46,SUSPICIOUS
3010dde9-142a-4406-bda3-445cca7d7062,17-06-2025,Spotify,$1413.69,USD,PENDING,Cash Withdrawal,A7,
884afa23-08f0-43d1-bc38-d9fca2733fd5,2025/02/26,Uber India,3318.46,inr,FAILED,Transport,A34,Anomaly check
c86a8e75-63e6-489e-a52d-21be90d1b394,2025/02/26,Netflix,3087.53,usd,success,,A43,Duplicate?
afb5afd4-9763-452b-8b4d-24926155fb21,2025/11/13,Google,2174.06,USD,failed,,A3,Refunded
4bfbeca2-9d16-4247-a1a8-7d0bbc434e90,21-07-2025,IRCTC,1707.46,usd,FAILED,Shopping,A16,
1b88a083-36f9-483e-a565-f0c0d8e04d64,2025/05/01,Google,2271.01,usd,success,Travel,A9,
91dc4a87-9e06-459f-80c6-6172f3f09212,02-11-2025,Uber India,3781.93,USD,Pending,Food,A29,Refunded
d0858cd0-30d2-4152-b860-047feb384e10,2025/01/13,Flipkart,4310.24,inr,FAILED,Transport,A35,Duplicate?
a2bff705-7cfd-4802-a016-a97764c65d5d,2025/03/10,Shell Petrol,$7.1,INR,PENDING,Healthcare,A30,Refunded
5a413ce4-f476-4cdb-bc28-109237475549,30-12-2025,Google,1397.52,inr,Pending,Transport,A34,Anomaly check
946290e1-dd8e-4e7f-8462-495900bbe9db,22-04-2025,Amazon,4412.45,INR,FAILED,Entertainment,A44,Anomaly check
4e0d0f01-f902-4050-864a-57f3bd80d064,2025/02/02,Local Bakery,2720.9,USD,Pending,Entertainment,A21,Duplicate?
3fbd6551-5fef-4cf5-ba2b-47abc6842926,12-06-2025,Shell Petrol,1106.44,usd,failed,Cash Withdrawal,A33,Anomaly check
bf6ad553-790e-4b47-a3f2-0fa27da21aa5,25-06-2025,Apple,2485.58,INR,FAILED,,A3,Anomaly check
70f6fc60-6690-4fbc-9a68-7ba3e154a077,2025/06/11,Zomato,3996.43,usd,PENDING,Other,A14,Duplicate?
4d222960-0627-42f1-b753-855c9591eec1,29-12-2025,Spotify,1015.1,usd,Pending,Utilities,A40,SUSPICIOUS
acf09920-d98b-43df-a92e-3f5deb489e3d,22-08-2025,Google,3326.44,INR,SUCCESS,Food,A29,SUSPICIOUS
27c7d6df-d2d2-44c7-b42d-b9effd156065,2025/04/17,Netflix,2147.95,usd,SUCCESS,Food,A15,SUSPICIOUS
9910a85b-743e-4f37-a62d-52110983fe8a,01-05-2025,Uber India,$1652.87,usd,SUCCESS,,A10,Anomaly check
7aff830f-3012-4dcb-aba4-fda093e64da3,2025/03/02,Ola,606.94,INR,success,,A16,
b268f93b-d774-40ff-bf91-6bf42d55e314,2025/01/24,Google,1692.66,usd,SUCCESS,Other,A46,SUSPICIOUS
,24-05-2025,Zomato,505.65,USD,FAILED,Food,A23,
30b48506-de44-4725-b5d5-240619140624,2025/12/02,Spotify,$4045.79,usd,failed,Shopping,A42,SUSPICIOUS
b80ec0cb-a62c-445f-9ea3-a11b943b0de9,28-03-2025,Amazon,3020.23,inr,SUCCESS,Utilities,A4,Refunded
e365406a-bccd-4835-8f0f-198e563d1ea1,2025/09/01,Shell Petrol,506.64,USD,failed,Shopping,A45,Duplicate?
af65d3fb-8c26-40ae-9aa7-fc8f2ba3650b,2025/01/07,Spotify,2061.57,INR,FAILED,Cash Withdrawal,A36,
1113abb7-0293-4ace-ac8b-5ca0869aa4eb,2025/10/16,Shell Petrol,1490.42,USD,success,,A6,SUSPICIOUS
4ef186ef-df0c-496d-a6b8-0c3c21cff646,27-02-2025,Swiggy,4307.2,USD,SUCCESS,,A18,Duplicate?
e1f75d0d-1e0f-49e8-8e49-7032a0fdb1eb,2025/12/01,Zomato,1220.75,usd,FAILED,Transport,A14,SUSPICIOUS
cd759db5-19c4-4e0f-9b8b-16520f38f7e1,2025/05/21,Swiggy,2078.45,usd,Pending,Healthcare,A40,Anomaly check
b13d35b1-d4a7-4027-aae6-f61b6ac4ad19,13-06-2025,Ola,1167.61,USD,failed,Transport,A45,Duplicate?
,2025/12/08,Amazon,1637.98,usd,failed,,A5,
,2025/12/08,Amazon,1637.98,usd,failed,,A5,
070c496c-d30d-45e7-8bb9-406ae5656813,25-06-2025,Apple,2570.41,inr,success,Food,A4,Anomaly check
1d32834c-2559-4599-be67-7a7acded3556,2025/11/04,Google,3875.53,inr,FAILED,,A12,Anomaly check
1d32834c-2559-4599-be67-7a7acded3556,2025/11/04,Google,3875.53,inr,FAILED,,A12,Anomaly check
5248b5b2-256c-4382-9c94-6539366e2ee5,2025/09/01,Amazon,1449.27,usd,FAILED,,A12,Anomaly check
2f690ba8-c1b0-4e22-b158-5a3c7b3bee1e,2025/06/24,Flipkart,2651.21,USD,success,Entertainment,A43,Duplicate?
d8fd448c-3696-4639-beab-556c1850e3e1,02-05-2025,Netflix,1547.26,USD,SUCCESS,Shopping,A38,SUSPICIOUS
ad7098e8-fd9c-4795-8936-5e6279effc25,16-03-2025,Flipkart,587.28,USD,SUCCESS,Healthcare,A8,SUSPICIOUS
3b498041-31a9-488e-88fd-ae033268d0d4,09-05-2025,Apple,2445.0,usd,SUCCESS,Transport,A44,
22ce0de1-413a-414d-8973-8a78ec745c6e,23-01-2025,Spotify,357.81,INR,PENDING,Utilities,A48,Anomaly check
c596039c-4c6b-4172-b521-3ab2b88f78ca,2025/06/29,Uber India,3138.73,INR,success,Cash Withdrawal,A39,Duplicate?
2d0f2911-444c-4c13-8f9e-d4f0b5612c3d,2025/06/08,Swiggy,4149.7,usd,success,Cash Withdrawal,A2,Refunded
e27ee590-1b6b-4674-b09d-d08e9a81b945,29-03-2025,Zomato,3169.13,INR,PENDING,Travel,A37,Duplicate?
7339978b-d886-4ce7-836a-1a90bac46c04,23-01-2025,Swiggy,$1297.45,inr,failed,Other,A41,SUSPICIOUS
7339978b-d886-4ce7-836a-1a90bac46c04,23-01-2025,Swiggy,$1297.45,inr,failed,Other,A41,SUSPICIOUS
444229ce-1930-4fca-bf26-21c7256318f1,2025/03/03,Amazon,2276.69,USD,FAILED,Transport,A27,
ab8c256f-c409-41ed-86b5-1457eff39757,04-03-2025,Shell Petrol,4533.0,inr,FAILED,Transport,A46,SUSPICIOUS
c9e1fec8-eb5e-4a04-b6b0-4263744d546c,20-05-2025,Shell Petrol,3762.51,usd,failed,Cash Withdrawal,A19,Duplicate?
1968eca8-25cd-44cb-acef-edbb604420b5,14-07-2025,Zomato,3918.8,USD,success,Healthcare,A44,SUSPICIOUS
3812fb81-2450-439b-886a-221de03b1411,2025/07/16,Spotify,146.83,inr,success,Utilities,A7,Refunded
d64099d1-b556-4c73-ab6c-5b83f848933d,2025/12/31,Google,852.29,usd,success,Food,A39,
9ebecfb2-559b-4cee-b8b2-be3898417be0,22-09-2025,Google,$2274.16,INR,failed,Shopping,A47,
f360c9fc-176c-41cd-a226-1fe01acd931f,2025/01/28,Netflix,$3694.13,usd,success,Food,A12,Refunded
65c7cad2-6341-4178-ae56-7f84d53fd482,03-09-2025,Flipkart,1621.77,INR,FAILED,Utilities,A24,Refunded
434aa67d-ba21-4416-b82f-e4143e90682c,12-06-2025,Ola,3309.29,inr,success,Entertainment,A32,Refunded
17a46323-c595-4bb0-898b-8189a27ee4c3,08-02-2025,Uber India,2106.91,INR,success,Cash Withdrawal,A30,Refunded
b136a585-5fbb-42ab-8471-c4241d24fad4,06-02-2025,Swiggy,4419.13,usd,FAILED,Entertainment,A7,SUSPICIOUS
25e3d2e2-d3fb-4ff8-8fe0-6b03e3281f02,2025/09/04,Amazon,4766.56,USD,failed,Food,A24,
3a4fed9b-736d-49c6-ae9a-ff25a2015247,2025/05/29,Swiggy,$576.78,USD,success,Travel,A40,SUSPICIOUS
407c9fc8-beb5-4515-9694-94adcb17ee24,2025/09/02,Local Bakery,1966.63,inr,Pending,Entertainment,A2,SUSPICIOUS
3eb345ef-a58e-4280-ae99-b9ba2800ed7a,2025/10/17,Zomato,513.19,inr,FAILED,Other,A47,Anomaly check
1269a730-7f6d-4a77-b604-77e9e6bff7e2,17-10-2025,Amazon,1721.07,INR,SUCCESS,,A38,SUSPICIOUS
a91aa261-8fb5-4ad7-905b-0d5cbfce0eaa,23-12-2025,Flipkart,2611.48,inr,failed,Utilities,A4,SUSPICIOUS
09f5b8aa-74c1-4d3b-b5bd-3732b4a691cd,2025/01/14,Spotify,$514.51,INR,success,Transport,A7,
a230c95b-c33e-4d58-929a-e81ea715203c,2025/06/29,Uber India,2556.84,USD,failed,Utilities,A1,Duplicate?
f28eabdd-358f-4629-a8ae-54630268ce1c,24-08-2025,Local Bakery,1738.93,INR,PENDING,Food,A13,Refunded
cd5bf656-389e-4972-b614-3fb08fedbbb3,2025/01/31,Swiggy,2772.24,USD,PENDING,Travel,A31,Anomaly check
485440f4-5634-4730-a7c7-0279d8dda86c,10-09-2025,Local Bakery,2755.41,inr,SUCCESS,Food,A13,Refunded
56d2beb8-8926-4812-82ee-3d9aa90e94fe,02-06-2025,Google,4846.63,USD,FAILED,Entertainment,A36,Duplicate?
3cb21092-e9bc-4a4c-938c-83658ce9f046,2025/05/30,Google,$4221.92,USD,PENDING,,A46,
9d1d3f96-91a4-4171-b503-e6ec3fb3cf11,2025/02/09,Shell Petrol,1084.96,USD,SUCCESS,,A27,Anomaly check
1c93bb91-b1f6-47ff-9b27-8870644b820f,23-12-2025,Spotify,2950.67,USD,SUCCESS,Entertainment,A6,Duplicate?
e2b57659-158b-4cc4-bd6d-d4b4a4b3242f,2025/08/31,Spotify,1906.71,inr,FAILED,Healthcare,A49,Anomaly check
08260e8c-d2f2-4954-962c-0b41e3bf23dc,10-08-2025,Amazon,519.34,USD,SUCCESS,Utilities,A15,SUSPICIOUS
83ddf071-7cc0-4533-ae1a-1236c08d94c6,2025/04/27,Local Bakery,1823.43,usd,success,Utilities,A18,Refunded
c707738f-9805-4bf1-8dbe-501b3f023141,15-02-2025,Local Bakery,1557.28,USD,PENDING,Travel,A16,SUSPICIOUS
89d1ab97-2382-4136-bebb-ae970ec35130,12-10-2025,Amazon,4733.97,usd,SUCCESS,,A44,SUSPICIOUS
1f2e420b-742b-4821-aaf9-29d5c4e432a7,22-07-2025,Google,1648.06,inr,FAILED,,A45,Duplicate?
f3686693-f5df-48e9-b789-c3e3c67ea3d1,21-05-2025,Flipkart,1687.83,INR,Pending,Travel,A12,SUSPICIOUS
,2025/04/18,Uber India,$2063.22,USD,PENDING,Healthcare,A15,Anomaly check
b23db2a3-6afb-4522-a980-573ee57ea5a4,2025/08/20,IRCTC,$4444.68,USD,failed,Travel,A36,Duplicate?
8622e63a-dda9-4a44-93e9-18e84e07e818,2025/12/10,Amazon,1652.91,usd,Pending,Other,A37,
7a50585f-da9f-4815-9807-6e4d401b390d,2025/12/18,Uber India,3609.48,inr,success,,A25,
320bfa9e-43a7-48db-93b6-ff5097c733d8,22-08-2025,Ola,1828.82,USD,failed,Food,A2,Refunded
b25de903-cec3-457d-9110-c123f9727764,2025/03/14,Local Bakery,$3313.2,inr,failed,Transport,A4,Refunded
48921a8a-811f-43c6-aec7-efa225b96b28,2025/06/20,Ola,2671.31,INR,Pending,Food,A49,SUSPICIOUS
753244a2-99b9-4b2e-b442-b8100e1cc9a2,2025/02/15,Uber India,$3847.81,usd,SUCCESS,Food,A48,Refunded
0a1a2246-5b61-4563-b1e6-97f303e1d131,19-05-2025,Flipkart,$4553.25,USD,FAILED,Shopping,A46,
dc44df9f-01a4-4e34-a314-c40f5cc88133,2025/10/05,Uber India,$4458.2,INR,SUCCESS,Utilities,A36,Duplicate?
,19-08-2025,Flipkart,1256.4,inr,Pending,Healthcare,A38,Anomaly check
b90a6e62-b1f6-4809-a07e-9b396db6a677,25-10-2025,Google,4130.82,USD,PENDING,Healthcare,A21,Duplicate?
912b725e-c0b9-4f1c-8068-a991ddf41b9e,29-08-2025,Zomato,656.27,USD,SUCCESS,Transport,A20,SUSPICIOUS
17a3e1ef-e7fe-4ede-b992-04a0524b0041,2025/01/20,Netflix,$1979.22,inr,success,,A35,Duplicate?
03a613a4-2a30-4f92-80bb-a4a29ae80ff7,22-01-2025,Swiggy,4494.19,INR,SUCCESS,Healthcare,A40,
9994781a-5b6c-4133-9911-fd9a02433aa7,2025/01/16,Flipkart,2367.1,INR,PENDING,Cash Withdrawal,A49,
26b098bb-5d6a-46c8-b614-1dd22a3a7d68,2025/03/06,Google,$3291.03,usd,success,Food,A37,Duplicate?
4bf1d0a5-698f-4598-8e26-0eb1fd0ee616,2025/08/30,Amazon,2198.75,inr,success,Other,A45,Duplicate?
c2f40b97-ae1a-4dc5-9794-f8a4520e58e5,2025/02/15,Netflix,987.21,usd,failed,Healthcare,A36,Duplicate?
3a99d913-8611-4907-8dc5-2e733023cfa4,2025/04/19,Zomato,1125.26,USD,SUCCESS,Food,A9,Anomaly check
529968ba-0e4f-43dc-8824-306590658d3f,2025/07/25,Ola,4527.61,USD,Pending,Utilities,A50,
c531e0e4-e015-4a7f-8f43-a06884c148ce,12-11-2025,Zomato,1805.67,INR,PENDING,Travel,A16,Anomaly check
270abac9-2e0b-428a-9ae5-17ea4f62020d,31-12-2025,Spotify,$4329.2,usd,PENDING,Entertainment,A28,
ef9f726c-5b26-464c-ae6d-48d694f28233,04-06-2025,Apple,2917.14,INR,FAILED,Entertainment,A7,SUSPICIOUS
5c856560-c4f7-46da-b988-b4f6ab0f6d1a,2025/03/05,Swiggy,3395.75,usd,PENDING,,A33,SUSPICIOUS
1450a089-f0be-4a45-a0a6-d14f074174c2,03-01-2025,Apple,650.03,INR,failed,Healthcare,A31,Refunded
ed27cb35-8378-498b-b3ac-5dd7697168b3,29-12-2025,Zomato,$3733.08,USD,PENDING,,A25,Refunded
9a112486-6b73-4cfe-8d69-0b34679ef8af,2025/02/02,Uber India,3639.34,INR,success,Healthcare,A44,
5b0674ab-3443-4224-ab70-66f7e2fd1741,2025/06/06,IRCTC,1640.96,usd,FAILED,Utilities,A41,Refunded
e3b7a6ac-dba9-4a22-8823-dafebcba908b,2025/08/02,Zomato,215.71,usd,failed,Cash Withdrawal,A45,Refunded
f81c519f-f656-4910-bb7d-0854333962b9,08-06-2025,Flipkart,35813.15,INR,FAILED,Transport,A22,SUSPICIOUS
b5b94676-93bc-4455-83fe-9cf6a5a6775a,2025/08/23,Amazon,3959.75,USD,SUCCESS,Cash Withdrawal,A5,
01139732-3120-41ca-8d0c-e244be8590c8,16-12-2025,Flipkart,3100.91,INR,success,Transport,A9,
,19-07-2025,Google,2216.08,INR,success,Shopping,A40,Refunded
,2025/04/04,Local Bakery,$2993.97,inr,PENDING,Entertainment,A1,Duplicate?
637cc056-db6f-45cc-b59f-dfdc4ebd23f4,2025/01/23,Flipkart,442.17,USD,success,Entertainment,A17,SUSPICIOUS
cb746fd6-7353-4e2f-a034-c29bf65b4198,18-01-2025,Google,4975.15,USD,success,Food,A48,SUSPICIOUS
2a39a35b-90b7-47e7-bad2-cccfe7ec53c2,2025/10/29,Zomato,3240.24,USD,SUCCESS,Utilities,A7,SUSPICIOUS
8dc0ecf6-9de1-4e13-9c57-ba1a45ba0597,11-05-2025,Local Bakery,964.49,USD,Pending,Travel,A26,Refunded
e48740b8-0fda-41cd-bb56-c341a2be5625,2025/06/23,Amazon,2099.15,INR,PENDING,Cash Withdrawal,A46,Refunded
e7a68c44-01e0-45a9-bde5-96558b220c99,16-06-2025,Apple,3490.84,usd,FAILED,Transport,A31,Refunded
5bdd74f6-b0e5-499f-9b0f-4f7219d0a686,16-09-2025,Amazon,1063.57,USD,SUCCESS,Other,A23,Refunded
7129808e-11c2-4f06-befb-599ffa29d7bc,2025/01/01,Flipkart,1885.1,INR,FAILED,Shopping,A45,Refunded
1a88d343-a59a-42de-9f50-c1f3bae3d4c2,02-10-2025,Google,$833.59,INR,Pending,Other,A41,Duplicate?
337c1730-b787-4d14-95e6-7a18e7cfa077,07-07-2025,Google,1841.42,USD,PENDING,,A7,
a8a5d9d5-8787-40ae-a33c-c75c7cafbca1,07-08-2025,Flipkart,906.44,usd,FAILED,Cash Withdrawal,A28,
f6a62100-5fe9-48e3-a3f3-8c3ab34fa1e3,2025/12/27,Local Bakery,$4569.52,INR,failed,Healthcare,A23,
bdd8b2d3-1516-49a2-8201-e5fed7f71da6,19-07-2025,Netflix,4970.86,inr,Pending,Shopping,A38,Refunded
3ab15580-5eab-4684-872c-04fc9d769559,2025/04/24,Amazon,3510.83,INR,success,Food,A27,Duplicate?
6f5894db-e151-4775-9de3-ac94bd2e9c9e,2025/07/16,Zomato,3937.33,usd,Pending,Utilities,A21,Refunded
682b09dd-3208-47ad-bcf5-3efbb6cb48b5,2025/05/02,Local Bakery,2970.83,INR,Pending,Cash Withdrawal,A43,SUSPICIOUS
5fc2633f-3ecd-4772-90f4-77e6df09ad6b,2025/11/19,Uber India,3629.11,inr,failed,Travel,A32,Duplicate?
67807e8a-2200-48fa-b8d7-ce98cff263b3,2025/11/01,Amazon,696.2,USD,PENDING,,A48,Duplicate?
0a3cf5ca-550a-40f3-b0ec-b9b0f80f4d8d,2025/04/10,Flipkart,3023.55,USD,success,Food,A39,
7482c7ce-5b54-454a-a1fb-9eb3b55f4a69,2025/06/01,Swiggy,$3415.61,USD,failed,Entertainment,A42,Anomaly check
31bf4401-d167-4117-93d6-515f695835d1,2025/03/01,Uber India,869.93,INR,success,Healthcare,A3,Duplicate?
3e216d72-eed8-46f7-a751-0cdb9202ae74,20-08-2025,Swiggy,2773.51,USD,FAILED,Entertainment,A40,SUSPICIOUS
ec7913dd-1349-43dd-ba6c-d3f13d2ac727,07-03-2025,Amazon,4782.16,usd,Pending,Cash Withdrawal,A47,Duplicate?
f6e0d15e-32b4-4abf-845c-9f890ea5acad,2025/09/05,Zomato,1331.48,USD,success,Travel,A42,Duplicate?
e1e5411e-ff78-4fe9-bfe8-49c7b2ba26ac,31-03-2025,Ola,4485.24,INR,PENDING,Food,A42,Refunded
69ded393-66a9-466f-b230-5c750d60e40b,11-06-2025,IRCTC,1592.58,USD,Pending,Other,A31,Anomaly check
9832b0e7-ebd4-4428-8b01-c97659f8e869,2025/11/21,Zomato,$182.37,USD,success,Shopping,A4,Anomaly check
c9bba386-37c7-4b4a-86f4-9fa2813678e6,14-01-2025,Ola,4071.91,USD,failed,,A36,SUSPICIOUS
85d4e91f-92b3-4325-9b6d-10ce05caf0d3,2025/03/20,IRCTC,3609.86,USD,FAILED,Entertainment,A23,Duplicate?
6bf59eb9-8fb4-44ec-8fe6-c67c1c0bc58f,04-03-2025,Shell Petrol,2163.35,usd,SUCCESS,Utilities,A10,Refunded
e06be7b3-315c-4ba3-99b3-80433bfa48db,15-11-2025,Ola,2851.11,USD,FAILED,Healthcare,A33,
2d06ee21-bcc5-41f7-bed3-e7bac98134ea,2025/12/17,Shell Petrol,2785.4,inr,Pending,Healthcare,A17,Anomaly check
,08-09-2025,Apple,2214.83,usd,PENDING,,A19,Anomaly check
9c36f71f-ccd9-409a-80de-ba11825d24cf,25-05-2025,Spotify,$3176.67,usd,SUCCESS,Other,A31,
c79f516c-8f14-478a-9485-7ab4b837ac49,2025/10/16,Shell Petrol,730.46,USD,success,Shopping,A26,
f2318845-2e22-45a5-9b38-22719a0537e6,2025/04/01,Local Bakery,4149.65,inr,Pending,,A44,
9f5212b2-afa6-45b3-9b2c-2d5238ff50fc,2025/07/21,Google,$772.19,INR,failed,Cash Withdrawal,A8,Anomaly check
ef650392-d668-4d67-841a-cdc844bea5a8,2025/04/20,Shell Petrol,2072.14,INR,failed,Other,A7,Duplicate?
6b9421d1-39d0-44b8-81f6-dd7194a4e5f8,2025/11/03,Google,3919.48,usd,failed,Food,A40,
695360c3-0cf0-4a78-9764-64b4e6c2094b,21-12-2025,Spotify,438.54,USD,Pending,Utilities,A4,Refunded
36dfbc62-588a-4dcf-995c-2e83c135474e,15-05-2025,Ola,1183.91,inr,PENDING,Shopping,A12,
8a090439-a670-4aee-bc17-c711b3f89d7d,2025/07/28,Local Bakery,4816.22,USD,PENDING,Healthcare,A41,SUSPICIOUS
1d167ed3-540a-4fc5-9e41-b17d062f4b17,2025/12/08,Amazon,3916.93,inr,FAILED,Cash Withdrawal,A16,Refunded
ada9b071-e812-4232-b9fb-dadb3fa9a2e0,29-01-2025,Netflix,$1750.4,usd,Pending,Shopping,A48,Refunded
bb904055-b6e9-4058-9ef1-ac402599b5fe,10-12-2025,Swiggy,174.12,USD,PENDING,Healthcare,A35,
5df44c93-611d-4d64-9426-c56ae3eb1688,2025/05/21,Spotify,4423.12,usd,FAILED,Food,A39,Duplicate?
484f48a0-3ef7-4f2a-b5e0-c9eda21bd66b,2025/08/02,Google,2213.04,USD,Pending,Shopping,A15,SUSPICIOUS
2b38b5e4-e87b-4346-8192-a08f605b70f4,2025/04/09,Flipkart,864.49,INR,SUCCESS,Travel,A34,SUSPICIOUS
046dd5b6-4389-4bf8-a603-a3f540587c40,2025/07/19,Flipkart,2701.32,USD,success,Shopping,A31,Refunded
d19e14e8-80cb-4070-b3b8-d766271e2aed,30-10-2025,Ola,1085.0,inr,failed,Transport,A25,Duplicate?
fb8913b9-f969-4aa2-89cf-c10dc7b4d6fc,08-10-2025,Local Bakery,913.7,USD,PENDING,,A31,Anomaly check
fabbafb1-4496-4ba0-af2d-34db4f6c63f3,2025/02/01,Spotify,466.64,usd,Pending,Shopping,A1,Anomaly check
,23-01-2025,Google,676.26,INR,PENDING,Entertainment,A25,Anomaly check
aa6b67ab-5a0c-408e-b628-787c360dd658,2025/05/03,Ola,723.78,usd,success,Food,A26,Anomaly check
36da5323-3c2e-4d0e-96f1-67023ff05aed,2025/09/22,Flipkart,4153.74,USD,Pending,,A21,SUSPICIOUS
92d7d8af-6397-41db-9187-0df38c356782,22-09-2025,Apple,1707.74,USD,failed,,A10,Duplicate?
c834ad24-d2c8-41c1-9312-560517459840,15-06-2025,Apple,2396.16,usd,FAILED,Food,A18,Duplicate?
2ad3bfbc-fe65-4cc4-a614-0c322a7a2a06,2025/12/24,Spotify,1982.65,inr,success,Entertainment,A36,Anomaly check
6dfbc103-c1ac-4460-93ec-40640a01e96f,2025/02/06,Local Bakery,$2997.26,INR,failed,Other,A26,SUSPICIOUS
68ce7046-b3b0-4819-b050-e9c3e6d4f5c0,2025/01/14,Netflix,4540.65,INR,failed,Cash Withdrawal,A3,SUSPICIOUS
c49f874b-5aa9-4c00-a795-b268a17510a5,2025/02/19,Ola,782.06,inr,FAILED,,A17,SUSPICIOUS
0689de7a-67d5-4f97-97c7-f5926f55e480,2025/11/09,Amazon,1387.69,INR,success,Travel,A7,Duplicate?
b900c1ba-041b-4f30-8e71-ee7baac9c479,2025/05/12,Zomato,1604.98,INR,failed,Utilities,A25,SUSPICIOUS
dfe30a6d-af40-4880-a45b-3cec45fb4a40,10-04-2025,Amazon,2323.85,INR,FAILED,,A39,Anomaly check
44668b74-2558-48c3-9de8-60fb0e4e51ff,2025/06/29,Uber India,509.96,INR,SUCCESS,Entertainment,A23,
20c8b3a3-aa1d-4e4c-8e93-97187a5fdd6d,28-06-2025,IRCTC,47265.03,USD,success,,A35,SUSPICIOUS
0bdaa676-b3bd-45fa-88bf-c28f42d20136,06-02-2025,IRCTC,164.21,inr,failed,,A25,
e0e6373e-cbea-403e-825e-f00e108dd315,10-10-2025,Flipkart,$4104.85,USD,failed,Healthcare,A25,Anomaly check
8e3a8f62-f009-43bb-8d9c-22db36eb07a4,07-01-2025,Flipkart,212.35,INR,FAILED,,A20,Duplicate?
f525bb52-31b7-4058-975d-4ebfc01d18e2,2025/03/30,Local Bakery,3592.1,inr,PENDING,Cash Withdrawal,A3,
da4af662-bab1-4c10-91c8-671740405529,31-07-2025,Flipkart,3380.27,inr,PENDING,Transport,A45,Refunded
c8c873e2-7eca-4875-80be-3c9d9cd6d6c7,30-07-2025,Google,4714.68,usd,Pending,,A8,Anomaly check
77d9840a-9176-419f-ad16-152b53f5afab,2025/07/23,Netflix,3974.52,INR,PENDING,Utilities,A40,Anomaly check
ee339f01-a129-4b3e-a713-c082a78dd1e6,10-02-2025,Local Bakery,4445.47,inr,failed,,A29,Anomaly check
c341bb8d-3c34-4d3e-9497-0f19310b3a6a,2025/09/25,Netflix,4736.73,USD,success,,A7,SUSPICIOUS
7a8fe406-4f55-4bbc-9e96-43120c74070e,22-02-2025,Uber India,158.17,USD,SUCCESS,Food,A5,Anomaly check
4d69c366-8804-4893-ab8d-336e8620f0b6,22-12-2025,Local Bakery,3058.97,INR,SUCCESS,Utilities,A5,
54b657a6-55b8-484d-9532-bf8580aa8c18,03-05-2025,Netflix,307.03,INR,SUCCESS,Entertainment,A23,Duplicate?
46571cce-787c-445e-a9b7-06fd2bf4196e,14-02-2025,Amazon,3946.37,inr,FAILED,Utilities,A47,Duplicate?
65f4144e-3478-4cc2-ae26-82e3d0b91f67,2025/03/31,Amazon,4853.97,USD,PENDING,Shopping,A24,Refunded
7b210fcd-9943-425c-b47e-429a7c8d68f7,2025/05/07,Ola,4663.54,USD,Pending,Travel,A22,Anomaly check
bb881e25-0812-475d-baaa-19eeed19cbff,2025/11/04,Local Bakery,3080.03,USD,FAILED,,A30,Anomaly check
280e8e16-5c5d-4069-954f-25e97a990ce4,2025/06/23,Netflix,2851.09,usd,failed,,A8,Anomaly check
45f029ed-ed39-4598-accc-8ed380ac1e1b,21-05-2025,Amazon,2616.63,inr,PENDING,Transport,A46,Refunded
,19-09-2025,Netflix,1327.18,inr,PENDING,Shopping,A24,Duplicate?
2397df70-745a-4e2d-ad56-35511f336f58,2025/06/13,Ola,3326.2,inr,success,Transport,A32,Anomaly check
d24d320a-5fc2-44de-ac58-abbaec3e3789,25-11-2025,Shell Petrol,1560.6,INR,SUCCESS,,A47,SUSPICIOUS
0ba601d5-8f68-49b7-a47e-04e4974f418c,2025/01/26,Zomato,1152.67,INR,FAILED,Utilities,A31,Duplicate?
d2770f29-361e-4957-943e-b038c3dd5f1d,16-07-2025,Amazon,743.56,inr,success,,A45,
3f778b43-bdf9-4065-9e06-2b227e3c056c,10-01-2025,Swiggy,3289.19,usd,success,Entertainment,A47,SUSPICIOUS
f230b063-05ae-4953-83c4-b497b1678260,06-08-2025,Spotify,4886.12,usd,success,Cash Withdrawal,A1,Refunded
b5883b71-c496-4dc1-8324-af8f2a1eefa3,28-04-2025,Netflix,4881.0,usd,FAILED,Entertainment,A26,Duplicate?
a7093c5e-d092-4d40-9d44-26270689be22,12-04-2025,Shell Petrol,3415.56,inr,failed,Food,A22,
0a7da269-fa9c-4324-a7fc-5f59540b6ecb,2025/06/15,Apple,4474.64,usd,Pending,Transport,A1,Refunded
3b80a268-c6e5-4da9-8209-a2f145d5d995,08-01-2025,Flipkart,3102.77,INR,PENDING,,A37,SUSPICIOUS
f73d3b08-a0cf-4fe9-9489-e2ef495e923c,2025/09/16,Uber India,$1366.23,USD,PENDING,Food,A8,SUSPICIOUS
b6ef624f-aea4-464f-b6a4-78ecb7477840,2025/09/01,Google,3398.82,usd,PENDING,Food,A23,Anomaly check
ff398f30-7619-4c3c-a8c3-d9759d9e9f50,30-10-2025,Ola,2524.95,inr,success,Other,A4,Anomaly check
b5a6ec06-8f56-403f-830b-66fe64177a22,2025/07/12,Apple,$4581.26,inr,Pending,Utilities,A12,
386d3083-99a7-4fa2-9894-c1a9337fc606,2025/10/17,Spotify,4002.32,usd,Pending,Shopping,A6,Duplicate?
22415e80-a513-45a6-98fc-5f7438826a2c,26-09-2025,Spotify,1145.84,inr,success,Food,A32,SUSPICIOUS
1f0bcd8a-f842-4937-9352-a34dbb2fee04,2025/08/13,Google,$580.22,USD,failed,Food,A12,
a08ec650-3deb-4974-88a0-e26961d67565,2025/11/27,Amazon,551.13,INR,SUCCESS,Healthcare,A25,Anomaly check
2385b93c-b12c-42d2-8069-c3555023587b,2025/07/07,Flipkart,1688.38,inr,success,Travel,A13,Anomaly check
d3cd7ec7-4eaf-45a0-9bc7-2496c0540422,07-08-2025,Shell Petrol,1190.88,USD,SUCCESS,Healthcare,A33,Anomaly check
77cb6afa-abcc-4c8a-9ee4-c1eb79844a4b,17-07-2025,Apple,738.35,INR,Pending,,A43,
551ed02d-37e8-4230-9fb6-151acb666db4,21-01-2025,Swiggy,671.3,INR,failed,Shopping,A15,Duplicate?
b81e0840-045a-4943-b852-57ba0c27d442,01-12-2025,Swiggy,4354.53,USD,Pending,Travel,A37,
f53429d9-d978-44b7-95f2-c698eb178f5d,23-06-2025,Zomato,2579.02,inr,Pending,Transport,A35,
f53429d9-d978-44b7-95f2-c698eb178f5d,23-06-2025,Zomato,2579.02,inr,Pending,Transport,A35,
c47c997d-d67b-4c19-ac5b-de2776ac6cc6,2025/03/08,Netflix,2285.42,inr,success,,A31,SUSPICIOUS
b546008d-899c-4103-b27d-2e2df9be322a,2025/06/04,Shell Petrol,4646.9,usd,Pending,Healthcare,A40,SUSPICIOUS
d7d756a3-89a5-40ad-b18a-99ff9c6fc977,2025/09/27,Netflix,2958.11,INR,Pending,Transport,A2,
8f3e1702-1e15-4fb4-9522-fde3092a68f2,26-07-2025,Spotify,1674.61,INR,FAILED,Other,A7,Anomaly check
6cd8b68b-3f54-4315-91bf-ec54e0d17403,28-11-2025,Swiggy,$3485.14,USD,failed,Shopping,A27,Refunded
967e656f-1ba6-4058-b239-836f709ae9ee,25-08-2025,Flipkart,1766.98,USD,Pending,Healthcare,A44,
32bf8a6f-d774-4110-a4c8-4e1266e20bae,2025/01/07,Netflix,4479.37,inr,SUCCESS,Shopping,A9,Refunded
177f3005-6162-48f4-b05b-fbb96a7a3564,2025/03/09,Uber India,4522.45,inr,Pending,Healthcare,A12,Duplicate?
3a2c9c03-33ee-4972-82d9-285ad890033b,2025/01/07,Ola,3284.87,usd,FAILED,Entertainment,A46,Refunded
aac24917-905a-467d-9c1e-dcfbc7f7646f,04-01-2025,Shell Petrol,3211.14,INR,failed,Healthcare,A50,Duplicate?
df56f1b7-525a-4fe9-8f6e-4e6a7a450327,08-09-2025,Google,2862.65,USD,Pending,Entertainment,A21,Anomaly check
1da0ac09-909e-4c68-ad7d-21ef7d824b8e,24-03-2025,Google,4680.97,inr,FAILED,Transport,A16,
,19-04-2025,Amazon,1609.91,INR,success,Food,A39,Refunded
d49a90de-b6b2-4c5c-b0ef-4e513205741f,2025/07/22,IRCTC,3462.4,USD,SUCCESS,Other,A20,Anomaly check
b8a9a814-7a0e-4c40-850f-337508774363,25-12-2025,Apple,$720.05,inr,success,Shopping,A34,SUSPICIOUS
aa79fcad-ba13-498d-bef1-89001ed204b9,16-03-2025,Apple,885.13,INR,PENDING,Other,A22,Anomaly check
2f3e5723-6563-4fd9-8e61-52db49ebf5d4,2025/11/26,Swiggy,$4317.81,INR,FAILED,Shopping,A21,Duplicate?
,22-06-2025,Local Bakery,4397.15,usd,success,,A31,Duplicate?
47e10fdf-5986-48f5-b014-bfa83ebd146e,2025/06/16,Netflix,$1864.73,USD,FAILED,Entertainment,A9,Refunded
187f2718-3634-4e68-9c75-1b6e951d9624,2025/03/04,Spotify,1038.94,usd,PENDING,Travel,A6,SUSPICIOUS
7ebfff1e-5b2d-42d4-8697-fa132c334552,2025/12/11,Uber India,585.63,USD,failed,Food,A20,Duplicate?
b15e8aad-b49e-4b02-aee2-433c0a1f3d61,11-04-2025,IRCTC,400.17,inr,success,Healthcare,A20,Refunded
ac1018cc-7d1c-43f2-94ac-921b66710af6,2025/11/03,Spotify,2189.36,INR,success,Cash Withdrawal,A11,Refunded
2de9b5a9-b51f-4aa1-8646-09a62d9b4592,2025/02/25,Zomato,4419.26,INR,failed,Entertainment,A22,Duplicate?
4d9a9b64-f12a-4352-93f8-7681d376bfbd,2025/11/25,Swiggy,3970.69,USD,SUCCESS,Travel,A5,
5a9e3234-9b78-4294-8ba9-117b7c82445f,2025/08/06,Amazon,2765.68,usd,SUCCESS,Utilities,A40,Refunded
,27-05-2025,Netflix,1278.92,USD,failed,,A23,SUSPICIOUS
3b59de9e-af2b-4abd-86d6-abb548e84d31,2025/12/15,Shell Petrol,3746.21,USD,failed,Transport,A16,Anomaly check
bd58aae8-e61a-422e-847c-98cda1b6473a,26-04-2025,Flipkart,$3619.19,inr,PENDING,Other,A23,Anomaly check
14cb0745-de93-4fa3-bf5e-b1b865806bdb,2025/01/04,Zomato,1258.46,usd,failed,Entertainment,A28,
8ba6cd1f-1583-4664-8fe8-a274e20cd983,2025/12/09,IRCTC,3261.06,USD,PENDING,Cash Withdrawal,A31,
3f069a08-0cda-404c-8eb0-584aa784029f,22-08-2025,Ola,1195.86,INR,failed,,A23,Duplicate?
eca1fedd-3579-45ad-b702-5324fb39e8bb,06-08-2025,Google,$411.23,inr,FAILED,Other,A48,Anomaly check
5e912d89-3841-46ea-aa52-5d5a31df9aa8,09-09-2025,Google,$1975.95,INR,failed,Shopping,A3,Refunded
f0c062bf-88ab-4acf-b03e-7d7b87e2a017,2025/10/30,Netflix,1312.58,inr,PENDING,Entertainment,A18,Duplicate?
bb37d444-6bd2-433e-871c-c6336824dd8f,2025/10/15,IRCTC,$179.58,usd,Pending,Cash Withdrawal,A40,Refunded
228ec4e1-7ddf-48c2-a171-4296b96c3aa9,2025/12/07,Netflix,3604.18,USD,FAILED,Healthcare,A13,
83dd477b-cf4c-4a29-acc8-64addee8415e,30-10-2025,Apple,1951.69,USD,failed,Other,A46,SUSPICIOUS
54959529-2ac5-4de3-862b-8109462ec5c6,2025/11/02,Zomato,2465.6,USD,failed,Food,A37,Anomaly check
906e4719-cf1d-4ec8-8606-1e3a13253b02,2025/02/14,Swiggy,4735.02,inr,FAILED,Food,A15,Duplicate?
1c33e6d9-c93b-4bd4-b957-bc693dcd0305,06-03-2025,Amazon,1635.7,inr,success,Healthcare,A36,Duplicate?
30eba5dd-33eb-4b12-a3d4-0ae2a5697c31,2025/04/17,Shell Petrol,4839.67,INR,success,Other,A18,SUSPICIOUS
8601edd6-9272-408d-9756-08d19665712a,2025/10/09,Local Bakery,775.12,INR,SUCCESS,,A29,Refunded
ccd99a4e-fe9c-411d-b38f-c3d11cf8f532,2025/11/22,Apple,$3799.28,INR,failed,Travel,A12,SUSPICIOUS
430953e0-fa3c-41d5-b386-6c6f541ed3fb,2025/05/04,Amazon,4136.02,usd,failed,Travel,A35,Refunded
96674c36-bc41-42c8-8e72-685f6dacf08f,2025/07/02,Netflix,4664.62,usd,PENDING,Shopping,A22,Refunded
e2ff5b7d-467d-40fc-a9dc-df209b5c1b86,2025/04/15,Spotify,975.9,inr,success,Food,A29,Duplicate?
cc097490-9546-4b64-a114-263e72ab2380,2025/03/04,Flipkart,4757.67,inr,PENDING,Food,A6,Anomaly check
8a602124-4a81-4a16-a16b-5fe605996fc8,2025/03/08,Uber India,1725.31,inr,FAILED,,A7,Duplicate?
114557e2-1ac2-488d-ab25-100b3473055c,2025/08/07,IRCTC,$1434.79,USD,SUCCESS,Entertainment,A45,
6830a470-714f-4b2c-bd48-83fcb1d6cdd1,09-05-2025,Ola,$1438.69,inr,FAILED,,A16,SUSPICIOUS
199b7436-f281-433d-9b66-e61a52620f2b,2025/05/29,Zomato,963.71,USD,FAILED,,A2,SUSPICIOUS
7219d398-0718-4621-828e-b82496dab2aa,2025/07/29,Netflix,$4341.19,USD,success,Entertainment,A12,
01bb19ea-06e0-426f-a17d-9d3e93b15ebb,09-03-2025,Uber India,436.99,inr,PENDING,Transport,A17,Anomaly check
00b35402-0472-4955-8b7b-cfd07857b545,2025/01/05,Swiggy,4472.39,USD,PENDING,Transport,A13,
e9aa585c-6afd-4148-88cc-f019b88cf456,2025/04/24,Apple,3569.67,usd,SUCCESS,Entertainment,A28,Refunded
73a1f7c9-2de5-4c87-9c69-c0853a8e942f,16-08-2025,IRCTC,$561.54,usd,SUCCESS,Transport,A35,Anomaly check
8286ce1e-2264-430e-82e7-9839b2dcfc8d,2025/07/04,Amazon,2860.72,inr,failed,,A37,Duplicate?
dc0dc756-9931-4578-bc0a-706e12dcf5f7,2025/11/22,Uber India,3584.41,usd,success,Travel,A13,Duplicate?
c37d5a55-ded0-4c7c-b00b-5672af5adad6,30-01-2025,Local Bakery,491.48,USD,success,Other,A25,Anomaly check
fe9c8c10-feb2-47f4-8f1e-d962bf00e80e,20-05-2025,Apple,2177.84,usd,FAILED,Entertainment,A3,Anomaly check
2f7799df-0d90-4138-91bb-823b2c46bc20,10-07-2025,Spotify,1185.25,usd,SUCCESS,Utilities,A43,Anomaly check
9410c7bc-2a76-4bd2-bcf3-19ee50149f1a,31-08-2025,Ola,2044.14,USD,FAILED,Other,A18,Anomaly check
e096de56-ee7c-4bf3-ab15-0ea6f5472ad6,2025/03/15,Shell Petrol,$804.45,inr,FAILED,Other,A25,Refunded
ff2d4b12-26d5-423d-a79a-7cf85a9fe4ff,12-06-2025,Netflix,40205.95,inr,SUCCESS,Food,A10,Duplicate?
abd2fb22-2ec5-443e-9489-6ff76173650c,25-05-2025,Swiggy,$4193.68,inr,SUCCESS,Other,A44,Refunded
86f11b01-62b5-4c32-b827-8ecf24e14080,2025/04/10,Flipkart,$2068.26,inr,Pending,Utilities,A41,
0c7e835b-91a5-4556-8134-f100345075bd,2025/12/25,Spotify,4345.16,USD,SUCCESS,Entertainment,A34,SUSPICIOUS
72b39350-b80c-440f-8474-9bbae87cb48c,25-12-2025,Swiggy,$2982.98,inr,failed,Other,A19,SUSPICIOUS
5f71c5c2-2faa-4b17-9b6c-d3d832ca3fae,01-06-2025,Amazon,4451.83,USD,failed,Other,A13,
ba47de99-e4df-4161-a75c-837bad7381a5,2025/06/10,Swiggy,3255.04,usd,failed,Cash Withdrawal,A13,Anomaly check
01f3edd1-e2f0-4ee2-85e6-3333d53f7fb0,07-12-2025,Swiggy,3024.29,usd,FAILED,Other,A28,SUSPICIOUS
c5da2bdb-e3f9-4393-870a-4ee033de877c,2025/05/16,Google,592.76,inr,FAILED,Travel,A9,Refunded
1d5ff0b1-805a-45b3-9500-f0ed026c0346,2025/07/19,Amazon,2159.13,inr,PENDING,Food,A32,Anomaly check
4bbb781c-7860-402a-b1e4-a6839cd412be,2025/10/24,Flipkart,3616.03,usd,SUCCESS,Transport,A41,
,07-08-2025,Apple,2951.9,usd,SUCCESS,Utilities,A4,Anomaly check
acfd1eb4-6bc3-4211-b1b1-f70690e63765,05-04-2025,Swiggy,2503.03,INR,Pending,Cash Withdrawal,A15,Refunded
,06-11-2025,Apple,4358.25,INR,PENDING,,A1,Duplicate?
c8d96606-7f3f-4871-ab43-6594615bb830,2025/09/27,Zomato,$3138.35,INR,FAILED,Food,A16,Refunded
2f0fd9ae-e64e-4372-bd8b-e56ad6edcfa0,16-06-2025,Amazon,204.67,usd,Pending,Entertainment,A47,
4ca7a121-0199-4eab-8e53-62ebd5dab375,14-02-2025,Spotify,404.29,inr,failed,,A40,SUSPICIOUS
d499a6d6-cbce-4ea3-9d45-7526dfa17f6f,18-05-2025,Google,3832.64,inr,PENDING,Transport,A42,
064070c6-c39a-47a8-b186-c5cb5f14496f,2025/07/26,Local Bakery,1952.72,USD,PENDING,Food,A20,Refunded
7dd3b501-b443-4c8a-8edd-2d5ce21c4037,04-04-2025,Google,798.59,inr,failed,,A19,Anomaly check
f44f09bc-7a5c-438d-9307-dea1355d0aac,2025/05/06,Shell Petrol,4577.01,usd,PENDING,Travel,A47,
42e26a96-fe37-4211-80f7-45e5b635e010,2025/05/08,Ola,3038.79,USD,PENDING,,A37,
,26-01-2025,Ola,2672.0,USD,Pending,Entertainment,A18,SUSPICIOUS
00096f2e-d96b-47a1-8c17-30f40b2bb112,2025/09/28,Shell Petrol,$1959.65,INR,SUCCESS,Transport,A9,Duplicate?
78f242cf-4ece-467b-93ff-dcca4d3c5487,25-10-2025,IRCTC,$1114.79,USD,FAILED,Transport,A15,SUSPICIOUS
31f7cfc2-d422-45a7-96e9-a5f4b18d7d2e,13-04-2025,Google,4873.83,USD,PENDING,Food,A37,
9d276f81-2e82-4074-a972-4e305dd268da,2025/12/14,Spotify,84.06,INR,Pending,,A12,Duplicate?
f37929f5-71fd-48be-b376-10590a37f798,2025/02/01,Swiggy,4399.59,INR,SUCCESS,Healthcare,A9,Duplicate?
8ab1c73a-26bf-4159-9b1b-76b1cb813172,27-11-2025,Zomato,1802.42,usd,Pending,Food,A34,Anomaly check
9eef2fc7-534a-444b-807b-600118a208df,10-06-2025,Zomato,4528.98,USD,PENDING,Cash Withdrawal,A4,Anomaly check
0751e3ac-a771-41af-b6e6-b1c7b8695ff0,2025/04/20,Netflix,3132.88,INR,SUCCESS,,A26,SUSPICIOUS
f8775edd-0bb1-455b-9d40-04a82fc3c191,06-01-2025,IRCTC,387.04,inr,Pending,,A30,Refunded
9861a64a-46c4-4d40-ab3b-72d0edf384ca,2025/06/10,Netflix,1664.91,INR,success,Travel,A17,SUSPICIOUS
117894e1-55c4-4319-8d56-b1b79fd8bb66,24-08-2025,Uber India,125.26,usd,Pending,Entertainment,A10,SUSPICIOUS
dcbbd610-44f7-417e-afb7-49977456d738,08-07-2025,Apple,$4138.53,usd,failed,Travel,A21,Refunded
db002cb2-861a-4613-b384-d14ecf26d6da,25-02-2025,IRCTC,2884.29,usd,FAILED,Travel,A20,Refunded
16e6c8dc-9e4a-49a4-9d84-e5c6ced7f937,10-01-2025,Flipkart,3088.97,INR,SUCCESS,,A33,Refunded
932d01ab-0ead-4756-b5cb-9c4b0f2cc207,2025/02/24,Zomato,4676.35,inr,PENDING,Cash Withdrawal,A1,SUSPICIOUS
932d01ab-0ead-4756-b5cb-9c4b0f2cc207,2025/02/24,Zomato,4676.35,inr,PENDING,Cash Withdrawal,A1,SUSPICIOUS
921031d3-ed0a-444f-98ad-604a6f2f1a96,2025/12/05,Spotify,1159.16,INR,Pending,Transport,A8,Duplicate?
a70863ae-7056-4160-9490-95460b89c339,2025/03/06,Local Bakery,375.49,usd,SUCCESS,,A5,Anomaly check
d372bd3d-7dbd-4041-8d41-7813cee72157,13-03-2025,Google,$2821.64,INR,FAILED,Travel,A10,Duplicate?
,14-12-2025,Zomato,4967.33,USD,SUCCESS,Utilities,A30,
da856fb6-2904-4132-98ac-abe9ff68f3b5,30-12-2025,Zomato,$4782.36,INR,SUCCESS,,A34,
8a0f8ab1-757b-40c9-a95e-334c55122d12,2025/02/18,Shell Petrol,1859.44,inr,success,Travel,A3,
10e13d8c-3242-4e93-af33-ca6940651768,2025/04/13,Zomato,4326.03,USD,SUCCESS,Other,A49,Duplicate?
5c80a20d-8eea-4ed9-9107-07f7cb6e6e44,2025/10/24,Amazon,1528.12,INR,Pending,Shopping,A4,
d9b656df-6f14-4691-9831-17382ddd9ff2,05-11-2025,IRCTC,2133.6,USD,success,Other,A21,Anomaly check
0acafa08-96cd-49f7-be97-9dff285b1029,2025/03/05,Uber India,$2050.01,USD,failed,Other,A31,SUSPICIOUS
2899e5c5-be72-40aa-abae-1417a60f20e4,07-07-2025,Shell Petrol,688.4,usd,SUCCESS,Food,A32,Refunded
74f244eb-1b74-40e5-a4c7-2eba43054b2e,19-05-2025,Spotify,4621.2,inr,SUCCESS,Utilities,A45,Refunded
fa8f3482-ac8a-4594-8b15-b339235becc2,30-10-2025,Swiggy,$2708.62,usd,failed,Other,A35,Anomaly check
fa8f3482-ac8a-4594-8b15-b339235becc2,30-10-2025,Swiggy,$2708.62,usd,failed,Other,A35,Anomaly check
795ced14-0cbf-4672-89ac-dbd640bf7fec,2025/06/26,Netflix,2079.65,INR,SUCCESS,Utilities,A8,Refunded
be7373ff-97ac-4e72-bf7b-2284c168c776,12-09-2025,Uber India,698.07,inr,Pending,,A41,Refunded
a3e4132f-f60f-4a3e-935f-4d3494464c52,03-10-2025,Amazon,$310.3,INR,PENDING,Shopping,A19,SUSPICIOUS
25222d9a-1d05-43fe-8093-ce25c00df34c,2025/04/13,Apple,112.18,inr,PENDING,,A8,
985c345f-575e-46b0-b317-961b9c3367f8,2025/12/07,Uber India,$2734.39,inr,PENDING,Shopping,A32,
2dbdd85c-e7ea-4936-ba3f-23c1b00ba93b,2025/05/07,Shell Petrol,2523.4,usd,FAILED,Food,A36,Duplicate?
72d553c1-d9da-4dbd-9e5e-03d5fa77c83d,2025/09/28,Amazon,3795.58,USD,Pending,,A24,Duplicate?
9da42285-35c1-496a-b324-8256633e139f,03-02-2025,Netflix,1210.64,USD,SUCCESS,Food,A22,Refunded
0e63f1ae-78e0-42f6-afc4-a56445c1583e,23-08-2025,Amazon,2719.52,USD,FAILED,Utilities,A21,
b228e019-c7f5-4596-b827-6b9f9948ecbc,2025/02/23,Swiggy,$4016.04,usd,FAILED,Utilities,A38,Refunded
b7883594-5009-4993-8fbd-7f2a645703df,09-07-2025,Google,1827.76,usd,failed,Other,A28,
bb3c7b95-02e1-46b3-a8c0-30ad08aae851,2025/06/07,Local Bakery,4084.16,INR,Pending,,A32,
7d9d5cd9-6151-4b0b-937a-b086aacc7e5d,2025/12/20,IRCTC,280.89,INR,FAILED,Shopping,A7,Refunded
651d5dd6-88fc-4c1e-b2d7-ef24696fea4f,2025/02/17,Flipkart,$1461.45,INR,success,Other,A20,
cd4234e6-fa9c-4955-8ada-1c4cb2f43429,05-08-2025,Flipkart,4591.15,inr,failed,,A27,SUSPICIOUS
2d76fb54-ffa0-4f59-bd78-ad04ae173d7f,24-12-2025,Uber India,862.06,usd,failed,Transport,A44,Anomaly check
338f7091-c83b-44e8-acb6-3409c4c33bfd,31-12-2025,Local Bakery,$776.35,INR,FAILED,Other,A23,Refunded
215e58a1-a7bf-4117-9aa6-680d54df599c,2025/01/08,Uber India,$470.29,usd,success,Healthcare,A25,SUSPICIOUS
40dac9d5-0c53-4fd7-bcf7-82f81d33c03c,2025/08/05,Zomato,2601.81,USD,failed,Transport,A50,
6fa88f38-b3fa-4328-8fd4-6640f26f4ba6,2025/04/20,IRCTC,1851.46,usd,FAILED,Transport,A21,Anomaly check
3cc80fb9-ff80-4c22-9015-115d9ca2e4d2,2025/02/12,Local Bakery,707.78,INR,FAILED,,A12,
4ab82690-ca3a-46d4-87df-63bc63249630,14-03-2025,Amazon,2844.1,usd,FAILED,Travel,A8,SUSPICIOUS
5f9caf3b-1392-4e4b-b7c8-e922e832b16e,22-03-2025,Amazon,930.29,USD,Pending,Transport,A11,
baf5819c-27f5-455d-aa5b-1bbc6bb06547,22-11-2025,Shell Petrol,4848.55,USD,SUCCESS,,A47,Refunded
7204d4da-3806-4c20-a497-a838fa5fb31e,2025/09/28,Shell Petrol,3016.5,inr,FAILED,Healthcare,A6,
7204d4da-3806-4c20-a497-a838fa5fb31e,2025/09/28,Shell Petrol,3016.5,inr,FAILED,Healthcare,A6,
6c103259-22d3-4752-87c1-75b784a32e95,2025/03/12,Uber India,310.65,usd,Pending,Travel,A23,SUSPICIOUS
ac06a02e-f15b-4303-9737-145ce9878707,2025/02/02,Shell Petrol,4033.58,usd,Pending,,A18,SUSPICIOUS
a9a71f4a-c7c7-44d9-9165-c7dc0615e035,2025/05/08,Netflix,2817.27,USD,PENDING,Travel,A15,Anomaly check
0bc34bff-bfe6-4602-b234-d7b7913af5bc,22-05-2025,Ola,4090.78,USD,Pending,,A22,SUSPICIOUS
7dd253fb-45b4-4b3c-91e6-72cbf82872ec,2025/06/04,IRCTC,871.81,inr,success,Cash Withdrawal,A25,Refunded
,2025/02/07,Netflix,4790.03,INR,PENDING,,A20,Duplicate?
8be8ec65-6601-4953-bf43-e42eacee710f,2025/12/10,Flipkart,834.02,INR,PENDING,Travel,A16,SUSPICIOUS
9fc356ab-df79-44e7-85bb-8beb5095c404,21-12-2025,Netflix,956.08,INR,FAILED,Healthcare,A23,Refunded
f3a9e577-7844-4f25-a3d3-2aeb2070d7c6,2025/09/09,Shell Petrol,2839.95,INR,SUCCESS,Food,A27,Duplicate?
e0b57846-89a6-4c84-86c0-b64316c8632c,18-09-2025,Swiggy,412.61,inr,PENDING,Food,A45,Refunded
5f386695-338c-4770-8ae4-0f608c0a4a67,2025/01/23,Spotify,4010.52,USD,Pending,,A27,Refunded
2d7a9a43-ce96-4c49-a92f-811d1701c493,21-08-2025,IRCTC,3189.5,USD,Pending,Transport,A46,SUSPICIOUS
360880f7-321d-49e4-8c0e-dcd227beb8c5,02-04-2025,Netflix,$1418.39,usd,FAILED,Travel,A26,Refunded
9622e9c7-36b0-4807-bf50-19f2c704ce40,08-11-2025,Swiggy,594.94,USD,PENDING,Healthcare,A13,Refunded
a35acdc1-b7a9-45f9-a005-ff15be05c770,24-08-2025,Uber India,3496.04,USD,failed,Food,A10,Duplicate?
1a0cceba-905f-4174-a949-eada38e1707a,2025/07/23,Flipkart,4910.1,usd,success,Utilities,A1,Anomaly check
4b777d58-6eb9-4d6a-ba04-20b243daf540,02-04-2025,Flipkart,2031.28,inr,PENDING,Shopping,A46,
45f3805c-4d9c-4f94-9378-229f1193ec6b,23-03-2025,Swiggy,4907.03,inr,success,,A1,Duplicate?
3fb8a337-d645-44db-85f4-0ea0ede803bf,2025/11/23,IRCTC,4837.48,inr,SUCCESS,,A24,Duplicate?
781c43cf-248e-40c8-8bf6-623c09063bec,2025/05/31,Swiggy,3890.24,inr,SUCCESS,Transport,A4,SUSPICIOUS
15e1a68f-c88f-4d85-b378-cc93767a5f0e,2025/10/15,Apple,447.03,INR,success,Food,A15,Refunded
272576ad-a193-4a0f-8e28-c1322d9d3310,03-09-2025,Google,2852.96,USD,failed,Utilities,A16,Duplicate?
696d841f-d36c-4803-9bd0-e1fc6cc75ef6,02-01-2025,Uber India,$1043.35,USD,Pending,Shopping,A43,
056dbc7d-3e21-4abf-81ea-a72c09a7208a,2025/06/21,Uber India,37.31,inr,Pending,Other,A15,Refunded
68cb7eaf-d02f-4e9b-b9e8-3db686d4ab33,29-01-2025,Shell Petrol,$1401.55,INR,FAILED,Utilities,A24,Refunded
12479613-1fb8-422d-ac0f-c73f758ebe42,07-08-2025,Zomato,2451.15,USD,failed,,A22,Anomaly check
,2025/06/01,Google,1202.39,usd,PENDING,Cash Withdrawal,A37,SUSPICIOUS
7c397f27-7d49-413f-8cd4-ce9fc6b45a1c,2025/03/11,Zomato,2262.01,USD,Pending,Cash Withdrawal,A25,
b77add89-3dcd-495a-8b2c-6c453021f65c,2025/07/03,Zomato,1845.88,usd,PENDING,Food,A18,Refunded
da0f1dd5-08a6-48e4-b806-ee17bdf2c141,23-11-2025,Local Bakery,3475.37,INR,failed,Other,A1,
11b3941a-5896-4bcb-b93e-6efb26af87c4,2025/05/31,Amazon,4692.81,inr,SUCCESS,Cash Withdrawal,A2,SUSPICIOUS
899f5c56-6899-49be-8c73-c78a112f7576,2025/02/14,Google,1836.73,INR,PENDING,Travel,A21,Refunded
dcc03a7e-c497-4877-9057-ff9364d56e86,2025/02/17,Amazon,$3424.03,INR,PENDING,Utilities,A32,SUSPICIOUS
38fe60b9-3960-4dfe-be88-bc439626060b,09-07-2025,Local Bakery,459.21,inr,FAILED,Utilities,A7,Refunded
90576b6a-31e3-43e4-a0dd-a06b72782c40,11-11-2025,Apple,3318.48,INR,failed,Entertainment,A39,SUSPICIOUS
a2b6d31c-1132-4c6d-9b74-d029bcf59827,2026/01/01,Google,$3316.81,USD,SUCCESS,Entertainment,A47,Duplicate?
8249cd87-7122-4128-824a-2899f564b34f,05-05-2025,Amazon,1278.28,USD,Pending,Healthcare,A2,Anomaly check
faaa9da9-6743-4b2c-9b6d-983eb868bfae,11-06-2025,Apple,2689.69,inr,SUCCESS,Travel,A27,Anomaly check
0512cbcb-1aba-438d-9f12-acad1b8319d8,18-12-2025,Local Bakery,1483.99,USD,success,,A7,Refunded
c5ae14ef-d4fa-458d-902a-8d6d242c2273,14-04-2025,Netflix,4106.86,inr,failed,,A36,Anomaly check
3883f7f7-34ab-4cf4-a577-f686fbe049b4,05-03-2025,Uber India,2998.3,inr,PENDING,Food,A47,Refunded
8d98718e-0921-407e-938d-085b697bde12,07-07-2025,Google,4237.03,usd,Pending,Shopping,A3,Anomaly check
0dcc1292-c8a3-4504-bc30-0c0fe1e075bb,12-03-2025,Uber India,$3361.74,USD,Pending,Travel,A27,
c54b75f7-c58a-430f-b3f9-76438380c3c4,2025/12/02,Amazon,$1906.43,INR,success,Food,A44,SUSPICIOUS
5e49a38c-5726-4c29-bf75-008e2740d76f,2025/01/11,Apple,1677.55,usd,Pending,Entertainment,A4,Refunded
5e49a38c-5726-4c29-bf75-008e2740d76f,2025/01/11,Apple,1677.55,usd,Pending,Entertainment,A4,Refunded
605e48e4-18c8-4bce-8bda-67751a7841dd,13-08-2025,Flipkart,153.56,INR,SUCCESS,Shopping,A7,Duplicate?
274c1785-9a87-4972-8a67-cda5984f1099,24-07-2025,Local Bakery,1813.65,usd,failed,Utilities,A34,Anomaly check
,2025/12/23,Shell Petrol,3030.43,USD,PENDING,,A5,
,24-07-2025,Local Bakery,367.39,inr,FAILED,Healthcare,A44,SUSPICIOUS
6ef7cf75-c8cb-4bdb-9234-188a3c820011,2025/05/27,Netflix,3526.78,inr,PENDING,Transport,A33,Anomaly check
1786366b-4ddc-4432-9bf0-72f3c5b3f9c4,23-06-2025,Swiggy,4318.38,usd,FAILED,Travel,A15,SUSPICIOUS
115cb4c0-0d97-4e09-93a8-14f707a12e86,16-11-2025,Spotify,3079.74,INR,FAILED,Travel,A7,
6a7a5cf6-beac-41e1-a47e-6591e4bb5125,05-06-2025,Google,4505.94,inr,SUCCESS,Travel,A11,Refunded
615a3be5-ce8f-4195-b20e-2262f27fe6b3,2025/11/10,Apple,1306.4,USD,success,Utilities,A32,
db70f94f-7431-4144-a66f-3e2ff7d01009,2025/04/21,Swiggy,2536.09,inr,SUCCESS,Entertainment,A25,
bdd64506-a876-45a9-8b91-f49c8f9b91b5,2025/09/06,IRCTC,3829.75,INR,FAILED,,A36,Duplicate?
acfd905c-5258-48bc-963f-300298a4f09f,2025/11/18,Netflix,4135.4,usd,PENDING,Food,A1,Duplicate?
5c2c90d1-3e59-4b27-b39b-e0d270139384,22-09-2025,Shell Petrol,3852.87,USD,failed,,A29,
a0685ff1-2ab7-41ea-9626-eeb98384a55d,15-11-2025,Ola,2698.79,inr,success,Travel,A2,Anomaly check
4dfc1350-812c-463d-aa6e-97214595b972,27-12-2025,Amazon,2401.41,USD,Pending,Transport,A23,Duplicate?
8fad66d8-376a-443d-ac09-ce1e05f54b30,2025/11/18,IRCTC,4023.84,inr,failed,Shopping,A16,Refunded
76aa71a8-3e4d-4ee3-b2b6-5cc26a78298f,14-10-2025,Swiggy,$1949.29,inr,SUCCESS,Travel,A16,SUSPICIOUS
4393944d-1f0e-4f6f-82b4-7f0186c841fd,2025/05/12,Local Bakery,494.03,INR,FAILED,Food,A25,Refunded
1a55b003-c15e-405b-8963-7cadee233397,2025/10/04,Swiggy,998.24,USD,Pending,,A17,SUSPICIOUS
47822f24-7111-4170-93cd-ccfda551e902,21-08-2025,Netflix,$1290.0,inr,failed,,A41,
4bf30a1d-66ce-4c44-8eb7-f3d943abd01c,17-07-2025,Ola,1774.25,INR,SUCCESS,Entertainment,A43,Refunded
,25-05-2025,Spotify,968.13,inr,Pending,Entertainment,A2,
f864230e-504a-46fe-bafe-58cde8ef9034,2026/01/01,Shell Petrol,1122.77,usd,success,Cash Withdrawal,A45,Refunded
4740742a-51bd-423c-bec1-e65c672c2554,17-06-2025,Swiggy,3102.82,usd,SUCCESS,Transport,A49,
14e325ed-750c-4e8f-80d5-5620b61b4d1e,06-12-2025,Shell Petrol,4166.49,usd,FAILED,Entertainment,A5,Duplicate?
6f3c7f26-65f4-448d-9067-ed8015237097,2025/07/11,Spotify,$463.77,USD,PENDING,Transport,A4,SUSPICIOUS
227b5cda-9ce7-4b57-9906-68e9793140ab,2025/09/25,Shell Petrol,4949.79,inr,success,Healthcare,A42,Duplicate?
d9746f5c-d86e-4ca4-a628-0459b55ccc88,07-11-2025,Flipkart,3522.27,USD,failed,Travel,A49,Refunded
fb230967-e6a0-4e25-bef2-f7c4077b50b6,18-08-2025,Ola,4041.23,inr,Pending,,A4,Refunded
ed0cfe00-7be6-45d8-af0e-2fbc6d4ad28f,2025/05/31,Amazon,$3005.91,usd,Pending,,A12,Duplicate?
651a9685-b6f6-46e8-9411-f5f0b74125fd,18-10-2025,Spotify,4327.25,INR,failed,Travel,A38,Duplicate?
dea724a7-556b-4755-9b8b-d5fed483b5be,04-10-2025,Local Bakery,3696.63,usd,SUCCESS,Food,A24,Duplicate?
9c70e5fa-6b0d-4250-b273-fd4e2ac46042,2025/08/09,Spotify,422.27,INR,Pending,Food,A37,SUSPICIOUS
e4ed6865-fd76-4abe-9203-5897e52360c2,2025/08/27,Google,784.43,USD,success,Utilities,A28,Duplicate?
ede505d9-5b86-4e32-bf94-8688598f1901,2025/11/13,Apple,4772.59,usd,success,Entertainment,A6,Refunded
4316efac-88b4-4dea-88fa-fca2f766305a,2025/10/14,Apple,2419.01,USD,SUCCESS,,A43,
351a2ba2-f395-4c45-80f6-681ce145b70a,2025/06/03,Google,4715.76,inr,FAILED,Utilities,A31,Duplicate?
dc28f13c-92b7-4a4c-990d-9246e09f76ab,2025/02/18,Shell Petrol,2748.39,INR,SUCCESS,Travel,A1,Refunded
80fed307-f0da-4015-96bb-6b24b1261123,2025/02/26,Spotify,3066.99,INR,success,Transport,A35,SUSPICIOUS
0f0f9497-ce5e-4ce5-93d0-406f4ee6bb61,30-01-2025,Uber India,2106.08,usd,Pending,Food,A18,Refunded
9f18ba14-767f-4e80-80f6-fe754e4534f9,2025/01/19,Uber India,$2772.63,usd,success,Entertainment,A11,SUSPICIOUS
29ba6d48-a149-46c0-b6c0-3360da0f400d,14-01-2025,Shell Petrol,947.9,USD,PENDING,Food,A9,
7da92b3a-48f2-488d-8b03-71467e337b76,11-04-2025,Swiggy,$3452.69,USD,PENDING,Shopping,A1,
,12-06-2025,Zomato,$2327.46,usd,SUCCESS,Food,A46,Refunded
c80748a8-7e0b-4a6d-b708-27fd89503ffc,2025/10/03,Swiggy,$4090.44,USD,SUCCESS,Utilities,A15,Refunded
c80748a8-7e0b-4a6d-b708-27fd89503ffc,2025/10/03,Swiggy,$4090.44,USD,SUCCESS,Utilities,A15,Refunded
ab316eb7-3e1b-465e-ae4c-7d5ca19fe516,26-08-2025,Swiggy,2614.72,inr,PENDING,Transport,A44,Refunded
aae7d961-7c40-4cda-b643-0a393f0f3544,14-06-2025,Shell Petrol,2358.28,inr,success,Transport,A34,
adbf39ba-45f6-498f-a3d7-404b5203d3b6,2025/06/19,Shell Petrol,1497.38,usd,success,Shopping,A44,
63625722-9196-4ac3-91e1-5c7e977f2263,2025/05/04,Spotify,$4554.31,INR,PENDING,Travel,A18,Refunded
d3e4e9b4-680d-46d2-978f-8a4e99117cad,2025/11/18,Shell Petrol,$2688.51,inr,FAILED,Travel,A29,Duplicate?
1c1abddd-1b2c-4c2c-b548-58540ccb5900,2025/12/26,Ola,93.75,USD,FAILED,Cash Withdrawal,A13,Refunded
44e4a904-c012-4e09-96ec-b06853c954b0,25-07-2025,Zomato,$754.93,INR,success,,A12,Anomaly check
861504a2-bc85-44b4-a159-d2bdd7f509be,02-04-2025,Google,1684.22,usd,FAILED,Food,A44,SUSPICIOUS
b43798b8-3b02-4023-8835-be2b09ac2a10,2025/04/24,Zomato,4082.46,inr,PENDING,,A1,
81da4f9a-0ef3-4b11-b6fc-563b62e372c8,2025/10/28,Spotify,620.55,INR,PENDING,Other,A22,Refunded
a3837c26-627a-4c51-aa76-bd377021d9e3,2025/01/06,Flipkart,$1229.61,INR,failed,Cash Withdrawal,A29,Refunded
,21-01-2025,Swiggy,1341.96,inr,Pending,Transport,A17,Refunded
2037febf-06db-4285-90a6-424de4a1ba3b,2025/01/03,Netflix,854.08,INR,FAILED,Travel,A13,
7e3fc198-6b00-4f56-a52a-f3021d975dda,14-06-2025,Netflix,1206.29,USD,Pending,Healthcare,A13,Anomaly check
a26ce538-c999-4185-8c4f-ccba5bf2d065,2025/10/01,Ola,1924.04,inr,FAILED,Travel,A16,
4b0ca41e-5f0b-47b5-9e4e-b7264835981b,2025/05/28,Uber India,215.43,inr,failed,Other,A46,
cb0f7797-24ba-41b6-9af9-b4617926b25c,24-07-2025,Uber India,3988.82,INR,PENDING,Food,A3,Duplicate?
aa4204df-e57b-4d3f-98ed-85bb3bdea3fe,2025/10/03,Uber India,6.05,INR,Pending,Other,A42,Refunded
,2025/01/24,Flipkart,$2368.71,usd,SUCCESS,Travel,A17,SUSPICIOUS
a78c8378-cabc-4b2a-b0fd-a562ff10fdbf,18-10-2025,Swiggy,1830.62,INR,FAILED,Food,A7,
34c17282-34ad-49d1-8fee-ed365496cfd1,08-08-2025,Swiggy,$2973.17,INR,Pending,Transport,A22,Duplicate?
35e102b4-291c-4eaf-bf14-df17d4a918ab,2025/08/22,Flipkart,4410.3,INR,success,,A50,
ea1945c3-2849-40ff-ac97-0ada04cb3012,21-05-2025,Apple,3278.69,inr,PENDING,Food,A38,
fc91022a-6254-4fd3-a58c-c95c3343d564,2025/02/23,Swiggy,4467.47,usd,failed,Transport,A27,Duplicate?
56ed9e82-8ebc-4fc0-a223-38d73e38c30b,2025/11/20,Swiggy,$600.72,USD,PENDING,Entertainment,A18,Refunded
a6335d1c-6e73-4d5f-9d86-7440c1254f5e,2025/04/12,Spotify,$4512.26,usd,FAILED,Transport,A8,Anomaly check
7ce3d5e8-4d2d-40cd-886f-ca56164f0e26,09-10-2025,Netflix,4963.78,INR,failed,,A31,SUSPICIOUS
7ce3d5e8-4d2d-40cd-886f-ca56164f0e26,09-10-2025,Netflix,4963.78,INR,failed,,A31,SUSPICIOUS
74289a41-2e56-4283-baa3-62938fa97a43,16-10-2025,IRCTC,4122.21,inr,PENDING,Entertainment,A42,
1d975b3f-1c3f-4ee4-94e0-6bb406112199,2025/10/12,Apple,37906.6,usd,SUCCESS,,A27,
3ede7a18-08b5-4e1d-b88c-c439eee4a3e8,25-10-2025,Netflix,1752.61,USD,FAILED,Utilities,A36,SUSPICIOUS
00a79b6a-408b-4dcf-8f78-2f578df90e96,05-03-2025,Zomato,1498.76,usd,PENDING,,A1,Duplicate?
32046c74-d404-4f51-a2ab-1ce095ee19e6,15-10-2025,IRCTC,1952.61,usd,Pending,Cash Withdrawal,A36,Anomaly check
54ac0c8c-05ca-4ec2-ba0c-19178b08e627,2025/03/27,Uber India,2540.47,inr,SUCCESS,,A49,Refunded
11b0f221-3f1f-4b1b-b424-eaaaa7bd1fc9,2025/06/05,Flipkart,2504.29,INR,FAILED,Food,A25,Refunded
ec0a6364-0d2c-4c02-b423-acd78d6bed4e,2025/03/07,Google,1883.47,usd,failed,Other,A23,Duplicate?
3424e8ad-641f-4cc6-8e74-c7dca0e7ed2c,17-05-2025,Local Bakery,3272.01,USD,failed,Other,A4,SUSPICIOUS
3e235249-cd81-4959-a88e-84e0b3ab7c91,2025/12/25,Local Bakery,3200.4,INR,SUCCESS,Healthcare,A10,Anomaly check
,2025/09/16,Local Bakery,4442.27,USD,FAILED,Cash Withdrawal,A29,Duplicate?
1b5f110c-f2eb-431a-a9f8-f60feb3fcb4d,2025/11/10,Flipkart,199.21,USD,PENDING,,A12,Duplicate?
ca52168e-4ec2-4d43-9ab3-6cd17fd31b59,01-07-2025,Apple,766.01,INR,failed,Cash Withdrawal,A2,SUSPICIOUS
a0bfab0c-62c2-40c5-83f8-3ae6eefb3e7b,22-11-2025,Amazon,2817.37,INR,FAILED,,A30,SUSPICIOUS
dc2a9bbe-1695-4d06-b4e0-fd7c6e9163e0,2025/02/23,Shell Petrol,409.17,usd,success,Cash Withdrawal,A40,SUSPICIOUS
ee0124ee-a581-43b7-bdc7-fa5647ce6cec,14-08-2025,IRCTC,4547.85,usd,PENDING,Other,A3,SUSPICIOUS
20e2ed91-04c5-4b95-9218-6399c1c0a65d,2025/01/25,Uber India,3862.34,inr,SUCCESS,Healthcare,A10,
bad8744a-f9c2-4ace-a355-1b639bb7917c,2025/01/19,Spotify,4156.01,INR,FAILED,Cash Withdrawal,A49,SUSPICIOUS
f6350d64-5611-4ac8-a45e-9ead58348d25,29-11-2025,Shell Petrol,1895.18,inr,PENDING,Utilities,A30,Refunded
cbf34067-1ceb-459c-8c08-6bce04a24472,01-06-2025,Local Bakery,4722.74,INR,SUCCESS,Healthcare,A13,Anomaly check
778f0506-56ea-4d5b-8785-07650a814244,07-06-2025,Zomato,4937.56,usd,SUCCESS,Transport,A22,Duplicate?
2f345536-fec2-4cdf-8d29-5e9c367d02ff,2025/07/24,Spotify,4733.87,usd,Pending,Other,A38,Duplicate?
969de2c6-f502-4b19-ba52-0a8253b0093c,2025/11/04,Google,69.99,usd,failed,Healthcare,A23,Duplicate?
4adee597-a525-4186-ba0c-f5a9280370bf,04-02-2025,Swiggy,$361.01,inr,Pending,Shopping,A37,Anomaly check
d4cc0302-0b5b-49e8-b569-2b1e2c7239e8,21-01-2025,Flipkart,1921.04,USD,success,Entertainment,A25,
327b775d-3e7f-4a55-934c-d3e623443a91,2025/05/03,Uber India,2808.52,usd,success,Food,A2,
0e258b9d-ff4b-4a17-9226-b5850530db86,2025/10/19,Zomato,1381.35,inr,failed,Food,A10,Duplicate?
0356b36e-bd43-44a0-8142-5b369216d337,2025/08/28,Local Bakery,2948.05,USD,FAILED,Travel,A27,
a93b20a8-2342-4d0f-97db-564592d17a5b,2025/02/14,Google,2859.09,USD,SUCCESS,Other,A16,Duplicate?
,19-05-2025,Flipkart,4285.99,INR,success,Transport,A39,
186be32c-46db-4dc0-85eb-d79f977b3793,2025/10/31,Zomato,4139.1,inr,SUCCESS,Transport,A5,
862119e2-0d45-4d5d-9481-87fa62c0e7d9,20-04-2025,Google,4887.81,inr,Pending,Utilities,A40,SUSPICIOUS
,2025/01/28,Apple,1460.36,usd,Pending,Travel,A47,SUSPICIOUS
78aaa9e2-b198-47c0-99ef-833cbc003783,12-11-2025,Shell Petrol,2724.13,inr,Pending,Shopping,A47,Refunded
92a211e3-8641-4267-97bb-1d124fdcfc2f,2025/10/09,IRCTC,3563.66,INR,FAILED,Cash Withdrawal,A16,SUSPICIOUS
72303258-c4a9-4f03-a72e-f324d38b312e,11-09-2025,Google,2364.31,INR,success,Other,A1,Duplicate?
8b9689b7-5e9e-421e-9409-b58c97d0d752,2025/09/29,Zomato,565.68,USD,FAILED,Transport,A15,Anomaly check
9141d5b7-ebd9-4489-b5b4-1d5a6ae941ce,11-02-2025,Uber India,2375.29,INR,FAILED,Travel,A35,
21492b86-0554-4982-913d-bee20fef540f,14-04-2025,Local Bakery,1536.54,inr,failed,Entertainment,A45,Refunded
,2025/06/15,Ola,1407.41,USD,failed,Other,A12,Anomaly check
ba9211eb-a7f2-4521-b578-aaaf4c9667f0,2025/11/13,Netflix,537.1,inr,PENDING,Healthcare,A19,Refunded
548c9e01-a76b-4cda-8a4b-2d0596c8d254,2025/05/04,Shell Petrol,4213.49,usd,success,Utilities,A3,Anomaly check
d9d09d33-4849-4803-9a75-2d8f1d406b62,28-01-2025,Shell Petrol,1876.81,INR,failed,Utilities,A4,
7dde6084-6cce-4d08-a75a-4814e3a0b689,2025/08/21,Google,2477.61,INR,FAILED,Cash Withdrawal,A32,Anomaly check
c56c3104-84ef-4be7-be6c-94030e55bdfc,14-06-2025,Google,208.29,USD,SUCCESS,,A2,SUSPICIOUS
08cbd26a-589b-4759-ad9e-43b4fb95f2dc,18-08-2025,Apple,3433.51,USD,SUCCESS,Healthcare,A34,SUSPICIOUS
b595d714-5009-4769-a37a-aaa57e8b7af6,2025/05/13,Local Bakery,4578.6,usd,Pending,Healthcare,A31,Duplicate?
03e4dfc7-f558-4301-8239-5bdffda26ac2,25-12-2025,Spotify,495.15,INR,success,Utilities,A15,
12908b0c-29e5-4ac7-9a11-3fe778e2911a,2025/12/29,Spotify,2471.21,usd,SUCCESS,Other,A32,Anomaly check
,12-07-2025,Shell Petrol,2918.8,usd,success,,A15,
1e30d37c-30d4-4960-bc4b-dbfb13a50b08,2025/08/12,Apple,3652.4,INR,FAILED,Transport,A34,Refunded
6a4f88da-ba87-47b6-8505-9a2f5fdf3471,12-03-2025,Netflix,3796.9,inr,FAILED,,A17,
748e2268-7ad9-45fc-807e-13a4f4423a00,08-07-2025,Local Bakery,1192.23,INR,PENDING,Entertainment,A20,Duplicate?
77841f74-3941-49f2-8ff0-9a3d60abbe45,2025/01/01,IRCTC,2427.23,USD,FAILED,Healthcare,A18,
2f0901b9-e2a1-4f85-a80f-02da3edeabab,23-04-2025,Spotify,2702.61,INR,Pending,Cash Withdrawal,A15,SUSPICIOUS
d8695d23-8882-4308-a5b4-4b9002c5013c,19-09-2025,Apple,883.67,inr,Pending,Utilities,A40,Anomaly check
6fff53ac-fc16-4de6-ba8c-e464c7e5c8ce,07-02-2025,Ola,4542.6,INR,Pending,Utilities,A25,SUSPICIOUS
ed6bf966-2e62-4228-b8c5-b700da1d7831,13-01-2025,Netflix,842.64,usd,SUCCESS,Food,A39,Refunded
cc2c123a-31df-416c-9f89-0b8d36dda295,24-09-2025,Google,3238.2,USD,Pending,Utilities,A7,SUSPICIOUS
746f749c-0a31-416a-980f-ca0677c785cf,2025/09/03,Ola,3311.79,inr,failed,Entertainment,A39,Refunded
ba171a65-df12-49ae-b156-ed0ad74c882a,12-09-2025,Spotify,3803.03,inr,FAILED,Food,A37,
cb74640c-42fe-4b75-b796-225acc692b61,2025/11/10,IRCTC,655.75,inr,FAILED,Travel,A36,SUSPICIOUS
18678108-3608-49c7-8b89-262cc673105d,02-06-2025,IRCTC,175.77,USD,failed,Travel,A30,Refunded
78984bd1-eb40-4d5c-a8bd-f32b5cc4599e,2025/11/19,Google,$433.47,inr,PENDING,Travel,A2,SUSPICIOUS
32d40229-ae20-4d22-a82b-526d9cf8082b,2025/12/25,Spotify,1858.67,USD,PENDING,Other,A23,Refunded
c4a85ce4-4a57-4658-8c8c-7f7362721fd1,02-03-2025,Flipkart,1167.25,usd,success,Other,A4,Refunded
53746935-b3bb-426c-80b2-4f0a99f19e01,2025/09/02,Netflix,$449.84,inr,FAILED,,A34,Refunded
5e049e70-fb3d-4996-b573-211217428672,2025/12/03,Shell Petrol,920.32,INR,SUCCESS,Healthcare,A15,Duplicate?
9b1cd238-97a3-41e8-810a-93b42c4a7152,03-11-2025,Swiggy,2080.35,INR,PENDING,Shopping,A12,Refunded
d9e9be88-69db-449c-8a27-36c372982898,23-11-2025,Spotify,358.06,INR,FAILED,Other,A19,Refunded
0c02a198-c902-421d-aabf-573b3b218f23,2025/03/14,Spotify,$119.96,inr,Pending,,A5,SUSPICIOUS
854408fb-5260-4ca0-b8a9-9898d99e05f5,2025/03/20,Spotify,426.54,usd,FAILED,Other,A30,Duplicate?
20f7b40f-56e8-45ff-8f3c-3ea87f2a5f75,14-05-2025,Spotify,3903.86,usd,PENDING,Food,A6,Refunded
7098ee6e-9c1c-4a81-8c87-2d0b9b9898ab,2025/05/18,Apple,669.07,inr,PENDING,Cash Withdrawal,A37,Refunded
dbeed2a9-5aee-4129-8352-478642ade955,26-02-2025,Uber India,297.16,INR,success,Transport,A26,
f412b47a-e115-4d0b-8e49-b33cae0a491f,2025/09/09,Uber India,3638.04,usd,success,Transport,A19,Duplicate?
8cadc847-7da9-4394-9736-dc1ab1b746a0,30-12-2025,Netflix,1797.35,INR,Pending,Transport,A3,
598dfe21-1b01-4209-a2e7-2d513a7d6882,2025/03/08,Apple,2154.22,inr,Pending,Other,A16,
bf146f03-df7a-4056-b8af-f5c535cde5a0,01-03-2025,Flipkart,3105.77,inr,failed,Shopping,A49,Refunded
,06-05-2025,Apple,4033.78,INR,PENDING,Travel,A49,SUSPICIOUS
37c19d43-cf4a-4772-b6a5-2564047306bb,2025/07/11,Shell Petrol,$4341.44,inr,SUCCESS,Other,A24,Refunded
cf3a8194-889b-419a-83f6-6f2637ac63c3,26-04-2025,Spotify,$2629.04,usd,PENDING,Entertainment,A19,Anomaly check
5dbb3851-b36f-4fef-9805-a721d3747097,31-12-2025,Zomato,$1071.34,USD,Pending,,A5,SUSPICIOUS
97fa088d-bb43-4297-8fee-8927beaf3385,14-03-2025,Amazon,4585.36,INR,SUCCESS,,A36,Anomaly check
03a3ab6e-bb3f-4046-b8e0-abe0eee015a3,10-05-2025,Amazon,4452.71,usd,FAILED,Entertainment,A33,Refunded
03a3ab6e-bb3f-4046-b8e0-abe0eee015a3,10-05-2025,Amazon,4452.71,usd,FAILED,Entertainment,A33,Refunded
8b55afa7-bdd7-4385-8368-eb34f27dae0f,16-04-2025,Ola,$4041.22,USD,FAILED,Entertainment,A19,Anomaly check
e5bdb600-3cea-4353-b2b2-6d926a07da81,2025/11/08,Shell Petrol,4606.63,inr,success,Transport,A28,Duplicate?
a3eacf49-458a-46f1-a0c2-50416ba63809,04-10-2025,Local Bakery,2068.07,usd,failed,Travel,A29,Duplicate?
,27-01-2025,Google,$2607.15,usd,SUCCESS,,A9,Duplicate?
1ade5bd1-4a13-4fa8-bd4f-a475b8d8c403,2025/04/13,Amazon,$3581.39,usd,failed,,A49,Refunded
b6a2df69-54b0-4156-96b9-d756329580a9,27-10-2025,Zomato,1143.35,INR,FAILED,,A16,Duplicate?
185aa9ac-18dd-4666-b12c-bd22dcc8ec7a,15-07-2025,Ola,474.53,USD,success,Travel,A35,Duplicate?
4f69100d-aa91-4fa0-8510-a47717c8646c,04-06-2025,Uber India,2364.61,USD,SUCCESS,Transport,A29,Anomaly check
e64fc9d6-eebf-4b3e-8a6f-a329851ac453,2025/08/24,Ola,1483.83,inr,Pending,Entertainment,A20,Anomaly check
4ab25d66-e077-454b-a470-ba22afdb4263,19-09-2025,Netflix,$2636.59,usd,failed,Transport,A39,Anomaly check
2efad0bd-b1fb-4c82-983f-91edb5e26f42,2025/11/16,Flipkart,3598.12,USD,failed,Other,A41,Anomaly check
,2025/08/17,Ola,1068.0,USD,success,Healthcare,A2,SUSPICIOUS
b1d52e1f-d0ec-48f2-81af-336919347eb2,31-07-2025,Netflix,2606.42,USD,success,Transport,A21,Duplicate?
2341a7c0-fb3a-463d-ad1a-0f97ff6977c9,14-01-2025,Ola,2838.59,USD,failed,Utilities,A11,Duplicate?
16f6a213-464c-4233-911c-8d71baf6c682,31-03-2025,Ola,765.1,USD,success,Other,A9,SUSPICIOUS
11efa279-88ac-4d38-86e7-0b7085e5e9ee,17-03-2025,Shell Petrol,2220.87,usd,failed,Utilities,A37,Anomaly check
11efa279-88ac-4d38-86e7-0b7085e5e9ee,17-03-2025,Shell Petrol,2220.87,usd,failed,Utilities,A37,Anomaly check
3a770057-c42a-4600-a5fc-b4aa256aea16,30-11-2025,Amazon,$1347.17,USD,success,Shopping,A45,
b1e755c4-4aa5-4c8a-a856-8561c98fd289,2025/07/28,Zomato,1545.69,USD,Pending,Entertainment,A10,Refunded
90fa62b5-162e-4ea7-9b31-065db4bbb3ec,12-12-2025,Google,3027.04,INR,success,Food,A8,Duplicate?
1cf1a909-a07e-4ed8-8a8b-8a106bd39f71,2025/01/17,Netflix,378.42,inr,SUCCESS,,A13,Refunded
5306811e-01c2-4c7a-ab01-1b2d2b0090fd,01-09-2025,Zomato,$4787.65,INR,PENDING,Other,A22,
e0bd5673-a59e-4f7b-9c23-9d88ce061677,2025/01/06,Ola,719.16,INR,FAILED,Other,A27,Anomaly check
89691227-8011-4ded-846b-43a0a490a0ef,21-08-2025,Spotify,$3487.93,USD,Pending,Travel,A36,
8240a967-8bef-49a2-a1ad-8702c4186227,2025/04/26,Shell Petrol,1532.94,INR,Pending,Food,A5,SUSPICIOUS
a9264bc1-6ff7-4fc2-ba21-738cfdd7e067,11-07-2025,Zomato,2434.57,INR,FAILED,,A46,
3fab78dd-ff06-4a7b-8214-b3b65decefbd,16-04-2025,Google,3535.65,inr,Pending,,A50,Duplicate?
bac61036-6ddc-4d75-af33-78de8fcacb42,2025/02/09,IRCTC,2561.23,inr,failed,Utilities,A47,Refunded
71180f6e-5416-4779-b894-ccec97466cd8,04-04-2025,Netflix,$131.81,inr,failed,Food,A40,SUSPICIOUS
bd769a72-0735-4803-985f-8e77fec062e0,2025/12/09,Google,1666.85,USD,Pending,Cash Withdrawal,A39,SUSPICIOUS
d98929f3-7bc3-4de0-882e-7141e203986a,2025/12/17,IRCTC,2637.17,INR,FAILED,,A16,Duplicate?
cc560d70-4a8b-4627-b91c-1ca28e04e899,30-01-2025,Local Bakery,291.36,usd,PENDING,Food,A48,Refunded
4f5b797a-fb2a-4e25-a984-e67e779b64a2,17-02-2025,Netflix,3642.41,inr,success,Food,A43,
781d8676-a738-445b-93ef-e8115f81e9fa,08-10-2025,Apple,2158.28,USD,Pending,,A18,SUSPICIOUS
a1dde9fc-1b9a-42a4-87f4-c9376878c467,27-07-2025,Local Bakery,839.84,INR,failed,Healthcare,A38,Duplicate?
779b6df0-95be-4c31-a7d0-236d14369a8d,11-06-2025,Swiggy,4022.71,usd,success,Cash Withdrawal,A28,Duplicate?
9646dc98-f949-4f56-9839-65bd08d17569,12-11-2025,Amazon,1992.37,usd,PENDING,Transport,A39,Anomaly check
2544d73b-28a6-44c4-bc2b-c975601746db,04-06-2025,Amazon,841.86,USD,SUCCESS,Food,A34,Refunded
3999748f-059d-4e37-9567-50d7f73d21c6,2025/02/16,IRCTC,2112.21,inr,Pending,Shopping,A4,Duplicate?
7aa0b838-e7fc-47e0-8d97-52fce732003c,2025/04/04,Google,791.46,USD,SUCCESS,Travel,A21,Anomaly check
8763b1c7-4584-4450-bcc1-a3219b7266c1,2025/11/09,Ola,1556.58,INR,FAILED,Travel,A42,Duplicate?
,10-08-2025,Spotify,3354.68,INR,FAILED,Travel,A29,SUSPICIOUS
325052a7-591f-4872-a15e-b8915dc5bd48,2025/09/20,Spotify,2347.98,inr,SUCCESS,Cash Withdrawal,A48,SUSPICIOUS
992d0ab9-9cbb-4987-a123-a01fd1ed9610,01-10-2025,Uber India,1939.29,usd,SUCCESS,Food,A13,Refunded
63c518dc-815f-41b2-b047-76788ede73e5,2025/11/10,Zomato,3937.57,usd,Pending,Food,A41,
84f165e2-b9bf-4c50-8783-14ff69534dfe,2025/07/04,Amazon,917.78,USD,PENDING,,A39,Refunded
61438f85-bca5-4f80-99b7-abd0ebe7861b,07-07-2025,Amazon,$2236.11,inr,FAILED,Entertainment,A31,SUSPICIOUS
e96df29f-f1e9-4b87-a123-e8dfa2188d7c,2025/11/12,Ola,465.69,INR,failed,Utilities,A22,Duplicate?
a16eee6f-75de-41c5-80b3-7e41b75450cf,20-08-2025,Zomato,1580.9,USD,Pending,,A40,Duplicate?
fd5ff94f-c2f8-4694-811d-9543d92bc858,10-12-2025,Ola,2277.39,usd,failed,Travel,A16,SUSPICIOUS
33290cc9-7c65-4157-9b0c-034d6ce7b3ad,2025/01/10,IRCTC,306.73,usd,success,Shopping,A50,Anomaly check
,2025/05/12,IRCTC,3490.77,INR,FAILED,Food,A12,
789e8c5a-93ef-43d4-8e6f-88c641ca9bd2,03-01-2025,Flipkart,845.96,USD,FAILED,Utilities,A42,Duplicate?
a7a8f604-5033-4f3a-b674-bee09cb93f67,27-02-2025,Amazon,2529.13,usd,success,Travel,A16,SUSPICIOUS
558f5e27-ffe4-413e-b275-6e4fdac8844a,2025/10/10,Amazon,3826.66,inr,FAILED,Food,A31,
fac922f1-7868-43dd-980e-3ec49d81b382,2025/03/09,IRCTC,$4270.42,usd,PENDING,,A9,Refunded
d50b8f0f-1842-4573-90c8-d46001c90bd8,2025/08/02,Local Bakery,$498.57,inr,success,Transport,A28,Refunded
eca69d4b-f0a7-4697-ad4d-c612cc0d7e3b,01-03-2025,Amazon,$4187.95,usd,failed,,A21,SUSPICIOUS
2112405f-6fb8-494d-ac47-d1028a2658f0,2025/01/25,Flipkart,$39725.98,USD,failed,Healthcare,A43,
cf71f8a2-828b-4df9-89e1-ab821af0f790,2025/04/09,Netflix,2973.69,INR,failed,,A25,
bc7fed8b-5009-404a-ab2c-ddc9c4e53967,2025/09/18,Ola,$1711.85,INR,success,,A19,Duplicate?
f1c75beb-0224-4776-ada4-d1a57a37be33,10-07-2025,Zomato,1709.09,inr,FAILED,,A50,Anomaly check
345cfb84-ba7c-4769-abb0-0fd44de59014,22-06-2025,Uber India,846.3,inr,Pending,Shopping,A27,
5cc94e58-7e3a-4915-bbe2-f325f810f31d,2025/03/21,Google,$1871.63,USD,failed,Cash Withdrawal,A23,SUSPICIOUS
757b81da-ff96-4f20-bd93-70c0ff22d8d7,24-06-2025,Apple,3435.84,INR,SUCCESS,,A38,
51f12c11-c0a4-4028-9670-6acc5179fda6,2025/04/19,IRCTC,429.32,inr,SUCCESS,Healthcare,A14,
647d916f-1157-4bfb-b220-b6133fdcd33b,23-02-2025,Shell Petrol,2820.02,INR,failed,,A16,Duplicate?
60e599c0-8a25-4035-92cc-e849d4fdce4e,13-08-2025,Google,3814.81,USD,success,,A13,Anomaly check
64112a8d-6131-4c7e-9fbb-7f462d10f649,2025/01/29,IRCTC,2247.73,USD,PENDING,Shopping,A4,
4a597abd-0b34-4e0e-933a-ee0da31aaed6,2025/11/09,Apple,2460.67,usd,PENDING,Travel,A50,
12be96b7-fc9e-4879-a74d-b7aec380a801,13-07-2025,Shell Petrol,821.43,USD,failed,Transport,A1,
b5aeca9a-f87d-4b88-b096-a67789004ae4,17-05-2025,Zomato,3587.82,usd,PENDING,Food,A18,Refunded
ef223fad-5c55-4e5b-8a75-d193484e7c01,07-06-2025,Amazon,2777.59,inr,success,Other,A44,
faa04c82-514b-4811-a1cc-682018b31bca,06-07-2025,Shell Petrol,1407.92,INR,success,Entertainment,A11,Duplicate?
a5718836-f774-465b-ad96-0bd6fa67deb6,2025/02/23,Apple,3223.11,inr,Pending,Cash Withdrawal,A18,Refunded
53645130-ed44-4201-9623-c820e70a455d,2025/11/05,Apple,4714.84,inr,failed,Transport,A21,Duplicate?
,2025/02/22,Local Bakery,2136.03,USD,SUCCESS,Travel,A12,SUSPICIOUS
de50bbfc-e456-4386-9178-b63682d01a3a,08-01-2025,Flipkart,3936.28,usd,Pending,Food,A33,Anomaly check
f642e64f-9951-4e2e-9349-34abf7a86191,28-07-2025,Swiggy,$1667.46,INR,success,Healthcare,A29,
97900db3-a2e2-48b6-b9b0-27cd66df1e66,2025/09/10,Zomato,3557.38,inr,Pending,Other,A23,Refunded
68de6cc2-0b36-4014-8a38-ded2e6d04fc5,19-03-2025,Uber India,4022.91,usd,SUCCESS,Travel,A37,Refunded
683092d5-30f4-4b21-a8b2-8e82a9b09221,04-07-2025,Netflix,3654.21,inr,SUCCESS,Entertainment,A30,Anomaly check
,2025/12/19,Spotify,1155.87,INR,failed,Entertainment,A37,
bccdf245-bc4c-4d2c-8208-869a29ada56e,2025/07/15,Netflix,4107.11,usd,FAILED,Entertainment,A14,SUSPICIOUS
a3c6d4c6-c0c0-46af-bf1d-b7fd73ee30bb,2025/08/18,Zomato,4720.45,USD,success,Food,A17,Duplicate?
ff7db3b6-80ad-4393-bed5-486b54535e9e,2025/09/01,Swiggy,3331.64,inr,FAILED,Other,A35,Duplicate?
14baf483-043b-4b49-b11d-7c9539f466a5,06-11-2025,Spotify,2327.21,USD,success,Shopping,A12,Duplicate?
98d0d373-4241-4b92-b36b-7a63bdb04bd1,07-02-2025,Google,4475.28,INR,success,Transport,A8,Duplicate?
581f559e-6b9f-4d3a-b0b5-226c9f4e414b,01-01-2025,Local Bakery,27442.69,inr,success,Cash Withdrawal,A6,
c31fe6c3-52b8-4af1-80b0-8c38876b2492,15-06-2025,IRCTC,758.49,USD,failed,,A7,SUSPICIOUS
08bdc4d6-892b-4bad-be0b-3cf1376d2f85,24-05-2025,Amazon,3110.89,inr,SUCCESS,Travel,A6,
b9e8afef-da3b-47b8-97e3-43985848b59e,2025/04/06,Shell Petrol,$1106.21,inr,Pending,Other,A3,Duplicate?
4d13c9b3-8098-4654-be2c-6c5bc388ffad,08-06-2025,Apple,1583.5,inr,success,,A47,Duplicate?
8e734bb0-43d3-4f6d-b9ea-a151d0ac1015,2025/04/21,Google,$3455.5,usd,failed,Cash Withdrawal,A37,SUSPICIOUS
0ff9514b-d5b4-47ea-b695-8844c9c9c123,13-08-2025,Google,4970.06,usd,PENDING,,A26,Duplicate?
587c0ce1-7948-4c4d-bf74-d28379bca7cf,20-09-2025,Local Bakery,4063.05,USD,failed,Transport,A50,Duplicate?
587c0ce1-7948-4c4d-bf74-d28379bca7cf,20-09-2025,Local Bakery,4063.05,USD,failed,Transport,A50,Duplicate?
094d6cc3-2840-4f1a-8935-0e9d0b077102,2025/02/27,Google,4923.53,inr,success,Healthcare,A37,Duplicate?
df7cb787-0cdd-450c-b684-76d33dd38b58,2025/05/27,Swiggy,4795.09,USD,PENDING,Travel,A42,SUSPICIOUS
2637083e-bac1-46f2-b7a1-e401af59ee31,2025/10/29,Amazon,724.14,USD,failed,Utilities,A41,Anomaly check
2637083e-bac1-46f2-b7a1-e401af59ee31,2025/10/29,Amazon,724.14,USD,failed,Utilities,A41,Anomaly check
a1f6628a-10a8-4128-8a56-25af1964f4d2,2025/11/21,Local Bakery,2613.86,USD,failed,Transport,A31,SUSPICIOUS
3920ba72-fa13-4ead-9305-eb2e0e4611ac,05-08-2025,Zomato,1816.6,usd,failed,Cash Withdrawal,A2,
7ee173ed-ba35-42fd-bbff-799c27aac7fe,2025/03/17,Shell Petrol,$67.42,usd,PENDING,Other,A22,SUSPICIOUS
f06a8504-62ed-4eb0-aace-e582e59c53d1,2025/02/24,Apple,218.35,inr,Pending,Food,A36,SUSPICIOUS
06cd3ec7-0fc4-4f82-9d48-7c9ecfd58ea0,2025/09/14,Spotify,1817.56,INR,SUCCESS,Cash Withdrawal,A40,SUSPICIOUS
f684c097-ca41-4589-9738-991533d12190,2025/07/28,Uber India,$1310.82,usd,success,Entertainment,A38,Anomaly check
e678a2af-bc1c-4c10-a163-e232b97af46e,2025/10/08,Netflix,1116.46,inr,success,Healthcare,A34,Anomaly check
e678a2af-bc1c-4c10-a163-e232b97af46e,2025/10/08,Netflix,1116.46,inr,success,Healthcare,A34,Anomaly check
90bfbd11-5ebf-4d49-b2f8-20c444710d35,2025/06/11,Spotify,2644.04,usd,success,Food,A49,Duplicate?
42b30129-48a2-4b96-9694-1117ed25f900,23-08-2025,Uber India,$3523.17,INR,PENDING,Entertainment,A49,Duplicate?
9686055d-c62d-4ef4-b991-c60a36ffc7e9,14-12-2025,Zomato,3558.57,INR,SUCCESS,Entertainment,A22,Duplicate?
90e90d5a-8820-48dc-ae80-7808bd65398f,27-08-2025,Google,2510.27,INR,failed,Utilities,A43,
74897e87-8dc5-40f2-ba91-96117f54d6d9,29-10-2025,Ola,2853.14,INR,PENDING,Cash Withdrawal,A40,Anomaly check
9bb7cfd7-c26c-49d7-b98a-04058e93eff2,2025/01/19,Ola,$754.73,USD,Pending,Healthcare,A44,Anomaly check
b93b4a57-dffc-43e1-ab17-dfde5907ba57,26-03-2025,Zomato,1823.38,INR,PENDING,,A23,
b93b4a57-dffc-43e1-ab17-dfde5907ba57,26-03-2025,Zomato,1823.38,INR,PENDING,,A23,
3ef2a345-1594-4c43-91ca-f1c0e29c095f,2025/09/13,IRCTC,777.46,USD,failed,Travel,A7,Duplicate?
7aed260d-08b6-475a-b588-4a40b95f2060,03-06-2025,Flipkart,3340.79,usd,Pending,Utilities,A48,Anomaly check
39bc6aa3-35e8-49c4-b77d-68dcac48c5d9,2025/11/18,Flipkart,2460.8,usd,FAILED,Healthcare,A30,SUSPICIOUS
b453b015-a471-4c05-b8bd-81233433ab14,2025/08/17,Google,1949.25,INR,PENDING,,A4,Anomaly check
5b2a5347-4b8e-430f-83fd-1e1ebda5c662,2025/04/24,Uber India,$4108.6,usd,FAILED,Food,A21,Anomaly check
5022a2db-20ae-4b79-87df-af98013456ca,20-10-2025,Google,2379.38,USD,Pending,Utilities,A5,Refunded
,01-01-2025,Netflix,2425.25,usd,failed,Transport,A42,Duplicate?
ae72c7ca-4a82-4fbe-bb7f-3ea11a22339a,24-03-2025,Ola,1391.41,INR,PENDING,Shopping,A1,
9a2a88e7-5828-41fb-a7f9-9ca9efe498cc,31-07-2025,Uber India,809.71,usd,Pending,Entertainment,A12,Anomaly check
d48b5158-e847-4750-8840-4f142adabf8d,2025/06/19,Spotify,2968.32,usd,failed,Entertainment,A14,Anomaly check
,2025/03/15,IRCTC,4950.59,INR,Pending,Transport,A6,Anomaly check
5c6b4133-4043-427a-8985-7320dbc25092,16-07-2025,Flipkart,3750.25,INR,success,Shopping,A9,
ae8059b3-703e-4b73-a379-898b4f871a83,2025/03/13,Spotify,1996.59,usd,failed,Cash Withdrawal,A19,
efa1211c-60f5-4053-81b6-1a2cf0c36dac,2025/01/08,Spotify,654.65,inr,PENDING,Travel,A41,Duplicate?
7efc99f2-17e8-49f0-b6a8-c02c79ba5469,20-07-2025,Shell Petrol,802.64,inr,PENDING,Transport,A27,Anomaly check
bff6f4fa-380a-4012-88f1-360803389501,2025/05/09,Local Bakery,$574.58,USD,failed,,A48,Duplicate?
f78df655-18f4-44d0-a627-e0d116c39f33,2025/03/18,Swiggy,228.95,USD,SUCCESS,,A20,Duplicate?
b04cb213-d054-4994-8a1f-fcd2edc5bfc9,2025/10/26,Apple,3914.8,usd,PENDING,Cash Withdrawal,A6,SUSPICIOUS
a7188d4b-3920-4852-b18c-5d8976640d72,27-11-2025,Local Bakery,206.28,usd,SUCCESS,Food,A22,SUSPICIOUS
20fc2b22-6300-4c4a-8759-c891fae62166,2025/07/24,Spotify,4299.73,USD,PENDING,Food,A45,Anomaly check
65daa0d2-7257-48c3-8fe0-9e35c2c1aba6,2025/06/23,Amazon,492.83,INR,FAILED,,A47,Refunded
27c7944e-0a9e-4329-9eab-56b855139ab0,2025/03/13,IRCTC,1883.2,USD,success,,A21,Anomaly check
c8eed3de-2866-48cd-9a0f-d5a83d1d0089,27-06-2025,IRCTC,1810.36,inr,FAILED,Food,A5,
,02-02-2025,Local Bakery,$36.21,usd,SUCCESS,Other,A10,Refunded
10507b55-aebb-47a8-bd5c-5a7d28df7b8f,2025/09/18,Netflix,1104.24,USD,SUCCESS,Entertainment,A10,SUSPICIOUS
a2e31df6-de74-4590-a095-23372d77db4a,19-10-2025,Netflix,2709.6,INR,FAILED,Travel,A2,Refunded
f1726362-606b-42cf-94b8-e27414899d7f,18-08-2025,Local Bakery,1859.24,inr,SUCCESS,Food,A12,
34aecd5d-8de7-47fc-bbea-91442cd37b48,21-09-2025,Spotify,$2179.03,usd,SUCCESS,Utilities,A39,Duplicate?
3ec205fb-864b-4e4e-8433-7575112d5e09,2025/10/02,Swiggy,3007.27,inr,FAILED,Travel,A1,Anomaly check
31e1484b-f375-4d04-b32c-b52dc61128ff,21-04-2025,Zomato,2450.6,USD,Pending,Cash Withdrawal,A44,Anomaly check
8bf0f248-0ef3-4d3a-9ac0-1318131fb5fd,2025/04/03,Swiggy,1451.17,USD,failed,Cash Withdrawal,A6,Anomaly check
,2025/06/16,Ola,2258.5,USD,success,Travel,A25,
918bcae9-d276-4200-9041-cdd84eaaf6ae,2025/09/29,Amazon,1388.84,usd,SUCCESS,Transport,A49,Refunded
6b72a3cf-fa61-49a5-b461-bc210af71d4e,08-02-2025,Swiggy,4977.11,USD,FAILED,Food,A40,SUSPICIOUS
cfaa93e6-652e-45f7-8414-db80be0c40b7,25-02-2025,Ola,4103.44,USD,PENDING,,A36,Duplicate?
8c7b41c8-abbb-4439-8089-e333f997a306,2025/10/26,Spotify,3551.28,usd,failed,Healthcare,A12,Refunded
b3552f31-0e65-4217-ba53-d56348202542,2025/03/16,Spotify,538.31,inr,failed,Entertainment,A3,Duplicate?
93e1c7d2-94d9-4326-bf46-d379298d8c4f,2025/12/07,Ola,303.29,inr,PENDING,Cash Withdrawal,A12,
7e5560b3-9a7a-44fe-989b-5ab5058188ca,2025/11/09,Shell Petrol,$2777.17,INR,PENDING,,A5,Duplicate?
e5b7c95a-edff-4a8f-bc02-32eb5203cb4b,18-01-2025,Local Bakery,4777.9,INR,FAILED,Utilities,A50,Anomaly check
dddc3994-e9c8-40b4-b8b1-970894fcfc56,02-02-2025,Shell Petrol,$2852.87,usd,success,Travel,A4,Anomaly check
800e4a1a-0e83-4d01-9181-9bd66129e388,2025/05/03,Netflix,573.95,INR,success,Shopping,A26,
ae41f50e-7be9-46b6-a5e7-abf394ab23e6,16-12-2025,Shell Petrol,1956.47,inr,Pending,Other,A38,Duplicate?
218af75e-4fef-4d07-b922-8f1b3beacc31,2025/05/17,Ola,262.12,INR,SUCCESS,,A13,Anomaly check
ca6d10a0-2d9f-4c8d-b0d6-845f27137b00,2025/03/31,Zomato,$3243.47,INR,PENDING,Utilities,A41,Refunded
83dcb72f-4d92-463d-9889-3feb94aead4c,15-01-2025,Local Bakery,3562.16,inr,FAILED,,A41,SUSPICIOUS
849ce29c-dbde-42d9-ab03-087f0b42826b,2025/04/04,Flipkart,2154.3,inr,SUCCESS,,A23,Anomaly check
7d4ea0b3-9c60-4ff2-8e2a-0195c80734c9,2025/03/22,Shell Petrol,1484.0,USD,failed,Food,A23,Duplicate?
7d4ea0b3-9c60-4ff2-8e2a-0195c80734c9,2025/03/22,Shell Petrol,1484.0,USD,failed,Food,A23,Duplicate?
,08-02-2025,Uber India,$2766.53,INR,success,Travel,A20,Refunded
0fb5b8f6-b47f-4a71-ae0c-de3e5446aec9,2025/05/12,Netflix,4658.21,USD,FAILED,Utilities,A29,Anomaly check
3b977e73-183e-4131-9471-21c88dc632e2,28-12-2025,Swiggy,1636.43,USD,failed,Cash Withdrawal,A50,SUSPICIOUS
,13-03-2025,Ola,2688.07,inr,Pending,Food,A7,SUSPICIOUS
,2025/05/21,Amazon,4767.52,USD,FAILED,Healthcare,A48,Duplicate?
401d0073-3529-43f5-9388-46355451568b,11-01-2025,Apple,$4428.99,inr,SUCCESS,Cash Withdrawal,A42,Duplicate?
b135f262-ea85-4e3d-895f-5a22330ad61d,2025/10/26,Local Bakery,2581.25,INR,Pending,Travel,A27,Anomaly check
65534000-31b8-4c8d-9431-3a878c62f693,2025/04/05,Google,1253.46,USD,FAILED,Shopping,A21,
f15087be-3394-4524-a478-d5a3e66740ad,18-09-2025,Flipkart,4439.97,INR,PENDING,,A7,
58d6e55d-39fd-4db7-ba1f-c0a89b121c83,24-01-2025,Apple,153.98,inr,success,,A18,Duplicate?
99a38235-7416-42c6-b905-3803be190da1,23-12-2025,Local Bakery,433.24,USD,success,Food,A11,Refunded
d6a1f4da-4f48-4941-bd52-8cc8ceb6a0c0,2025/12/27,Amazon,4339.55,inr,Pending,Healthcare,A11,Refunded
230bdcb9-7138-4207-92c8-1adc381ddb1f,2025/01/26,Apple,$1557.44,usd,PENDING,Entertainment,A20,Refunded
6df029db-40b2-41d3-a22c-4c5a23c045ac,24-01-2025,Uber India,2661.73,INR,success,Food,A13,Refunded
2b029f87-64c8-4229-9f15-a2aced263811,26-02-2025,Amazon,1787.97,inr,Pending,,A43,Anomaly check
92dcb5f7-bef6-44c2-8382-af3e01cdb32d,2025/01/29,Shell Petrol,$507.37,USD,PENDING,Healthcare,A25,SUSPICIOUS
f208735a-a39c-4e66-a20a-3e6fe5c17a15,2025/09/20,Amazon,$3853.46,inr,failed,Utilities,A39,
2d1ed7b9-f60a-4ddb-8a14-840e0c5f70a3,2025/08/14,Zomato,4766.03,inr,SUCCESS,,A11,SUSPICIOUS
ee17e4a9-3e9f-4e98-bf4f-d94530cf896d,2025/04/20,Apple,$3668.4,INR,Pending,,A48,Duplicate?
,04-10-2025,Local Bakery,2115.21,INR,SUCCESS,Healthcare,A21,
987155f5-adf1-41b7-9a6c-a1ed6b1372ec,13-07-2025,Local Bakery,4339.5,INR,success,Shopping,A21,Duplicate?
,28-06-2025,Flipkart,2646.65,USD,FAILED,Other,A45,Anomaly check
fe5f696f-c41a-4fb8-b4ef-0c074c6baaf2,2025/02/15,Ola,3994.67,USD,SUCCESS,Transport,A25,SUSPICIOUS
6035d128-6399-4f2d-80e6-ada4a02470c2,26-04-2025,Spotify,$3816.1,usd,Pending,,A28,SUSPICIOUS
b88c082e-448a-47ba-a8ca-3c910bd83f10,30-07-2025,Ola,1187.01,usd,failed,Travel,A15,
649ec8e0-042b-4885-b5cb-0d64ef00c345,2025/04/11,Flipkart,4953.87,inr,FAILED,Healthcare,A10,Refunded
1519f9db-ddbb-45cb-a6a8-57d810ccbe47,12-11-2025,Netflix,2201.9,inr,FAILED,Transport,A22,Duplicate?
9d00816b-16e9-4058-b5d6-03fc1ecf0304,14-11-2025,Amazon,1383.8,INR,success,Transport,A39,SUSPICIOUS
6d75e2df-8eaf-464a-b45c-035b2fe89eba,07-01-2025,Swiggy,2285.89,inr,SUCCESS,Shopping,A19,
4cfd9563-ed92-4cde-a862-bcc7bea88614,2025/02/11,Uber India,$1257.8,inr,Pending,Utilities,A9,Duplicate?
73c4ad1f-c41d-48d9-8bdf-81e32a8eb357,2025/11/01,Shell Petrol,1710.53,USD,FAILED,Other,A28,Duplicate?
0c8a824c-a53c-4110-acf9-8eb71419f2d2,2025/12/27,Swiggy,4173.27,INR,success,Transport,A37,Duplicate?
796ea2b8-09b1-4444-acc1-e581bdb0deed,2025/03/07,Local Bakery,98.31,USD,PENDING,Shopping,A17,SUSPICIOUS
29c8dee2-e2fd-4544-ae59-9b21b463de2a,2025/01/26,IRCTC,1118.53,inr,failed,Cash Withdrawal,A10,
c6da3df7-454b-43b6-a83b-11972ce91368,2025/11/10,Apple,175.88,INR,success,Travel,A4,Refunded
7926897a-c733-46d1-809b-66713708b683,20-01-2025,Ola,4087.41,INR,PENDING,,A15,Anomaly check
a2e8c643-7f1a-47c2-8df0-b3dbdabfd625,23-05-2025,IRCTC,$3306.42,inr,FAILED,,A4,Refunded
a7ba067f-949c-4e4a-bbe7-91f20fe79f21,24-07-2025,Zomato,102.21,inr,Pending,,A14,
f129ae43-093a-44ac-aef7-dbaa29706108,11-06-2025,Ola,3773.8,inr,PENDING,Shopping,A27,Duplicate?
,28-09-2025,Flipkart,4377.79,USD,failed,Entertainment,A11,
,2025/02/15,Shell Petrol,$3487.78,inr,SUCCESS,Entertainment,A24,SUSPICIOUS
b5285f01-2a8c-4c8a-bee5-65642f17b91a,2025/11/23,Apple,4660.29,usd,failed,Utilities,A13,Refunded
f7d5546a-4eca-488e-85b0-f4679064723a,25-04-2025,Spotify,3391.15,USD,failed,Food,A7,Refunded
a88849aa-fd90-4d5e-9402-37a4c9e17644,01-01-2025,Netflix,3757.47,INR,failed,Travel,A33,Anomaly check
6458ebfc-cd8c-4088-84ec-535ff9150ce1,05-06-2025,Swiggy,4997.87,usd,SUCCESS,,A4,SUSPICIOUS
,18-02-2025,IRCTC,3220.51,INR,Pending,Shopping,A47,Duplicate?
171a812d-d846-4aa3-a438-8a1ac39ea116,23-01-2025,Amazon,525.08,INR,PENDING,Healthcare,A43,Duplicate?
7e6f0d57-9824-4077-82ca-015bea92bf30,2025/12/06,Shell Petrol,1851.16,INR,Pending,Food,A36,SUSPICIOUS
a72706d9-e2c4-4dff-9b81-537e3925aca9,02-11-2025,Flipkart,3277.8,INR,PENDING,Food,A4,
487a32eb-48b0-4464-b4b9-db387c6c6286,2025/02/04,Shell Petrol,3523.17,inr,PENDING,Food,A3,
,2025/12/13,Shell Petrol,3940.84,INR,failed,Cash Withdrawal,A9,Refunded
,2025/12/13,Shell Petrol,3940.84,INR,failed,Cash Withdrawal,A9,Refunded
6131e32d-455c-4878-87c3-6164096cd1f7,2025/07/01,Shell Petrol,3942.09,USD,Pending,Utilities,A10,SUSPICIOUS
a362fa18-5502-4c4d-88e9-199a6be5230e,2025/07/07,Ola,1130.37,USD,PENDING,Entertainment,A28,Anomaly check
3bab476c-1b8a-4a83-8153-66cd301a2c34,2025/12/12,IRCTC,4519.59,inr,FAILED,Transport,A6,
e85ad596-ad4f-4c3c-a4ba-0f453bc637ba,2025/12/31,Flipkart,2497.41,usd,PENDING,,A36,Duplicate?
aa1c1c29-6bb0-4bfa-84e0-e087da7fda0b,2025/11/22,IRCTC,3733.17,USD,success,Food,A27,Refunded
ef2a5556-8b1f-4b64-b930-28a46930175a,2025/07/26,Local Bakery,4697.89,USD,failed,,A28,Refunded
19c1be64-adf4-4d6f-8762-f9e2fb47909f,08-01-2025,Zomato,2451.14,USD,success,,A50,
2da26319-b886-414e-a0db-224de399f546,2025/05/24,Spotify,$3426.52,inr,success,Other,A34,Duplicate?
10faf750-2423-4ca8-aa6d-52b6bb7f9e0c,2025/06/15,Spotify,920.61,inr,SUCCESS,,A11,Anomaly check
7791a279-8af0-4fc9-bfd2-c8210b45a85d,2025/10/16,Google,4694.75,USD,SUCCESS,Travel,A46,Refunded
34e7c441-7524-4fde-80b3-14301576bfd6,2025/06/16,Google,2571.73,inr,failed,,A18,Anomaly check
6eba8833-b41d-4af4-a30d-c5939e337e8b,2025/03/03,Uber India,27549.18,USD,Pending,Shopping,A24,Duplicate?
6eba8833-b41d-4af4-a30d-c5939e337e8b,2025/03/03,Uber India,27549.18,USD,Pending,Shopping,A24,Duplicate?
76554150-0d35-4688-a5ad-cd45662fd6b8,19-05-2025,IRCTC,1232.85,USD,Pending,Food,A39,Duplicate?
fd7dd18e-fe64-4164-beba-6d6f729ba246,2025/07/03,IRCTC,$156.12,usd,FAILED,,A25,SUSPICIOUS
1dd5635f-4b12-42ed-8bbf-d9f456bd9723,21-01-2025,IRCTC,284.76,INR,PENDING,,A11,
,16-01-2025,Swiggy,1445.24,INR,success,Cash Withdrawal,A42,Duplicate?
daab6b8c-ed50-49aa-8779-f439c1c30dd5,08-04-2025,Amazon,4392.87,INR,success,Other,A19,
e488b528-5d33-4315-b785-e0c5d21d9e28,15-05-2025,Shell Petrol,2852.73,INR,FAILED,,A16,
6c56a25b-d059-49ce-80d7-8f26dc080a0a,01-05-2025,Swiggy,3057.17,USD,failed,,A17,Refunded
,2025/09/01,IRCTC,560.56,inr,SUCCESS,Entertainment,A3,
ba304acb-cb42-46d7-a550-4511293a0e83,25-03-2025,Swiggy,4178.27,USD,PENDING,,A6,SUSPICIOUS
548d7fd0-7516-447a-9695-2977aaae5378,2025/02/21,Netflix,1238.74,usd,FAILED,Healthcare,A41,Duplicate?
8677b5ef-cdb0-4a58-8bbf-5576daceee72,16-10-2025,Zomato,3110.1,usd,success,Food,A11,Refunded
3fcdcf0f-82bc-432b-acee-58153a476e26,23-11-2025,Flipkart,465.09,inr,PENDING,,A34,
e14d430d-21f9-4d25-86ec-a22e6f728b4c,26-03-2025,IRCTC,3806.69,INR,Pending,,A13,Duplicate?
d2dff2a1-a881-45f4-a094-0ce6c3e804fd,2025/06/07,Amazon,3408.6,usd,FAILED,Cash Withdrawal,A44,Refunded
ea7e6a9b-bfef-4c26-96f1-5bf621b2f560,2025/03/29,Ola,$4776.21,USD,success,Entertainment,A26,SUSPICIOUS
aec05dc2-ef49-4a3f-96a1-944a74509500,2025/09/24,Google,1405.5,inr,SUCCESS,Healthcare,A5,Anomaly check
a5d110f4-ec5d-4169-b017-1b69f58add7d,2025/02/07,IRCTC,$1202.88,INR,failed,Utilities,A41,
ec56a469-c4c7-4aa2-beca-54a170d91197,03-02-2025,Google,257.67,USD,success,Utilities,A14,Refunded
38d8456a-fc99-46a7-8483-ae26cabe7d66,28-01-2025,IRCTC,4700.27,inr,PENDING,Entertainment,A31,Duplicate?
7c2fcf93-f755-4333-95a9-f3973f17757c,2025/01/27,Shell Petrol,4555.77,inr,Pending,Travel,A20,
32893702-b6c6-4496-ac43-f90b11bfa1a3,2025/03/12,Google,4795.09,USD,failed,Transport,A41,Duplicate?
1b24064b-398c-4233-8328-e0c4eade8ad3,03-06-2025,Apple,4765.93,inr,success,Healthcare,A26,SUSPICIOUS
1428e82d-5434-4100-bdf5-6999e88f26ab,2025/01/01,Swiggy,2328.81,usd,FAILED,Shopping,A5,Duplicate?
4b030581-055e-42fd-8604-5eabe1ce2a24,2025/10/22,Local Bakery,2600.76,usd,failed,,A26,SUSPICIOUS
,2025/03/15,Local Bakery,511.65,usd,SUCCESS,,A48,Duplicate?
,06-10-2025,Apple,1509.48,USD,Pending,Cash Withdrawal,A44,
932bf03d-8baf-4a7c-8efa-b644f3b5bca3,02-09-2025,Google,4096.7,usd,FAILED,Cash Withdrawal,A49,Refunded
001c39e4-16ba-46f2-8169-0337df58faf8,2025/08/20,Zomato,$3605.38,inr,PENDING,Shopping,A47,Refunded
dcef328a-19e1-44ad-805b-a7e4ccf7cfd8,05-02-2025,IRCTC,3906.48,INR,success,Entertainment,A4,Refunded
7da63cf5-6ed1-4781-b5fc-afe164e41074,28-01-2025,Local Bakery,230.21,usd,FAILED,Healthcare,A36,
e3516764-5770-4c44-8efa-a5d6bf3c5b03,09-11-2025,Apple,2329.1,INR,failed,Entertainment,A8,Refunded
150326a0-ab0c-4429-a41e-bfbbde055870,2025/07/20,Zomato,1772.79,usd,Pending,Transport,A3,Refunded
6111d54c-e790-4ec4-801f-c27ba3591286,20-11-2025,Ola,1979.47,usd,SUCCESS,Transport,A50,
2926c289-1d90-4350-81d0-20d77d29632c,10-01-2025,Google,1230.75,USD,success,Cash Withdrawal,A34,SUSPICIOUS
6ec2bedd-3c62-42cd-a43b-1ed4d91642bd,2025/04/17,Amazon,1003.7,inr,failed,Utilities,A46,
6ec2bedd-3c62-42cd-a43b-1ed4d91642bd,2025/04/17,Amazon,1003.7,inr,failed,Utilities,A46,
c8f19104-b269-4ce2-891a-793261d2f274,03-07-2025,Uber India,2137.83,usd,failed,Entertainment,A26,
423312e0-4ea8-487f-aa8e-838524d022fe,2025/10/28,Local Bakery,2640.06,usd,FAILED,,A44,Refunded
7aa2241a-47da-4bb5-82a2-f2c217f24288,16-02-2025,Local Bakery,3147.31,inr,SUCCESS,Healthcare,A3,Anomaly check
4be54fd7-9429-4f53-96de-cd1f48874e28,28-06-2025,Local Bakery,4472.73,USD,SUCCESS,Travel,A45,Duplicate?
17186a41-7a07-45d8-bad2-22c4e4bf06b6,2025/08/20,Netflix,102.1,inr,SUCCESS,Cash Withdrawal,A21,Refunded
807204cb-04f7-4d61-9b82-dccf79311eda,27-12-2025,Uber India,$1670.43,USD,SUCCESS,,A11,
2b500d26-9208-4bdc-951b-a09cad65bb87,20-06-2025,Apple,1129.79,usd,Pending,,A49,Anomaly check
c17d434f-327c-449c-b1c3-cc092936d3be,2025/04/14,Ola,93.38,USD,PENDING,Healthcare,A18,
7de7a2ab-312e-49f4-87db-50ba490d0d5e,11-05-2025,Spotify,$4286.83,inr,failed,Other,A27,
f193e963-c633-4d4d-bcf3-348d3d3aa71c,14-08-2025,Netflix,503.85,usd,success,Other,A30,Duplicate?
73476bee-265a-4f25-96a6-e8b2e380bbc4,19-11-2025,Uber India,$3141.69,INR,FAILED,Shopping,A7,Refunded
61a1ab9c-a15b-4dfb-8542-b33a278b6ebc,01-06-2025,Amazon,1157.53,USD,success,Healthcare,A33,Duplicate?
61a1ab9c-a15b-4dfb-8542-b33a278b6ebc,01-06-2025,Amazon,1157.53,USD,success,Healthcare,A33,Duplicate?
de3788de-772a-433a-9d17-5cb11af773a1,2025/04/25,Local Bakery,679.65,usd,PENDING,Cash Withdrawal,A27,Duplicate?
fc6dc3fd-cc63-42fd-bab7-d1d0c9869d83,2025/06/24,Ola,1503.11,USD,Pending,Entertainment,A26,Anomaly check
fed714cb-b5c6-4234-a069-731f9d4ba84b,2025/07/21,Amazon,46477.85,USD,SUCCESS,Cash Withdrawal,A7,Anomaly check
3ca1bd00-d20a-44e7-a6b9-d6dd19893159,14-10-2025,Apple,179.23,USD,failed,Shopping,A11,Duplicate?
52f76705-e380-41e5-a362-20732dde8856,23-04-2025,Flipkart,$476.91,inr,success,Food,A27,Refunded
ba3a84db-5c3e-441b-a7de-d20c53e75252,2025/09/28,Flipkart,443.2,inr,Pending,Utilities,A38,SUSPICIOUS
72c357c1-070a-456c-a12c-7bae9d77c792,2025/09/02,Apple,4039.47,INR,PENDING,Transport,A4,Duplicate?
4333404d-88f6-4128-b55b-40edad3d029f,04-06-2025,Amazon,649.56,USD,success,Utilities,A47,Refunded
52db589a-47c2-497c-a157-058bc780e20b,08-06-2025,Uber India,$2400.55,inr,SUCCESS,Shopping,A6,
ba8b47aa-c3fc-43c3-930e-56a990ab1936,2025/10/15,Ola,1549.22,USD,success,Transport,A37,SUSPICIOUS
305c1b12-e76e-4207-8b99-02db9bfe1087,2025/01/16,Apple,1164.91,INR,success,,A31,SUSPICIOUS
1ad044c6-9195-4226-8861-6ac2652fbcb9,2025/10/09,Spotify,4201.55,inr,Pending,Travel,A23,Anomaly check
c8c6b868-9633-404b-af1e-b20b84246406,25-04-2025,Google,$4624.34,usd,Pending,Travel,A7,Refunded
5212470f-82df-41fc-b654-ae68d212a3ba,2025/08/04,Zomato,1054.0,INR,failed,Shopping,A34,Refunded
38799b6c-b9d7-4e91-88b5-c1457eb95f30,2025/09/17,Ola,31323.11,USD,Pending,Entertainment,A40,
cf7aadf9-ff3a-4b6e-9d55-a18eee15942c,21-01-2025,Amazon,$598.01,usd,SUCCESS,Shopping,A38,
d47a26ac-3d2b-49a7-83e2-982c3b7abe73,06-11-2025,Zomato,2603.43,INR,Pending,Utilities,A5,SUSPICIOUS
a8a9de1c-26c4-4dcc-9799-d767d9b05fd4,2025/05/18,Swiggy,949.24,usd,success,Travel,A42,Duplicate?
0bad7660-a64b-4560-8ed8-76460f31582d,26-08-2025,Local Bakery,$2823.46,inr,Pending,Other,A7,Duplicate?
fb22d5fc-b742-4ce8-addc-076cfe3bf9e1,2025/05/15,Zomato,3533.58,USD,SUCCESS,Other,A30,Refunded
cb145546-81a1-47d2-a369-682247c6877e,2025/10/18,Google,751.43,inr,FAILED,Cash Withdrawal,A13,Duplicate?
11f9fa8b-55a3-4129-8da5-81218e12add3,2025/05/01,Uber India,2975.58,USD,SUCCESS,Utilities,A34,
fec5c47b-66c4-4a85-bb37-0f29a343974a,29-07-2025,Local Bakery,4969.9,USD,success,,A35,SUSPICIOUS
26a0d67f-e2fc-45d8-857c-c1711641067f,2025/11/30,Spotify,1029.73,usd,PENDING,Other,A16,
72eae1ae-a5e5-4de5-8aff-edba8b967a35,04-11-2025,Ola,3929.16,USD,Pending,,A29,Refunded
5c1122b2-0e62-4c89-801e-13af72222ccb,2025/05/20,Google,3307.52,USD,Pending,Travel,A43,SUSPICIOUS
2f57c34d-2d9c-4822-9268-894e47449d77,2025/11/13,Ola,$1761.18,inr,Pending,Transport,A32,Duplicate?
eb412bee-5869-4978-abfd-fd10bce0a57c,13-11-2025,Uber India,437.84,INR,success,Healthcare,A15,Refunded
3c6a29d3-7b01-4512-a9ba-33a247c38d31,2025/01/29,Local Bakery,1604.89,inr,FAILED,Cash Withdrawal,A25,Refunded
bcc7dfa4-8f75-4948-8f61-2de007d1006b,2025/11/22,Zomato,1251.35,INR,SUCCESS,Cash Withdrawal,A48,
796e28a5-c655-44b5-8fbd-abaecb39c32a,2025/04/30,Spotify,$2599.31,USD,FAILED,Travel,A30,Duplicate?
79e34ad3-6742-431b-905c-75d55ae6459e,2025/01/04,Ola,65.06,usd,Pending,Cash Withdrawal,A16,Anomaly check
c7f1e335-41f0-40b0-bcfc-e9f6ceb8b26c,2025/02/21,Netflix,3716.12,usd,failed,,A39,Refunded
afd90155-be77-496d-8de7-0015d0eadb7b,07-01-2025,Uber India,$1484.59,USD,SUCCESS,Travel,A30,
facf2288-b30d-43c2-87c1-2e6bcc77c5e3,2025/03/24,Local Bakery,2769.64,inr,success,Other,A38,
e12ff2a7-abb4-468e-a82c-05f29afc6078,17-06-2025,Apple,$2774.28,INR,SUCCESS,Cash Withdrawal,A11,Anomaly check
95314005-f31a-4b09-9c67-ab4bf1ed7348,2025/11/30,Netflix,400.88,usd,Pending,,A10,Anomaly check
cfc7acc3-1205-47a5-8f1c-6f57d81626ff,2025/09/26,Apple,2296.26,INR,SUCCESS,Utilities,A32,
6063f477-c583-477c-85fc-d222030716f7,2025/09/25,Swiggy,1348.51,INR,SUCCESS,Entertainment,A48,Anomaly check
,2025/04/12,Spotify,2772.7,USD,SUCCESS,Cash Withdrawal,A36,SUSPICIOUS
5680db19-ea23-4d3b-98db-084dc318799e,2025/10/02,Netflix,4901.68,INR,failed,Food,A50,Duplicate?
58c8d79f-7710-42bf-a90a-e8fb31e3f2d0,2025/03/27,Swiggy,3043.26,INR,PENDING,,A22,
76bcf623-74a2-45b0-b45a-c4d1deb62668,10-10-2025,Ola,3415.01,USD,SUCCESS,Healthcare,A3,
,30-10-2025,Google,2194.28,inr,success,,A39,Duplicate?
6182c932-34d2-4043-9147-bb045f0293b1,03-03-2025,Amazon,150.4,USD,failed,Shopping,A33,Refunded
77295d12-04ec-4f9d-a188-9ca137eb4315,2025/02/20,Spotify,$2424.86,USD,SUCCESS,Healthcare,A24,SUSPICIOUS
c5c72e27-88d4-4ddc-bb0a-f712ecea1bbc,2025/11/06,Flipkart,243.1,inr,failed,Cash Withdrawal,A2,Duplicate?
d5bf13b8-8147-494f-b3e6-8b55d52384c2,2025/05/01,Netflix,67.12,USD,PENDING,Shopping,A28,SUSPICIOUS
1797d11f-a243-4ce2-9674-63fff7548b72,2025/12/20,Shell Petrol,3328.09,USD,failed,Transport,A35,SUSPICIOUS
a2746154-6c30-49ed-9ef6-22cdfa4b9648,10-12-2025,Netflix,3771.29,usd,failed,Entertainment,A1,Refunded
2251157d-d4fa-4808-98d3-853c1e1e52a5,22-05-2025,Netflix,1519.76,inr,SUCCESS,Food,A26,Duplicate?
862f37b6-7343-4d07-a5e4-9182e01b9aae,07-06-2025,Apple,375.4,usd,SUCCESS,Entertainment,A20,Anomaly check
3e69b96f-e950-4560-9911-1766bfa2cea1,29-09-2025,Zomato,1839.29,INR,Pending,Cash Withdrawal,A4,Anomaly check
9d528304-8abb-4c20-918c-27b03d47321e,31-03-2025,Uber India,1226.4,USD,success,Transport,A13,SUSPICIOUS
6450aa3d-a84c-4bbb-b49e-6a8376f32211,2025/04/03,IRCTC,1162.49,INR,Pending,Utilities,A41,SUSPICIOUS
638dc15b-d20a-458b-b58e-d8fe1018848a,14-08-2025,Amazon,3740.96,usd,PENDING,Cash Withdrawal,A50,Anomaly check
44952a9a-1395-44fa-997c-1684d6e069e6,2025/05/27,Shell Petrol,3154.34,usd,failed,Travel,A27,Duplicate?
d214ca80-279f-49e8-a9e3-dd72d5973a17,17-05-2025,Apple,$3408.61,USD,Pending,,A36,Anomaly check
f7a603af-e3d1-4488-9cbb-36bcd7ee1838,14-03-2025,Shell Petrol,138.24,USD,PENDING,Travel,A20,Duplicate?
a5daf549-501c-4637-a04a-679270aa1b91,26-08-2025,Shell Petrol,3975.59,usd,Pending,Other,A17,Refunded
ebf126be-3d77-4361-b0a8-de8f354b5b20,2025/11/20,Spotify,603.35,inr,SUCCESS,Cash Withdrawal,A12,
6e51f787-de0c-4f00-9af1-8848affecce2,13-03-2025,Swiggy,2755.3,usd,FAILED,Shopping,A24,
7c2f57c5-e4c8-4553-b604-4ba4a2f7299e,2025/06/16,Local Bakery,186.21,USD,Pending,Cash Withdrawal,A42,SUSPICIOUS
6dd083d2-3096-42be-b10e-d12fa8c86c0a,10-03-2025,Swiggy,$4474.35,usd,Pending,Utilities,A16,Duplicate?
64a71111-b68c-4452-9b43-658d30deceb7,14-11-2025,Shell Petrol,45762.58,INR,FAILED,Entertainment,A12,Duplicate?
df058ded-aa32-4ade-8bbc-3b179ecd1b79,08-10-2025,Ola,2679.94,INR,FAILED,Healthcare,A10,Refunded
274c7607-5a2b-49ca-b732-2d7350a92fbe,25-07-2025,IRCTC,726.05,INR,success,Other,A18,SUSPICIOUS
a1427d71-e8e9-492c-b4b6-65073e7a9398,28-12-2025,Local Bakery,$1815.86,usd,success,,A24,SUSPICIOUS
72ef10e4-312a-47cf-a404-4beb6a6285ab,2025/02/24,Swiggy,1177.25,INR,success,Shopping,A34,Refunded
8a7481e6-1a3e-4c0c-85c8-c1e74f94dbde,02-02-2025,Ola,1734.9,USD,success,Other,A3,SUSPICIOUS
899f2672-57cd-481a-99e2-b8a6c702cd79,2025/07/13,Local Bakery,4090.17,USD,PENDING,Cash Withdrawal,A3,Refunded
580e11ad-21e4-4f8e-acbb-14b4173d6162,25-04-2025,IRCTC,352.62,inr,success,Cash Withdrawal,A50,
80bdc237-15ca-4f9e-a775-1260fa647293,04-11-2025,Google,873.48,USD,FAILED,Travel,A45,Duplicate?
9ca421dc-e6a8-448d-99e5-55485d101711,2025/05/12,Flipkart,$4182.2,INR,failed,Transport,A10,Anomaly check
,2025/05/17,Amazon,1393.2,USD,FAILED,Shopping,A22,Duplicate?
25903522-ca1d-4058-bcc6-60eabb325a9e,16-04-2025,Swiggy,$3925.06,inr,SUCCESS,Transport,A13,Duplicate?
6b8dcfa5-7078-4eb6-9ec0-a7773f7edb9b,22-07-2025,Swiggy,$3447.08,INR,failed,Shopping,A15,
8baa511d-98da-4794-8002-78e4e1da4c74,2025/05/21,Zomato,1312.13,usd,failed,Healthcare,A40,Anomaly check
725b7bc6-c5f9-453f-b9f3-982463cd9b0f,13-10-2025,Spotify,4111.71,INR,PENDING,Shopping,A18,SUSPICIOUS
f892c233-5df3-4709-ae60-5b4dd82a8112,2025/05/26,Spotify,$817.87,USD,success,Healthcare,A28,Anomaly check
5ad8ffaa-bed2-41b1-8485-6d90f0c58f60,09-10-2025,Swiggy,1680.62,USD,success,Utilities,A38,Refunded
2dad0360-0b96-4eb1-93f3-e850029a129c,05-09-2025,Zomato,803.84,inr,failed,Entertainment,A42,SUSPICIOUS
625c6b80-2c5d-4ade-aef7-edcae750b91e,25-12-2025,Shell Petrol,2994.5,USD,success,Healthcare,A23,Anomaly check
723023eb-5665-40b1-8ef2-6e859ef35776,2025/04/27,Netflix,$3990.88,inr,failed,,A14,Refunded
9e2c44cc-dc60-4d2a-9af1-0fde94e7576c,22-03-2025,Amazon,1048.66,usd,Pending,Utilities,A26,Anomaly check
,2025/12/17,Netflix,$712.79,inr,FAILED,Shopping,A39,
c6a335ef-7821-4192-990b-c537b751e094,15-08-2025,Flipkart,4445.08,USD,FAILED,,A47,Duplicate?
82f603e7-0e47-4264-850f-4ccf4dedc334,2025/06/27,Local Bakery,3145.67,USD,Pending,Utilities,A12,
,05-07-2025,Local Bakery,2363.15,usd,Pending,Entertainment,A41,Duplicate?
532cfeaa-4cd0-4cc8-b224-5fc0cac4902b,24-08-2025,Spotify,4357.36,INR,PENDING,,A41,
eca30bda-d7d5-400e-8e23-7f09b6f16605,2025/05/03,Apple,4388.46,USD,Pending,Travel,A26,SUSPICIOUS
570e4efe-9bf6-4925-a115-bad7959f4698,23-08-2025,Local Bakery,732.55,USD,FAILED,,A8,Refunded
312ada69-6443-459c-9f53-6a20a02dde95,25-09-2025,Zomato,1495.99,inr,failed,Transport,A45,
7062cddd-181d-4ba8-a65f-7fd38f6bf03f,21-11-2025,Local Bakery,524.64,usd,success,Cash Withdrawal,A44,Duplicate?
d1555170-1610-43bf-9b13-0dcbfc84e090,2025/10/13,Swiggy,2452.54,USD,PENDING,Travel,A36,Duplicate?
cc817d79-0312-4bbd-bcb3-cc344593b331,12-07-2025,Local Bakery,3532.71,USD,success,Transport,A33,Anomaly check
530ab217-dd5d-4098-9221-33c1d740a611,2025/03/19,Flipkart,$346.91,USD,success,Entertainment,A31,
2b6e08c5-768a-4378-82b9-3192ddc49e86,17-10-2025,Google,2264.67,USD,SUCCESS,Other,A30,Duplicate?
e03437c4-d174-450a-96fd-b41c472fc20e,2025/06/20,IRCTC,1840.34,USD,SUCCESS,Utilities,A19,
08c62f03-ddbf-4564-9c04-d8ea6108862c,30-03-2025,Netflix,1547.82,usd,SUCCESS,Utilities,A41,Anomaly check
f71c95a4-0976-4bb1-b358-c9d93529eed6,11-04-2025,Apple,2686.13,inr,SUCCESS,,A37,Duplicate?
c1973303-18b2-49be-9148-5b08943d9136,2025/09/19,IRCTC,1730.89,inr,success,Shopping,A26,SUSPICIOUS
73e56646-5bd1-49a8-889a-612e13c0b9cc,01-01-2025,Flipkart,$102.83,inr,FAILED,,A9,Refunded
2b99c95f-b036-42da-8c86-036ce5125571,20-07-2025,Local Bakery,501.83,inr,PENDING,Food,A27,Anomaly check
aad9324d-38a6-4973-87fd-57d3c0fd1742,2025/06/08,Amazon,$4014.62,inr,Pending,Entertainment,A36,SUSPICIOUS
291bc92f-1ea7-4ef6-8858-b9a2e5365b8f,09-08-2025,Netflix,3630.07,INR,FAILED,Food,A5,Anomaly check
364c9a10-7ee8-4bcf-a881-0f1364acc24c,2025/05/30,Shell Petrol,4851.46,usd,SUCCESS,Entertainment,A22,Anomaly check
a3db5745-6ccc-4140-bf44-47597bde85a2,31-01-2025,IRCTC,2684.99,INR,FAILED,Healthcare,A28,Anomaly check
58351984-82c4-4648-940a-cd8ff4810c43,2025/05/29,Swiggy,1113.88,usd,SUCCESS,Travel,A38,
92819562-1352-4763-91b8-84efee37a2da,22-02-2025,Netflix,611.06,inr,success,,A31,Duplicate?
fea31521-689b-4fe6-9143-f3ae1bb27ba7,04-05-2025,Swiggy,4988.35,INR,Pending,Utilities,A14,SUSPICIOUS
d88c18d8-1680-49c3-b0ed-9d4b50c68b33,30-09-2025,Apple,1140.56,inr,PENDING,,A30,Anomaly check
1e0ea38c-78ed-484c-a749-33a7046c6836,25-09-2025,Shell Petrol,$4831.29,inr,SUCCESS,Entertainment,A4,SUSPICIOUS
0d63a107-9cfe-40e7-adfc-af17033b4d77,2025/04/25,Spotify,140.14,inr,success,Cash Withdrawal,A31,SUSPICIOUS
82278278-5e51-453a-b630-070a8a61cc3b,30-06-2025,Amazon,294.27,INR,success,Other,A21,Duplicate?
b388c367-cbc8-4da0-a1d3-3e4471ca6674,17-03-2025,Netflix,$4308.33,USD,Pending,,A39,SUSPICIOUS
b388c367-cbc8-4da0-a1d3-3e4471ca6674,17-03-2025,Netflix,$4308.33,USD,Pending,,A39,SUSPICIOUS
bd898f02-b8e3-4ab2-85cc-db9249e39fe6,2025/09/05,Zomato,2338.3,INR,SUCCESS,Cash Withdrawal,A16,Anomaly check
97332377-857f-44e0-9835-ef5aa198e27e,2025/11/03,Spotify,215.19,INR,success,Entertainment,A50,Anomaly check
43760f12-9fb7-405f-8846-1937b2ad2099,25-11-2025,Flipkart,$1679.22,USD,failed,,A13,SUSPICIOUS
d011b0d8-e198-4f99-b936-f2b99f31c405,12-09-2025,Netflix,1369.35,USD,FAILED,,A47,Duplicate?
b495343b-7616-4ba4-bcf8-c33552b5c22f,2025/03/01,Ola,2426.05,USD,failed,,A11,Refunded
955c7b70-addd-4668-8ab9-a936cee946bf,20-04-2025,Uber India,15.46,USD,SUCCESS,,A43,Anomaly check
d1ec86c2-013e-4838-b3ed-ba298c0b086a,12-01-2025,Uber India,924.44,INR,failed,,A16,Refunded
4cc322e9-ff8d-4689-b36e-e57e3cb1684c,09-06-2025,Uber India,4349.44,INR,failed,Healthcare,A45,SUSPICIOUS
ceecf051-1e2c-456a-850d-74315a6d59dc,12-09-2025,Google,343.92,inr,SUCCESS,Entertainment,A15,Duplicate?
1770c523-ea49-485d-bb19-069e7da4ca7b,20-10-2025,Local Bakery,4673.66,inr,success,,A50,Refunded
e0136e8b-b8bf-4734-8b1a-c655e0312f98,2025/02/04,Zomato,2581.65,inr,success,Other,A37,Refunded
f5aebbfa-965d-4e17-a7d1-e4b30923eab8,22-10-2025,Uber India,819.75,usd,Pending,Shopping,A5,Anomaly check
88b8257c-aeea-4346-b2d0-4f2851ffbd0c,27-04-2025,Zomato,2749.6,INR,failed,Food,A1,Refunded
f326179c-6f08-409b-a4c1-7c407eb02623,08-07-2025,Shell Petrol,4870.43,INR,failed,Transport,A15,Anomaly check
2772730b-2c62-46e7-b291-0b2554f052c6,2025/01/10,Ola,3017.37,usd,FAILED,Transport,A9,SUSPICIOUS
8b2279ce-8f71-4e43-9298-f81910542ded,2025/10/21,Flipkart,1415.06,INR,SUCCESS,Food,A31,Duplicate?
4303a34d-1fd3-453e-a672-3c60564b698c,2025/04/15,Local Bakery,384.79,usd,PENDING,,A43,
ecc89820-656c-41d0-a5e0-35baec280f25,2025/03/11,Uber India,$2321.56,INR,FAILED,Cash Withdrawal,A30,
,09-12-2025,Netflix,$3376.47,INR,PENDING,Entertainment,A46,
87be69bc-5168-4572-ae82-16d520dfe5d8,27-11-2025,Spotify,3612.86,USD,PENDING,Other,A15,SUSPICIOUS
24c404d9-6121-4033-893e-548db16c5ec4,2025/05/16,Zomato,1975.12,usd,FAILED,Travel,A17,Refunded
24c404d9-6121-4033-893e-548db16c5ec4,2025/05/16,Zomato,1975.12,usd,FAILED,Travel,A17,Refunded
742ffa36-e0b1-4122-b2c7-555276bde48c,2025/10/20,Google,2527.95,usd,SUCCESS,Food,A39,
e1d238c8-1b97-4d07-a75b-02f43fdc0e71,2025/11/14,Spotify,4291.47,usd,success,Other,A31,SUSPICIOUS
c8d6f107-5cd8-41ba-b5fe-2aebe3ec93d9,14-07-2025,Amazon,$2753.21,INR,Pending,Entertainment,A44,
dd8e2771-2829-45a3-ae19-e46199086599,03-06-2025,Local Bakery,4082.32,inr,failed,,A16,Duplicate?
bec9fe8d-cbea-4d4f-92da-9c7459cf6597,2025/01/26,Flipkart,3563.84,inr,success,Entertainment,A12,
be93d198-d020-48f5-916b-002f33da9523,28-06-2025,Zomato,3565.56,inr,Pending,Other,A12,Duplicate?
ff974b42-f14b-4aef-84d6-33f539feaf70,2025/07/07,Zomato,2188.48,INR,success,Other,A19,Anomaly check
735488d1-7a24-461e-abdf-4bbba75a2ade,2025/11/05,Netflix,3021.77,inr,PENDING,Transport,A12,Refunded
006c0a1c-e601-4cd1-9977-4ab1f02f1b2b,17-06-2025,Local Bakery,1935.92,usd,FAILED,Healthcare,A28,
,12-01-2025,Ola,123.3,inr,PENDING,Entertainment,A22,Anomaly check
d13535db-dfc9-4713-a99e-555d548d7d13,02-06-2025,Google,1645.17,USD,SUCCESS,Healthcare,A6,Duplicate?
588edc1a-e1c7-42c3-9438-cce373472ebf,30-04-2025,Netflix,4155.2,usd,PENDING,Healthcare,A22,SUSPICIOUS
0dfa8443-d322-4a2a-9e38-2226f2878e26,20-08-2025,Spotify,811.31,usd,failed,Entertainment,A1,Duplicate?
f0221fde-b316-44b0-9a6a-822848e1a16d,31-05-2025,Local Bakery,$1942.36,inr,Pending,Entertainment,A17,SUSPICIOUS
634434f8-190c-4e34-8510-abe7139ac6fd,13-12-2025,Local Bakery,3167.37,INR,PENDING,Transport,A7,Anomaly check
856f9ab0-4b04-4ade-ab2e-9c134cd28bc3,01-06-2025,Local Bakery,$4732.0,USD,failed,Entertainment,A43,Anomaly check
11943cbb-ecff-4759-bc20-f80d3e62167d,24-06-2025,Spotify,2659.05,USD,success,Food,A15,
73a9a934-a586-422b-ba59-5edbc127f2c5,08-02-2025,Local Bakery,$2177.54,usd,PENDING,Other,A30,Duplicate?
6dc369dd-4d1f-491e-8dbf-87285ded653f,2025/04/17,Uber India,655.82,INR,Pending,Other,A50,Duplicate?
b6b7bb30-224d-4c5c-bb00-4d5ba625a091,11-06-2025,Google,639.79,USD,SUCCESS,Cash Withdrawal,A34,
d524083f-e63d-44d6-a7b7-ead7490a86b1,2025/09/20,Ola,4683.08,USD,failed,,A17,
8fbc58a6-7c10-460f-8865-fd766ecd8ab8,2025/12/16,Google,781.4,usd,failed,Food,A33,
a601e924-bfca-424d-8d73-7b5cea3be049,2025/03/27,Google,933.13,USD,Pending,Food,A33,SUSPICIOUS
8076f411-0948-4bc8-9a40-c211ed2ce058,2025/02/16,Uber India,1734.32,usd,failed,Food,A18,Refunded
4dcca0c9-cfeb-45c5-a6df-18db976da0fd,06-09-2025,Ola,164.16,USD,success,,A20,Anomaly check
af36fb22-00c4-4bee-88e1-c9a0a389187a,18-06-2025,Flipkart,4003.8,INR,failed,,A39,Duplicate?
e746627a-6d64-4b8d-b10f-73ae6702b94f,2025/07/30,Shell Petrol,$3516.33,USD,failed,Entertainment,A46,SUSPICIOUS
08a00463-30bf-41bd-8dd7-49cadff1965a,2025/12/03,Shell Petrol,147.71,usd,PENDING,Transport,A40,Refunded
2956d235-2733-41b0-9007-2f435812aa00,30-10-2025,Netflix,26.67,INR,failed,,A50,SUSPICIOUS
518580fa-85a5-4f74-a9ea-5c6719f5b783,2025/03/16,Spotify,108.0,inr,FAILED,Entertainment,A28,Refunded
70a52593-ca2a-47dd-81b3-651b15a74767,15-08-2025,Flipkart,2054.1,usd,SUCCESS,,A5,SUSPICIOUS
61da9413-d3a0-4ad2-8569-15270ce1caac,07-02-2025,Zomato,2688.22,USD,failed,Travel,A7,
9137e74a-a4b8-4ef9-8add-87f8dfd244c9,11-04-2025,IRCTC,1756.51,USD,FAILED,,A40,SUSPICIOUS
011a1125-5f0a-4b7a-8ce1-7aa671205ecd,2025/02/28,Netflix,$1324.64,INR,failed,Transport,A20,
60e436b2-a721-4185-8f77-41be98ab0af0,11-08-2025,Amazon,$3016.98,USD,SUCCESS,Shopping,A20,Refunded
7488a2d7-4956-4e26-b1c8-edf3a4d46550,27-07-2025,Apple,$1551.18,inr,Pending,,A42,Duplicate?
36b4726d-d40e-4514-8d62-d60e6e9dfbbf,29-03-2025,Apple,1708.35,USD,SUCCESS,Cash Withdrawal,A20,
f61a3999-6600-4784-8cca-f21fc4aea4c8,2025/12/05,Flipkart,3741.1,INR,SUCCESS,Shopping,A48,Refunded
03de4df1-5132-464c-b1fe-c611554fe4af,17-04-2025,Swiggy,4963.33,inr,FAILED,Healthcare,A32,Refunded
ad8d78ca-b1f0-4922-923d-822332b99e5b,08-05-2025,Uber India,3409.27,USD,PENDING,Travel,A24,
e30c7fb9-c06b-45ce-9378-63a625ade274,2025/10/26,Apple,4952.44,usd,failed,Transport,A28,Refunded
c8700a69-5795-4a32-bef4-a674c6329ebe,29-05-2025,Spotify,$508.5,inr,PENDING,Entertainment,A29,Refunded
d332eba3-323d-42c4-8ce0-5263f13dac00,2025/08/02,Apple,172.13,INR,Pending,Entertainment,A47,SUSPICIOUS
d00600c4-7221-4f12-8849-2bc08ca1dfc7,2025/05/31,Spotify,1415.91,usd,failed,,A16,Anomaly check
53941877-c1fe-4766-9875-3e09217407b0,09-07-2025,Ola,1465.55,usd,Pending,Other,A28,Refunded
178bef1b-28cb-4b93-9b2c-54858aa70f58,2026/01/01,Local Bakery,2943.35,USD,FAILED,,A16,Refunded
31e4cef9-7f11-4d57-8ebe-62626fac4718,2026/01/01,Spotify,410.83,inr,Pending,Entertainment,A30,Duplicate?
207d8354-e4d2-460b-a6d8-08f9d8823c92,2025/02/03,Google,2483.05,INR,SUCCESS,Cash Withdrawal,A25,Refunded
0c99fc4c-d3b6-4ba1-9780-a30ce935cc14,06-09-2025,Spotify,1032.62,USD,PENDING,Transport,A2,Refunded
3b965ad4-7a54-4373-aa17-f6243b565668,17-11-2025,Google,1774.72,INR,SUCCESS,Healthcare,A27,Refunded
0a619085-706d-4733-9c7b-69e09fcc2a29,07-05-2025,IRCTC,3881.3,INR,PENDING,Cash Withdrawal,A43,Anomaly check
4a4eda0a-3eed-4cf4-8940-cceb2f756d5b,24-12-2025,IRCTC,346.71,INR,FAILED,,A39,Anomaly check
e2f78e54-bebb-4f7f-b98a-5d675448d889,18-02-2025,Netflix,3938.6,USD,SUCCESS,Food,A13,Anomaly check
36a26e34-d824-4386-b9f5-e197575ff3b3,09-02-2025,Flipkart,1512.11,INR,success,Healthcare,A43,Duplicate?
11ed67e2-490b-4909-b38d-4d7a392e7b21,17-10-2025,Zomato,$2099.2,usd,Pending,Cash Withdrawal,A31,Anomaly check
2b145021-835e-4ef8-82b2-fd12d4fc7d1a,11-01-2025,Zomato,$2569.47,usd,FAILED,Food,A3,Refunded
33c92ec3-b909-472a-86aa-89dcad00385f,06-06-2025,Zomato,2725.28,USD,SUCCESS,Transport,A35,Anomaly check
,2025/12/22,Flipkart,345.37,USD,PENDING,Transport,A47,Refunded
122b8a55-3a31-46f3-a6e0-1ede5cec54b7,20-03-2025,Apple,3494.79,INR,FAILED,Entertainment,A16,Duplicate?
460dd51a-8b5e-4ef8-bf02-0b17f8d0093a,2025/06/13,Spotify,4544.71,INR,SUCCESS,Entertainment,A2,
17699ae9-269a-4242-886d-b12f37494d47,2025/03/29,Google,1500.58,usd,FAILED,Food,A15,Anomaly check
76bc8735-84a9-4f07-a3d6-2f09a57178af,25-11-2025,Flipkart,2096.68,USD,PENDING,,A1,Duplicate?
9426eb71-7f51-4a59-978a-71d5bea86f04,2025/09/01,Shell Petrol,1890.07,inr,Pending,Healthcare,A11,
ff33c82a-87e2-488e-95a5-d690e01b8b7b,2025/05/21,Amazon,394.18,usd,PENDING,Utilities,A22,
e2ff6c07-9a67-4839-905f-779431daead6,01-02-2025,Swiggy,$1535.71,USD,success,Transport,A46,Anomaly check
0ede8db4-6ea1-42cd-8c1c-954de4f565e1,26-12-2025,Swiggy,2843.99,USD,failed,Other,A25,Anomaly check
0ad03e52-fde8-46fe-9586-0f7041ef4f3a,02-01-2025,Shell Petrol,1156.41,USD,SUCCESS,,A24,Anomaly check
41cb4361-9f66-4d59-b25b-d02884037cf1,2025/08/09,IRCTC,1530.74,inr,failed,Food,A31,Duplicate?
54bc3736-794b-4354-9e37-12a1b8664983,29-04-2025,Ola,372.18,USD,SUCCESS,Food,A44,Refunded
6fa0a48f-5ef5-473b-8a9f-98ee79c7e000,2025/03/29,Zomato,$1525.99,usd,success,,A24,Refunded
d0aa180e-5c8e-4fc0-a0ec-cf955bd55c9d,31-10-2025,Ola,4804.3,INR,success,Food,A30,
1a65bb85-c3f1-4b10-9f97-04aa8ff3468d,2025/08/20,Spotify,3267.01,usd,success,Cash Withdrawal,A44,Anomaly check
1a65bb85-c3f1-4b10-9f97-04aa8ff3468d,2025/08/20,Spotify,3267.01,usd,success,Cash Withdrawal,A44,Anomaly check
,26-05-2025,Spotify,4290.79,inr,Pending,Cash Withdrawal,A32,Anomaly check
5568cdbe-3b8b-4af3-9459-c61c1a25a00f,01-02-2025,Local Bakery,$702.43,usd,FAILED,Transport,A42,Refunded
003494e0-dfe5-4bef-b86a-bc1b0a797353,2025/09/04,Shell Petrol,1719.47,usd,success,Healthcare,A8,Anomaly check
ecbe0658-b08c-4ae1-8a49-f833b3c533b1,09-12-2025,Swiggy,906.12,USD,FAILED,Other,A22,Refunded
9fe126f4-6215-40ad-8886-dcef2a35500d,2025/10/12,Shell Petrol,715.15,INR,failed,Food,A27,
8b052221-2b0e-43a7-a084-bad50f3eb795,08-09-2025,Shell Petrol,3166.01,usd,FAILED,Healthcare,A18,Anomaly check
763bc68b-856b-4bc3-927f-278a1f05b457,10-02-2025,Spotify,$356.28,INR,SUCCESS,Food,A40,Refunded
1ed18b19-abde-4770-a7aa-30a63ecc401b,2025/08/03,Uber India,4816.9,INR,FAILED,Transport,A49,Duplicate?
1b9564d5-bf26-4197-8ac9-1604eec9ca91,2025/12/11,Spotify,643.44,usd,PENDING,,A36,
78bffa23-b6c1-436b-99be-eb7a3086e5e2,23-11-2025,Shell Petrol,683.05,usd,PENDING,Travel,A37,Refunded
2ce4f0b8-c14a-42ca-91a9-9338fa8db29d,2025/01/07,Flipkart,2987.81,usd,Pending,Shopping,A40,Anomaly check
a7308b13-a85b-47a6-a740-ac249bc06b5a,2025/03/13,Uber India,2186.38,USD,failed,Utilities,A24,SUSPICIOUS
c867469e-d035-4583-8854-9769a25cfa93,22-06-2025,Local Bakery,4203.75,INR,FAILED,,A37,SUSPICIOUS
7d7b6c74-b2b6-4dd8-9d18-e7c41cd49eac,21-06-2025,Swiggy,$1723.31,inr,SUCCESS,Transport,A18,
3f95f663-a3fb-4852-b8bb-59a3bccc3602,31-05-2025,Spotify,955.8,USD,PENDING,Entertainment,A9,
a404d80f-8fa8-48b1-b2e4-7ee5a2a59910,30-01-2025,Ola,$2734.77,usd,success,Healthcare,A9,
1de9628f-6cb3-4467-a0fd-9a9ddce3f69f,14-09-2025,Amazon,659.02,INR,SUCCESS,Utilities,A40,Anomaly check
75c7666b-e809-45fa-89c2-471e2c14aa8e,2025/09/05,IRCTC,1812.28,inr,failed,Healthcare,A24,Refunded
,2025/07/08,Spotify,451.12,inr,Pending,Transport,A3,Refunded
aefffb85-51e2-477a-a1e3-006eb4d701e5,2025/07/31,Shell Petrol,3532.01,INR,success,Transport,A48,Refunded
4a2d2c71-63ab-41ee-b10a-5acf0659ec65,2025/01/20,Uber India,4580.96,inr,failed,Food,A39,SUSPICIOUS
6927de14-7baf-4134-b221-77446d1eb009,2026/01/01,IRCTC,$872.39,USD,failed,Food,A40,Refunded
45b4f5e6-e235-4a08-89bd-70a0e27d18c3,2025/11/14,Swiggy,$2986.37,INR,failed,,A3,Anomaly check
43ea5c20-d470-4896-867c-dedf1364091e,16-11-2025,Uber India,$3196.95,usd,success,Other,A11,Anomaly check
dac6fe72-4eb4-46f9-9536-d24f744d4b2f,03-08-2025,Amazon,2183.37,USD,PENDING,Other,A42,Refunded
a966fe44-8149-481b-8690-44527ea554ae,24-09-2025,Zomato,36.01,usd,PENDING,Entertainment,A24,
9f47278f-8ee2-43d8-ba4e-27817e15009e,2025/04/18,IRCTC,3893.37,USD,success,Travel,A27,
82deda3d-2542-4944-8dd2-c307210ad5cc,2025/01/15,Ola,$4186.99,inr,PENDING,Transport,A43,SUSPICIOUS
,2025/02/28,Amazon,3426.53,USD,Pending,,A25,Anomaly check
791c828f-09ce-4c5c-9f1d-8f4d4532c07d,2025/05/12,Netflix,$4263.15,INR,PENDING,Utilities,A6,Anomaly check
36260c5e-dd37-4310-8f33-66fec152a05a,2025/04/28,Local Bakery,3659.1,INR,FAILED,,A30,Duplicate?
60350c1b-e9ae-4f80-89cf-c42a987f37a7,2025/10/04,Apple,4535.96,USD,PENDING,Utilities,A23,Anomaly check
020203ec-580b-45ef-8dd5-0bb4f6838600,12-11-2025,Swiggy,$4962.02,USD,FAILED,Transport,A3,
ed036426-bb3b-4095-a13b-e1f97299d2ae,2025/04/02,Google,4336.93,USD,Pending,Cash Withdrawal,A27,
46b5e4f4-17e7-4a10-901c-b901572dee78,2025/01/18,Flipkart,1440.6,USD,failed,,A16,Refunded
97754f62-357a-4d63-8963-0f75fa1c8705,2025/07/14,Spotify,2806.04,USD,failed,Healthcare,A44,
41c5d834-0612-45a2-ac8e-9b114f4cf93b,10-12-2025,Amazon,1936.15,usd,SUCCESS,Cash Withdrawal,A24,Refunded
ac7b5068-f1ae-41fb-b47d-03de3e0dbc52,2025/08/10,Spotify,2042.36,INR,failed,Healthcare,A23,Duplicate?
8f100a8c-499e-45b2-b7f3-e960f70ba956,2025/02/14,Local Bakery,4335.92,inr,failed,Healthcare,A1,
b0e31a16-1a20-4a91-ba1b-d3095f02b9e3,2025/12/20,Google,4713.76,INR,failed,Entertainment,A40,Duplicate?
,2025/09/12,Spotify,$3111.76,USD,PENDING,Food,A1,SUSPICIOUS
807e2bdf-5a69-4b41-aaed-9d04b8a4a662,2025/03/14,Amazon,1705.86,INR,FAILED,Healthcare,A18,SUSPICIOUS
aeddd33e-5fa7-48ac-82a1-3efe95f91c43,20-10-2025,Spotify,4828.71,INR,FAILED,Healthcare,A48,
c43d7c84-9baf-4206-8917-8618970ee8a6,2025/10/25,Amazon,3150.38,inr,success,,A19,SUSPICIOUS
6be9f80b-182a-43e6-9c66-29088f55c070,01-10-2025,Shell Petrol,1405.96,usd,FAILED,,A30,SUSPICIOUS
19093a46-b11d-4e49-8807-435132e7d665,13-08-2025,Shell Petrol,1710.42,inr,PENDING,Healthcare,A26,Anomaly check
93167163-4659-4fb7-8b1f-bc9a884d87c2,28-10-2025,Spotify,2178.96,USD,SUCCESS,Utilities,A42,Refunded
39a9ecc0-f474-409c-80b5-fffcd2890bd3,11-11-2025,Ola,3387.8,INR,FAILED,Cash Withdrawal,A36,SUSPICIOUS
0a40c71c-9de9-41b7-96fa-2809489b3a88,01-01-2025,Swiggy,4404.87,inr,SUCCESS,Transport,A42,SUSPICIOUS
167ff8d1-85cc-4b68-b270-659a58c19241,2025/12/24,Spotify,3144.9,usd,Pending,Cash Withdrawal,A15,Anomaly check
c7e21cdd-b6de-45a9-9ebd-152e331c10af,21-08-2025,Amazon,2764.41,INR,SUCCESS,Other,A10,Anomaly check
,21-10-2025,Ola,$2199.29,USD,success,Food,A32,SUSPICIOUS
cb7a4e58-534f-4d60-ae17-264f71d0f4b7,22-06-2025,Swiggy,590.09,USD,success,Utilities,A13,Duplicate?
5760b969-5d58-41d8-b0fe-3505819fecb1,2025/03/14,Swiggy,1079.72,usd,PENDING,Other,A8,Duplicate?
,11-12-2025,Amazon,3904.93,usd,FAILED,Other,A17,Anomaly check
,2025/10/25,Shell Petrol,62.45,USD,failed,Travel,A35,Refunded
d6de2f00-4221-4ef8-8311-50ea4571cbfd,28-05-2025,Flipkart,240.25,INR,success,Food,A44,Refunded
89801ca8-c7aa-470a-8e29-947cb57c4972,19-07-2025,Local Bakery,753.17,INR,failed,,A6,Duplicate?
e104d049-54ee-459f-8097-65668d53ab9e,2025/03/03,Apple,4958.19,INR,PENDING,Travel,A45,Duplicate?
ac9e9ee6-da6c-435d-a3f7-d570f92fb9dc,2025/01/10,IRCTC,3115.2,usd,PENDING,,A32,Duplicate?
7ea65dbc-403b-433f-8a23-d0aec3dc1b75,06-10-2025,Google,3040.85,inr,failed,Other,A49,SUSPICIOUS
9e4f4aca-e555-45e9-96d2-60e3bce29252,2025/09/16,Spotify,1972.28,USD,PENDING,Shopping,A6,
9e4f4aca-e555-45e9-96d2-60e3bce29252,2025/09/16,Spotify,1972.28,USD,PENDING,Shopping,A6,
814c7cdd-ede5-45c4-a367-82493db19ac7,2025/10/26,Flipkart,1454.39,usd,failed,,A42,Duplicate?
46c7f223-2a95-4915-8ecc-2fd9541715a8,2025/11/28,Uber India,1272.4,INR,SUCCESS,Shopping,A13,Refunded
20740395-684e-406a-adcd-3f8c2e8f08e2,2025/03/24,Apple,1601.47,usd,success,Transport,A14,Duplicate?
4fcaabed-cd0c-4208-9b01-347ac5104f9e,30-08-2025,Zomato,2308.72,USD,FAILED,Transport,A49,SUSPICIOUS
b4eca76e-a1cf-4a74-b18a-aa0b8648cb0c,2025/12/19,Uber India,1261.14,inr,PENDING,,A50,Duplicate?
bdd910ce-1367-4503-bb9d-190609c41163,22-01-2025,Swiggy,1685.61,inr,FAILED,Entertainment,A22,Anomaly check
86f1c5d9-74ec-4673-ad94-dbcbefe63892,01-09-2025,Shell Petrol,$449.43,USD,Pending,Cash Withdrawal,A43,
4ef275f8-6a51-4087-ab3b-8d93841976ad,15-05-2025,Zomato,936.32,inr,SUCCESS,Utilities,A43,SUSPICIOUS
8e4d0294-7aca-42e0-9dc5-5b94ec3ac033,21-10-2025,Swiggy,2249.3,USD,SUCCESS,Shopping,A41,Duplicate?
92c0739c-9d63-4c64-ba83-b9b8fb174863,2025/01/17,Apple,3641.4,usd,success,,A9,Refunded
d193931e-72b8-4be1-86b5-ae5a74ae4c33,08-10-2025,Local Bakery,1133.15,inr,failed,,A27,Refunded
0d3420f2-c2ba-4277-a82e-05d8fc9931bf,2025/11/07,Shell Petrol,2609.82,inr,Pending,Other,A43,Refunded
5b9cb95e-9c7b-4a1d-af00-283e3089e498,2025/05/11,Netflix,3470.77,INR,FAILED,Utilities,A31,SUSPICIOUS
7364a438-febb-491f-aeff-9b59ef793043,08-05-2025,Zomato,4199.83,inr,failed,Cash Withdrawal,A28,Refunded
8b64554d-54cd-4613-a399-52531c86a1cc,2025/02/03,Local Bakery,1910.56,inr,FAILED,Travel,A31,Anomaly check
56485d81-53a5-4c3e-8fa0-c5e7e1854319,17-03-2025,Swiggy,4335.18,inr,FAILED,,A38,SUSPICIOUS
f6cd6163-6b49-4850-aa46-98676a7d2d9c,2025/09/28,Apple,4558.96,INR,FAILED,Utilities,A48,Anomaly check
b32c6c13-2874-4672-b0f7-f9818a0315cd,2025/12/30,Google,2134.87,INR,success,Healthcare,A42,Refunded
,2025/12/10,Spotify,2980.43,inr,PENDING,,A2,Anomaly check
,2025/03/23,Ola,3568.62,USD,SUCCESS,Other,A43,Anomaly check
b5cd9f9d-ec44-4d54-bbbd-075eecf11f01,27-03-2025,Spotify,$4146.39,inr,FAILED,Other,A7,Anomaly check
f1b479e6-6e44-4a31-8a9d-77b1bd9a9c65,2025/08/04,Local Bakery,4423.88,USD,SUCCESS,Entertainment,A31,
8b6256e1-3de9-47c2-a354-dd918203c9f0,2025/10/12,Shell Petrol,1893.66,USD,success,Other,A50,
,20-06-2025,Uber India,3184.46,inr,FAILED,Food,A39,Refunded
46f7ef70-6640-49bc-9628-29a9dad16462,2025/03/30,Uber India,4818.63,INR,Pending,Shopping,A34,SUSPICIOUS
a091ec7f-0c02-4649-abaa-9a66d2fc8598,31-07-2025,Google,1177.57,usd,success,Cash Withdrawal,A48,Duplicate?
17da730a-de2b-4c23-af34-d40ff3b1d730,2025/04/22,Shell Petrol,332.46,usd,Pending,Shopping,A46,Refunded
d758d80c-8e36-4427-9edc-0e010ce52f6c,27-10-2025,Netflix,$1221.28,USD,success,,A2,SUSPICIOUS
80e7e3e1-a269-4ee1-ac61-f31c06af9bb7,2025/08/25,Uber India,$1253.57,INR,failed,Food,A42,Duplicate?
91dcda5c-bc1d-455d-8568-6cddb8466452,2025/06/17,Amazon,$760.57,INR,FAILED,Shopping,A45,Anomaly check
a5b0fd60-e3ee-48bf-b616-51a1eab84692,09-12-2025,Apple,893.28,inr,PENDING,Healthcare,A30,
ec00f0e3-1c2a-4b23-a943-fa222048567f,2025/05/07,Google,2524.34,inr,Pending,Entertainment,A15,SUSPICIOUS
5d565603-6dff-4d53-9bf4-c5baec0f3187,07-12-2025,Swiggy,$1960.93,USD,FAILED,Food,A39,Anomaly check
d689ce09-ecb6-49df-a185-bb85e82f9b30,04-10-2025,Apple,$901.48,USD,SUCCESS,Healthcare,A43,Duplicate?
316955a9-cc01-4428-9c5a-9b302adde5d3,27-12-2025,Swiggy,37867.78,inr,FAILED,Transport,A28,
a519194a-dc03-40c1-b766-e85d43f72d27,2025/03/30,Netflix,1846.51,INR,failed,Food,A34,SUSPICIOUS
76c00c16-09c2-4193-9dc8-8d5fdd8ae96d,28-05-2025,Uber India,838.39,USD,success,Healthcare,A21,SUSPICIOUS
862e636b-b88b-4a63-874a-e0ec0d8ceb6e,2025/04/01,IRCTC,751.77,USD,FAILED,Shopping,A40,
10ae8d8b-4dba-455a-974c-ff890dd2f5bf,2025/05/18,Netflix,4375.49,INR,FAILED,Cash Withdrawal,A31,
,03-12-2025,Ola,$3200.51,inr,PENDING,Cash Withdrawal,A16,
0ac7183d-3b05-4e83-88ef-312b624d8350,2025/09/30,Uber India,4403.31,USD,success,Healthcare,A13,Anomaly check
c4a69ae0-9b61-49c1-97a2-c9d9e1bc69c3,2025/06/25,Apple,4643.82,inr,failed,Transport,A42,Refunded
1d99d07e-2be2-4382-a776-6da959b750cf,16-01-2025,Ola,4011.36,USD,success,,A21,Anomaly check
184ffbf7-4637-4c3f-97cc-efc9c699df08,2025/04/18,Google,32974.02,USD,success,,A41,Refunded
a84aec4e-2dc0-4e58-91ab-ef1ddae1d80d,2025/08/26,Ola,4354.65,inr,success,Shopping,A28,SUSPICIOUS
980030d7-2d2c-4502-b741-e9ee34aac23a,2025/06/07,Google,65.71,INR,FAILED,Healthcare,A15,Anomaly check
f9f7f120-9fed-43ee-9048-9e4fa327912f,2025/06/27,Ola,3462.24,USD,SUCCESS,Entertainment,A14,SUSPICIOUS
9ba497c2-156b-4686-a6b1-2aab645d03b7,14-12-2025,Zomato,$2575.2,usd,PENDING,Healthcare,A43,Refunded
261825ed-51b5-42bd-b2ee-3b0aab39dfd8,26-02-2025,Local Bakery,2684.45,USD,FAILED,Food,A16,Duplicate?
115ce4b7-653c-45d8-9985-41eb201e334e,2025/08/22,Apple,3615.16,USD,SUCCESS,Utilities,A37,
c26af04e-1f13-492d-b8ab-a07a8d6f8760,13-12-2025,Flipkart,4110.16,USD,Pending,,A36,
17752c4f-0436-4b27-8596-ea0c45eb27c2,02-11-2025,Netflix,2521.78,INR,FAILED,Travel,A22,
6ff756a4-96a2-4fae-a9b5-50deaaabb769,24-05-2025,Apple,4929.03,USD,failed,Transport,A44,SUSPICIOUS
fe49b858-87d7-4890-9b6e-65c1ffc48cc8,01-01-2025,Local Bakery,2941.88,USD,FAILED,Utilities,A23,Refunded
6b6c1656-aa38-4777-a14e-c8e14704b099,11-11-2025,Netflix,2326.93,INR,Pending,Other,A15,Anomaly check
5fd59bb1-c4d8-4fe9-9880-f409b58b3f2e,04-09-2025,Google,1101.93,INR,Pending,Entertainment,A33,Anomaly check
4b2537c9-e2c0-4840-9d59-7d3b88714137,2025/12/05,Amazon,149.72,INR,PENDING,Transport,A32,Anomaly check
4ad07d19-fb40-46dd-8503-0c23c8e118b7,06-05-2025,Swiggy,$3851.99,usd,PENDING,Other,A5,Refunded
42832ae9-a6f1-4126-971c-ee34b56cbb61,15-01-2025,Local Bakery,4643.06,inr,FAILED,,A2,Duplicate?
9075b782-3b80-44c0-9b42-1a077c279b8b,30-08-2025,Shell Petrol,495.75,inr,failed,Other,A35,SUSPICIOUS
03b2308a-8631-46a0-bc45-0f9694747a6b,24-01-2025,Local Bakery,2562.18,inr,SUCCESS,Entertainment,A39,
3272cb0e-f13d-49ef-8e59-592a111d609f,2025/01/27,Amazon,3339.91,USD,failed,,A18,
3f8dc13a-5ba7-419d-b103-6df7e4be9558,2025/03/15,Flipkart,772.68,USD,success,Food,A13,
fe291984-f0ef-4d35-8143-d66f0f75a99b,27-12-2025,Ola,$371.08,inr,SUCCESS,Transport,A33,
ceccf483-0894-45cf-babb-611dbe57d99b,03-04-2025,Spotify,77.7,inr,FAILED,Cash Withdrawal,A35,Anomaly check
381b9ff7-d230-41c0-b20b-886947de0b55,20-12-2025,Flipkart,4361.83,USD,PENDING,Healthcare,A10,Duplicate?
b7e2276d-5a36-414e-83e0-c837991d0b26,2025/09/30,Ola,3896.46,USD,SUCCESS,,A36,SUSPICIOUS
d304a5aa-c0ed-48c5-b22a-0a16cae4c895,2025/10/17,Swiggy,587.8,USD,failed,Travel,A49,SUSPICIOUS
550c3960-c486-477f-bd2d-79bb52a0b7c3,15-09-2025,Local Bakery,1410.22,USD,FAILED,,A24,Duplicate?
ac5b998a-dc5e-401c-a159-dcd30544882b,05-02-2025,Zomato,4656.47,INR,FAILED,,A40,
0d383fe5-b3d8-4ec4-bac8-fa9a324a7ab5,27-02-2025,Amazon,3552.23,inr,Pending,Other,A21,
7b0633cd-bf86-4574-8627-34a706469334,2025/11/10,Spotify,4588.83,inr,success,,A22,SUSPICIOUS
9ff3d8af-08f5-40d7-9f0b-c8cd8da00b72,13-07-2025,Apple,2039.5,INR,SUCCESS,Cash Withdrawal,A7,Anomaly check
f74cc44f-100a-4adb-9396-3a5ec4de4046,27-02-2025,Netflix,625.43,inr,failed,Transport,A43,Refunded
95d85b86-574e-42fc-9e94-4c6652a23154,2025/11/04,Shell Petrol,211.34,inr,success,Shopping,A34,SUSPICIOUS
32f9c727-b257-4a0d-803d-cc5668f1322f,19-12-2025,Google,$2382.98,usd,PENDING,Food,A6,Refunded
343b25cc-fe6a-4e48-b035-2056d7dfaba5,11-01-2025,Shell Petrol,3377.26,INR,FAILED,Cash Withdrawal,A2,
343b25cc-fe6a-4e48-b035-2056d7dfaba5,11-01-2025,Shell Petrol,3377.26,INR,FAILED,Cash Withdrawal,A2,
1ad6aee1-2e9a-4353-b4b9-c347b2655bab,2025/02/13,Google,4785.41,usd,SUCCESS,Transport,A44,SUSPICIOUS
8ecfa332-b016-4c6a-8a7e-dfcc4a350627,2025/07/10,Zomato,192.93,USD,Pending,Cash Withdrawal,A3,SUSPICIOUS
a8b3187b-8a4c-4a5f-8499-ae0360a6060e,22-11-2025,Shell Petrol,1040.5,USD,SUCCESS,Cash Withdrawal,A31,Refunded
ff35b9a4-224e-4f70-96df-57a25ebb0dbb,12-08-2025,Swiggy,$3902.9,USD,Pending,Entertainment,A8,SUSPICIOUS
9d06f617-457b-490e-ba10-f60e4dc4955e,23-12-2025,Shell Petrol,3214.61,inr,success,Travel,A35,Refunded
fb55d6de-2975-43e2-af77-27ac17ff0f8f,19-07-2025,Swiggy,931.98,usd,PENDING,Shopping,A18,Refunded
4b92dfde-06c4-4b93-9219-f6b49021576e,2025/05/17,Local Bakery,2781.81,USD,PENDING,Food,A22,Anomaly check
051e228c-78f6-4a85-b8f6-3121d15d567a,2025/12/22,Ola,30.87,INR,SUCCESS,Entertainment,A27,SUSPICIOUS
13e84bbb-2f4b-47bc-aee3-dc765c4fc92e,02-11-2025,Zomato,3279.95,inr,Pending,,A19,SUSPICIOUS
273a5ec1-648d-445f-a0e8-797198340c3a,2025/02/07,Ola,4798.8,usd,PENDING,,A9,SUSPICIOUS
1deaae41-1f00-41de-8afb-8c2762204088,2025/10/14,Ola,2960.73,inr,failed,Healthcare,A19,Refunded
6e0efff2-2e77-421c-8dde-8659378187e4,2025/09/06,Uber India,2496.58,usd,PENDING,Food,A26,Anomaly check
b78082e3-3ba8-486f-ac6a-5380a11cada3,14-08-2025,Zomato,680.42,USD,failed,Cash Withdrawal,A38,Duplicate?
c0634363-f894-4420-b69a-328fabbfb34d,2025/02/11,Shell Petrol,$561.21,USD,Pending,Cash Withdrawal,A28,Refunded
f70d7028-efee-4942-a723-345c184a43d6,18-07-2025,Spotify,4946.15,INR,FAILED,,A32,Anomaly check
4d634989-f7e8-4bdf-88c8-9742e56c90ca,2025/05/18,Ola,$1866.42,inr,FAILED,Other,A35,Refunded
bc50f685-860e-41f5-acad-ac740c10b73c,2025/09/29,Google,3397.53,inr,FAILED,Food,A19,SUSPICIOUS
2c1c5347-b38f-44c3-a78c-cffc95bb296c,18-08-2025,Amazon,2529.04,inr,Pending,Shopping,A5,
fa92a027-9ef4-4f3b-8d9a-4566bc72adcb,23-12-2025,Ola,448.68,inr,Pending,Entertainment,A27,Anomaly check
751c2a1f-0ee0-4bec-851d-9086648624ea,2025/04/07,IRCTC,2240.97,usd,Pending,Other,A10,Duplicate?
6b4a7166-903b-47c2-84dc-43f99d38440d,31-05-2025,Ola,$2063.31,usd,success,Shopping,A49,SUSPICIOUS
b2ffa45f-f391-45fd-962f-76cde65267ea,2025/04/03,Google,$504.64,INR,failed,,A8,Refunded
,2025/06/10,Shell Petrol,4962.52,inr,PENDING,Transport,A41,Refunded
f7b53d6c-ad7c-497b-b283-acc72a12d5c8,2025/03/31,Apple,2460.79,INR,PENDING,,A13,Duplicate?
659b314c-1610-4dfc-bc26-bd9a316a0fa7,2025/09/04,Apple,$4790.69,usd,Pending,Healthcare,A36,Duplicate?
cead7351-a417-4353-b990-96789ab08ec8,2025/08/10,Apple,4572.06,usd,failed,Cash Withdrawal,A19,
20861cbf-40bd-4a8e-b777-6f7dc3b1954f,06-05-2025,Uber India,4271.58,INR,SUCCESS,Other,A1,Anomaly check
8fdced6b-a51e-4090-b0f7-46bd82b675ce,2025/01/26,Spotify,1290.28,USD,success,Other,A41,Refunded
1e5bd12e-c18e-4079-8c75-671122c9378a,19-06-2025,Shell Petrol,4138.04,INR,Pending,,A4,Duplicate?
048d1860-448a-4900-9a7c-88b5162489f1,2025/06/18,Local Bakery,1362.71,USD,success,Entertainment,A40,Anomaly check
a96190cf-3f73-4733-b24a-02f23625589f,2025/07/30,Shell Petrol,36353.17,usd,Pending,,A35,Duplicate?
effbe4f4-ef26-498d-9bf5-31a8b34e82a7,2025/03/11,IRCTC,1476.11,USD,success,Healthcare,A17,Refunded
1ab706e2-290b-4a40-b874-a0e279ba8908,27-12-2025,Netflix,1509.9,USD,FAILED,Shopping,A2,SUSPICIOUS
5af47a20-a5a5-43b1-96ec-4cc90fe82510,2025/08/30,Shell Petrol,$2436.36,USD,Pending,Travel,A7,SUSPICIOUS
73de2e60-b553-4368-a049-ef5eaf16057c,2025/04/05,Google,$3786.11,USD,failed,,A42,
34a79ac2-9262-49f1-8329-be024031cffb,19-05-2025,Local Bakery,2374.23,inr,SUCCESS,Entertainment,A48,
f4f60dce-9cbb-431c-8fce-5cdef4ed5988,2025/10/16,Shell Petrol,$1371.16,INR,Pending,Entertainment,A20,Refunded
23a047e0-281d-4606-8773-43d99d43d2b1,22-09-2025,Local Bakery,$569.22,inr,failed,Healthcare,A1,Duplicate?
b4648c43-52cb-4fff-9110-e1f9ea1d61fe,2025/10/12,Flipkart,3462.03,inr,SUCCESS,Entertainment,A40,Anomaly check
47a49fbf-c229-4a28-a3d6-76ab2a09936e,2025/04/27,IRCTC,2457.21,INR,PENDING,Travel,A12,Duplicate?
b11d97db-3c5c-4bf8-bdc2-0e70b8ca03fc,07-01-2025,Ola,2076.17,INR,failed,Food,A6,
63d1761d-520c-461d-b93e-683fd91348c6,2025/07/30,Swiggy,$4735.54,INR,PENDING,Cash Withdrawal,A23,Duplicate?
5e19dd42-27ab-44c6-b0a7-8a0bfd4a3f5b,24-04-2025,IRCTC,3652.27,USD,FAILED,Transport,A15,Duplicate?
6a82dfc8-519f-44fa-9a0a-27502bcbb8f6,27-10-2025,IRCTC,3291.76,usd,PENDING,Other,A24,Anomaly check
2a2b7ec4-6814-49bf-b7ae-cee9bd96edec,2025/04/23,Amazon,4181.92,usd,success,Utilities,A49,Duplicate?
3bf09004-1292-4df8-b220-a581f3d04be0,2025/02/11,Flipkart,685.45,INR,success,Transport,A28,
,2025/12/11,Swiggy,4079.33,inr,Pending,Shopping,A23,Anomaly check
e93b534d-5507-4a37-b75a-69c77a37fd8c,16-06-2025,Shell Petrol,1134.01,usd,SUCCESS,Utilities,A38,Refunded
58cc4079-b546-4f02-8f81-8a1da158e173,2025/09/12,Amazon,$893.9,USD,SUCCESS,Utilities,A50,Duplicate?
8845bdad-c899-4001-a6e9-fe1c7f1464b5,2025/01/12,Apple,3673.7,inr,failed,Cash Withdrawal,A6,Anomaly check
53af14d1-be5e-425f-aaf1-57f339dda5b9,30-11-2025,Spotify,2478.88,inr,failed,Entertainment,A44,
b56fc64a-90d5-447b-acc8-7d279d4c1b19,2025/06/04,Amazon,4787.52,usd,failed,Utilities,A34,
3c921e60-ca0d-40ad-80a1-dccfc4447ee0,12-06-2025,Apple,$1194.7,INR,PENDING,Utilities,A23,SUSPICIOUS
b5299622-2361-4d35-8ae5-8adcb1acb3d3,24-05-2025,Apple,$168.51,inr,success,,A47,
b0c8a865-e478-4eaf-a251-2b76e54a42d6,09-08-2025,Local Bakery,3964.03,inr,failed,Travel,A17,Anomaly check
57a1883a-6b9e-4d6b-a625-2c7c16db1efe,2025/01/01,IRCTC,668.71,INR,failed,,A2,Anomaly check
57a1883a-6b9e-4d6b-a625-2c7c16db1efe,2025/01/01,IRCTC,668.71,INR,failed,,A2,Anomaly check
e02db842-f27f-426a-9a86-175055db7f00,21-05-2025,Netflix,1274.36,usd,FAILED,,A24,SUSPICIOUS
104545f4-9ab2-42ca-91c8-ff6e5801ffd4,30-09-2025,Amazon,1180.37,inr,FAILED,Travel,A30,Refunded
069519e8-d2ba-4c22-88f4-2c512da371cc,10-01-2025,Zomato,4652.89,inr,failed,Transport,A29,Anomaly check
0fdcea13-a2d9-476c-a1ac-28bdb4163608,11-09-2025,Uber India,$1731.96,usd,success,,A50,
faf3e9c5-ee29-4a3e-8bdf-eb7c46935296,2025/06/07,Spotify,$1498.43,INR,FAILED,Transport,A30,
26ca40a6-f46d-4490-b6e2-1d85d96b2714,2025/12/23,Google,3744.95,INR,FAILED,Other,A38,SUSPICIOUS
,19-06-2025,Amazon,4778.29,usd,FAILED,Travel,A50,Duplicate?
64b3dbb3-439f-468c-9980-e453e8e8af84,2025/09/12,Swiggy,1729.26,usd,FAILED,Transport,A37,Anomaly check
794c83fc-74b5-4dbb-b659-0673f619dfc4,2025/06/17,Spotify,822.93,USD,success,Utilities,A42,Refunded
6fa7f30f-9a28-45f0-bf31-d83193b19b74,2025/06/03,Uber India,$3871.15,usd,failed,Entertainment,A11,Duplicate?
ee0996de-ca99-42b5-a1a3-1ad4248cb23f,2025/11/14,Zomato,2019.05,INR,failed,Entertainment,A37,Refunded
6aa4c625-db8f-47b7-a34e-3ae87b72f490,2025/02/01,Shell Petrol,749.65,INR,failed,Shopping,A19,Anomaly check
39cdb7b4-c2d4-4806-8530-f83bab961876,21-11-2025,Google,1035.92,INR,PENDING,Travel,A26,Refunded
9a559e0f-bf8b-40ac-bd75-8cdf520e7146,08-11-2025,Google,4019.99,USD,PENDING,Shopping,A29,SUSPICIOUS
69516541-1f4f-42ce-a3e8-fd61d3a2692f,2025/03/20,Swiggy,1401.38,inr,FAILED,Transport,A26,Anomaly check
b2a8c50f-d06b-4966-b90f-37e35e2b62b7,2025/09/15,IRCTC,2243.55,inr,PENDING,,A24,SUSPICIOUS
d86cf2a2-db9b-45cb-9a3b-b7cf36511005,2025/01/18,Flipkart,3994.0,usd,SUCCESS,Food,A12,Duplicate?
60b1a8ce-d0ee-4bb8-ba86-78612cf58227,28-10-2025,Apple,4073.3,inr,SUCCESS,Utilities,A13,Anomaly check
23d7a3fd-d37e-498f-bf21-99f54753a7fc,14-08-2025,Uber India,$4489.88,inr,success,Healthcare,A7,SUSPICIOUS
f8e19ce7-a6d3-4bf9-91f1-682b25f77291,2025/08/11,Apple,2524.5,usd,Pending,Food,A16,Duplicate?
7f24f5cf-8fc6-4723-85b2-f07857c0a665,19-04-2025,Flipkart,$1430.25,USD,failed,,A39,Refunded
ab8f9fdb-049d-42bd-aa3b-a610969bddb0,2025/10/08,Netflix,663.86,USD,PENDING,Cash Withdrawal,A10,Duplicate?
361b9f3f-5721-4d65-9590-d4b25bb35609,2025/04/10,IRCTC,2599.56,INR,failed,Cash Withdrawal,A1,SUSPICIOUS
556fbe8b-4a0f-47d1-8042-63c226a6f10d,12-04-2025,Google,3173.99,inr,success,Healthcare,A40,SUSPICIOUS
24e6f3ee-93ea-4a43-b39c-6f54cdcf3c35,2025/08/21,Netflix,$1677.05,INR,success,,A14,SUSPICIOUS
ceeb2138-827d-4a03-804d-806ae718f608,2025/06/25,Google,$4540.2,USD,SUCCESS,Shopping,A14,Refunded
035834a3-0c07-4ac9-a547-2d71031717bf,09-02-2025,Zomato,3645.2,INR,PENDING,Other,A23,Duplicate?
035834a3-0c07-4ac9-a547-2d71031717bf,09-02-2025,Zomato,3645.2,INR,PENDING,Other,A23,Duplicate?
81824f74-0268-44ca-aebe-34b214244550,2025/12/06,Spotify,3828.97,USD,SUCCESS,Other,A1,
4f4bcedc-8822-42a1-9447-f7d6a5a6dec3,24-11-2025,Local Bakery,1776.94,INR,failed,Cash Withdrawal,A41,Refunded
bcabb765-dcc3-49f5-a939-179338c6ee71,2025/10/29,Ola,4617.88,inr,success,Transport,A46,
407eead3-c0ea-4052-be02-42344b96a9d6,2025/10/13,Netflix,34.79,INR,success,Cash Withdrawal,A44,
09858392-e68d-4ce2-90dc-1247c48b11ec,21-11-2025,Swiggy,$2635.09,inr,failed,Utilities,A7,Anomaly check
50917ea4-3082-4c5a-9467-30b02840fca6,2025/06/08,Uber India,3937.83,inr,FAILED,Other,A14,Refunded
8236049a-ef03-4d51-af6e-bdad0d80fd47,26-12-2025,Amazon,$1402.01,USD,SUCCESS,Healthcare,A34,Refunded
8727da04-d9cd-4a0a-9c24-fa57a6d2fdd0,22-10-2025,Swiggy,$3530.79,INR,success,Food,A27,Anomaly check
ae197138-11ab-4feb-96ac-08c4c74c2366,01-04-2025,Flipkart,$3057.92,usd,PENDING,Travel,A7,
d4ca8dd4-3cc9-49e6-bb3a-782ec9bb9f5a,06-10-2025,Apple,$4238.54,INR,Pending,,A27,Duplicate?
2cc5eaa1-3c50-46a1-9c7e-198e04eae04b,19-09-2025,IRCTC,$4884.65,USD,PENDING,Utilities,A39,SUSPICIOUS
887bafc8-8dee-472b-9108-7f117cdda649,2025/03/21,Local Bakery,1640.64,USD,success,,A2,Anomaly check
7c932195-ede6-421c-a4d6-607582324d68,2025/07/17,Shell Petrol,2546.8,usd,SUCCESS,Transport,A46,Refunded
ff7a952d-36a9-4021-b044-01ed01b26a86,2025/02/25,IRCTC,3068.41,inr,Pending,,A37,Duplicate?
8b361b9a-2326-4bb2-b3f6-a38cfee6878f,2025/09/08,IRCTC,$4196.52,inr,FAILED,Shopping,A8,SUSPICIOUS
d7cbd322-66e9-4263-9d7f-a1d3e12bd51e,23-10-2025,Netflix,$3782.0,inr,SUCCESS,Travel,A16,Anomaly check
9ded745b-b20a-4d86-8ed9-9f0de2c1f0e0,2025/07/16,Swiggy,$542.16,inr,FAILED,Other,A34,Refunded
1c912761-c3a0-4c1a-a24e-f0a2488951ee,12-01-2025,Apple,1552.68,USD,Pending,Entertainment,A42,Refunded
32ff899e-d9a8-4f7b-9b64-6f27f390619d,2025/05/23,Spotify,322.22,INR,Pending,Travel,A13,Anomaly check
4fde2090-66ca-41e2-9cc1-e5824bab103a,2025/12/04,Apple,3785.58,inr,success,,A21,Anomaly check
afaddc36-5ef9-4ee3-b567-4a4c7b19cef2,2025/01/17,Local Bakery,2592.67,inr,Pending,Other,A3,Duplicate?
,2025/03/11,Ola,$2417.16,USD,FAILED,Cash Withdrawal,A13,Refunded
d5edf780-c1bc-4782-a2b4-c765b343aa06,2025/08/23,Flipkart,3298.62,inr,success,Food,A35,
d112d93b-0a39-4be8-b098-89809a1c6263,2025/06/29,Uber India,3385.13,USD,FAILED,Cash Withdrawal,A34,Duplicate?
94586ff8-26e4-486a-ac99-70bc62f7b2d8,2025/08/17,Amazon,2680.36,INR,success,Transport,A37,Duplicate?
17cbd4ab-3487-443d-9b54-ca6e4e1342b8,27-03-2025,IRCTC,2997.71,USD,PENDING,Transport,A40,Anomaly check
c2deb63d-844d-4df4-9000-2592d833e14e,03-09-2025,Zomato,$3258.96,inr,success,Shopping,A15,
ed4addd2-f1c0-46b9-8166-d47129b5ad65,17-10-2025,Apple,1609.06,USD,failed,Entertainment,A49,SUSPICIOUS
e363d5fc-b101-4cad-babe-fdef7fc216ed,29-01-2025,Apple,$1361.47,inr,failed,Food,A30,SUSPICIOUS
da02f4fd-d3d4-4c66-a050-df56646d78d6,22-05-2025,Google,4075.67,inr,FAILED,Utilities,A29,Anomaly check
1c0f609a-9499-494b-8058-10209a7f5609,2025/09/08,Flipkart,$2091.07,usd,failed,Utilities,A45,Refunded
4eefb402-d2d9-49f6-a129-7aed16c7a4b6,09-04-2025,Zomato,494.84,INR,FAILED,Transport,A28,
9e38b067-b2bc-48d0-880f-2cdf0cff0535,2025/08/27,Amazon,3397.91,INR,Pending,Healthcare,A42,SUSPICIOUS
2dbbce70-bc00-4c47-a72a-61175cd17cf9,2025/01/23,Google,$615.49,usd,Pending,Other,A49,Anomaly check
39530589-fc12-4cfa-8df2-ae147dce43bd,2025/12/04,Apple,4237.97,usd,PENDING,Cash Withdrawal,A21,Refunded
9b3939c8-6977-42cd-8473-9be443942dd1,22-10-2025,Zomato,175.82,INR,FAILED,Healthcare,A15,Refunded
69abf236-061d-4aa9-bff7-90f8aa4e8589,12-04-2025,Local Bakery,992.13,usd,success,Shopping,A28,
efbb35e9-5e8a-4b23-a38b-007fdd831aea,06-02-2025,Uber India,1594.55,USD,success,Shopping,A14,Refunded
9c749ba3-307f-44ca-b6e4-5db364d911a1,19-07-2025,Shell Petrol,$783.28,INR,SUCCESS,Shopping,A20,SUSPICIOUS
5ffa247f-a56d-4172-9c74-3dad0b93dbe7,28-05-2025,Zomato,2656.47,inr,failed,Food,A40,Duplicate?
fbd23e94-0ead-4ee1-a53b-040c7dbb7bfb,2025/08/25,Local Bakery,873.16,USD,PENDING,Entertainment,A11,Anomaly check
42d9a008-89c9-4750-a1de-06cbdac03747,2025/07/19,Uber India,4363.9,INR,success,Healthcare,A49,Refunded
d076504a-4da8-4ea5-b26d-8a7d47ea4e36,16-12-2025,Zomato,2452.27,USD,PENDING,Utilities,A18,Refunded
08228728-5f59-4a81-be45-354608c31510,2025/05/27,Local Bakery,1909.29,INR,failed,Transport,A28,Refunded
ed0149dd-a59e-4816-9e90-3045dace44d1,2025/12/14,Spotify,$3661.59,inr,failed,Healthcare,A31,Anomaly check
a9c196e7-44e9-451e-a12c-e21b43cefcf6,26-02-2025,Zomato,$833.59,USD,FAILED,Utilities,A8,Refunded
1b5ef064-2035-44d6-9838-f96cfbc14397,09-05-2025,Apple,$3391.04,INR,Pending,Healthcare,A15,Refunded
7cc303b3-96e9-4725-bfd7-101b47ded1c5,26-07-2025,Zomato,4611.9,inr,SUCCESS,,A8,
435aad79-4b60-49dc-b770-48e2fb50b2e1,2025/06/23,Google,1541.84,USD,success,,A25,Anomaly check
,2025/09/14,Spotify,3188.67,usd,success,Utilities,A21,Refunded
46d09784-c25d-436e-8753-d3c1dcda544b,2025/09/16,Netflix,$2478.83,USD,success,Other,A19,Anomaly check
dbd17294-5767-4605-8604-333a42ea452a,2025/09/20,Zomato,$1275.73,usd,failed,Healthcare,A45,Refunded
962d972b-88c3-4c82-a879-f08c5c668ea3,2025/06/14,Swiggy,$4226.41,USD,Pending,Shopping,A50,SUSPICIOUS
0cf3df0d-3e0e-4d23-af71-0a0b93694e1b,2025/07/25,Netflix,2400.9,USD,failed,Food,A22,Anomaly check
c2baae4e-26cd-42c4-b2b5-70e5872a483a,20-07-2025,Ola,$3741.91,USD,PENDING,Healthcare,A25,Duplicate?
,2025/02/18,IRCTC,2105.54,INR,success,Cash Withdrawal,A15,SUSPICIOUS
,23-10-2025,Uber India,4506.69,USD,FAILED,,A36,
876c09cf-5ea9-4aff-a8a9-21bad7b1d6f5,05-06-2025,Amazon,506.71,USD,failed,Other,A4,Anomaly check
9b06179d-8719-4667-a7d1-aca74ec32f59,2025/12/10,Uber India,4638.49,usd,FAILED,Utilities,A1,Duplicate?
c98066cb-8b33-43b6-afdd-d1db7cd063bd,2025/02/22,Zomato,2735.33,inr,failed,Utilities,A19,Refunded
e1c75803-cc52-47fc-b4e3-6c83b5824d3d,08-04-2025,Netflix,3781.48,USD,Pending,,A19,
cf4e8f4e-6add-4d03-ab7a-4c92b08c2dba,2025/06/04,Swiggy,$4069.26,usd,FAILED,Travel,A14,SUSPICIOUS
775c2cf1-bddf-466b-bb21-8639ac6417b5,23-11-2025,Uber India,$2316.44,USD,FAILED,,A43,Duplicate?
07c4a031-4447-48c3-84f4-4f32cd28cd16,2025/12/18,Flipkart,4504.33,usd,success,Travel,A48,SUSPICIOUS
9acdfd79-ece7-4767-b7c5-4210e2c3866b,10-01-2025,Ola,3860.43,INR,FAILED,Transport,A40,
c5208485-ca38-4fc1-8b9a-b08ff74e9ff0,2025/11/02,IRCTC,4037.65,INR,Pending,Other,A11,Anomaly check
d749fdf1-42ce-4b7f-bd71-a2aa5801ebcb,06-07-2025,Apple,4810.55,inr,SUCCESS,Shopping,A27,Anomaly check
867ec4c8-66ef-4486-99b4-8dbc4ffdaf84,23-12-2025,Spotify,$1503.26,INR,SUCCESS,Travel,A33,Refunded
2610bfb9-9ca3-4ea4-b21a-8abccaf7e475,2025/11/13,Swiggy,4963.93,inr,success,Entertainment,A29,Duplicate?
21d56c2c-ab86-4eac-bf6b-e7ac098d47eb,06-11-2025,Zomato,$4357.16,inr,failed,Cash Withdrawal,A49,
002d1c07-0ffb-4f4c-9d02-091e63a468d0,2025/04/27,Google,$4618.66,USD,success,Entertainment,A9,Anomaly check
33a7ff33-e144-41e1-a9b9-90a833990295,2025/01/29,Google,1942.92,USD,SUCCESS,Travel,A37,Refunded
ea5196a3-c4b1-4eab-942b-ee77c784d54d,2025/04/23,IRCTC,2659.14,INR,SUCCESS,Shopping,A31,Duplicate?
9cbf1fd4-6063-482f-8aa3-07173fb2ee50,07-08-2025,Netflix,1705.3,usd,Pending,Transport,A16,
97854396-09a7-4a73-8528-a14cc59101b8,19-11-2025,Uber India,1796.05,INR,failed,,A2,
b9c3e5d3-6e5d-4882-afe8-19cae949d1d7,26-04-2025,Uber India,1145.16,usd,Pending,Transport,A35,SUSPICIOUS
c0c9fa79-b4ba-4572-9c70-02beed683795,2025/09/04,Netflix,181.21,INR,SUCCESS,Healthcare,A5,Refunded
a19986f9-81be-465b-87a1-8f1578090fbb,24-06-2025,Flipkart,788.44,INR,Pending,Other,A30,
a3e3353b-f17b-486f-a73a-1b10f484920f,2025/06/18,Netflix,2013.74,INR,PENDING,Healthcare,A9,Refunded
b80ee041-4d2d-49cc-997e-a6581fb916bb,14-02-2025,Google,447.85,USD,success,Cash Withdrawal,A47,SUSPICIOUS
1d588d22-b389-4aa3-806a-0161cbe462c3,2025/03/09,Apple,1205.75,usd,FAILED,Travel,A42,Refunded
c9a659ff-8523-4296-9579-cefbd4a8a294,23-10-2025,Google,4931.91,inr,SUCCESS,Travel,A28,SUSPICIOUS
45763a6c-6c68-408a-a749-21b7638db053,08-03-2025,Netflix,3428.77,inr,SUCCESS,Travel,A14,Refunded
f0721b20-8502-46e3-b21b-763d3c6d0fe0,08-07-2025,Netflix,1898.54,USD,failed,,A12,
,2025/02/28,Shell Petrol,1636.07,INR,FAILED,Transport,A9,SUSPICIOUS
a54e6298-582c-4c9d-ad19-8e489adaa8b6,2025/09/21,Swiggy,2999.81,USD,Pending,Entertainment,A17,SUSPICIOUS
f3a93e9f-f3c0-4f91-b514-2df26140ba8a,2025/11/02,Spotify,458.09,USD,PENDING,Food,A6,
1d97a958-98ff-47f7-9408-afd200719e60,01-05-2025,Netflix,3425.94,INR,Pending,Travel,A2,SUSPICIOUS
fb80f11a-878e-4582-a954-44f854fa7799,23-12-2025,Ola,2631.74,INR,SUCCESS,Healthcare,A46,SUSPICIOUS
0e9913f7-aa75-4d05-aeaf-d4f7b97500d6,11-11-2025,Apple,128.47,usd,PENDING,Transport,A13,SUSPICIOUS
,2025/06/08,Shell Petrol,2971.82,usd,SUCCESS,Transport,A32,Refunded
a5e427f2-3b8c-4ac3-a23a-db988ff5f032,26-05-2025,IRCTC,1408.63,usd,PENDING,Food,A15,Refunded
23b7f6ca-a9c5-432d-b1c9-8dd07201d196,14-05-2025,Shell Petrol,$1738.39,USD,success,Shopping,A44,Anomaly check
13c3160b-1698-4368-86fe-8aefd56a7fbb,2025/05/28,Uber India,282.14,INR,PENDING,Transport,A12,SUSPICIOUS
f5054a51-daf9-4499-ba5c-f3c7cd5e2bd8,2025/12/07,IRCTC,3341.64,USD,SUCCESS,,A45,
91160828-3f1c-42d2-b7fa-dd30f8e6df7e,26-01-2025,Local Bakery,807.39,USD,Pending,,A5,Refunded
0b12477a-0b7f-4e8e-86a4-c0d9f81974a0,30-05-2025,Uber India,3819.54,USD,SUCCESS,Entertainment,A28,
606daf01-b0fd-4578-98b5-b1c70e12b266,2025/12/26,Amazon,3444.02,inr,SUCCESS,Healthcare,A17,Duplicate?
3c2e7ec6-4840-4810-94e0-679a23c6810b,14-03-2025,Uber India,3145.52,usd,SUCCESS,Entertainment,A31,Refunded
41868f93-ec37-4362-9c96-421e3da8e37f,2025/12/16,Uber India,4501.55,USD,SUCCESS,,A31,
3f50384f-5fdb-4d32-af6a-26dd976239b2,2025/09/24,IRCTC,2056.96,USD,success,Entertainment,A43,Refunded
,13-08-2025,Apple,319.78,USD,success,Cash Withdrawal,A19,Duplicate?
31929e01-1c76-457c-88b2-40739a965caa,27-11-2025,Shell Petrol,889.81,usd,PENDING,Entertainment,A31,SUSPICIOUS
807f0177-5c83-4e22-b6a3-2cb00b3303a6,2025/01/25,Ola,33261.41,usd,SUCCESS,Utilities,A8,
d767a399-25f6-465c-b1c6-dc60c013e951,02-04-2025,IRCTC,2374.01,USD,FAILED,Entertainment,A8,Refunded
c80d6b26-3a8c-4546-948a-57afa7a60794,2025/09/29,Amazon,4402.48,inr,FAILED,Entertainment,A15,SUSPICIOUS
31d55c41-bd4d-435e-8273-2ab1d1158857,08-07-2025,Shell Petrol,4122.5,inr,success,Travel,A36,SUSPICIOUS
b722511c-a2f9-453b-8a96-3c0e6caa635f,10-05-2025,Local Bakery,2365.65,INR,success,Healthcare,A26,SUSPICIOUS
3827c8f6-3f7e-48dc-92d5-6e1228646600,23-06-2025,Local Bakery,3637.13,USD,PENDING,Shopping,A39,Refunded
3827c8f6-3f7e-48dc-92d5-6e1228646600,23-06-2025,Local Bakery,3637.13,USD,PENDING,Shopping,A39,Refunded
2ce80743-19b8-47fb-8114-1c86d7d2864e,17-11-2025,Google,856.55,USD,SUCCESS,Other,A3,
da0fc38e-9235-4735-bfb4-88e42781b084,2025/05/21,Google,3805.73,USD,failed,Shopping,A21,Duplicate?
859cfe71-c631-4fdd-a7f4-d6aed09b1a3c,2025/03/21,Netflix,1685.3,usd,FAILED,Travel,A30,Anomaly check
746e5b54-66d2-4f82-8bb7-e069759b9927,29-05-2025,IRCTC,1445.52,inr,SUCCESS,Transport,A19,Duplicate?
8d4c5228-677c-46e7-a90c-24f4181c1271,2025/03/07,Uber India,3410.42,inr,failed,Transport,A27,Anomaly check
5c3a5a27-6851-4f91-932c-a1882518729d,2025/09/02,Uber India,4583.63,USD,FAILED,Cash Withdrawal,A33,Duplicate?
85db54ee-e4af-4e8b-8af5-6e8e76b7ac57,2025/12/22,Swiggy,3943.64,usd,success,Entertainment,A32,SUSPICIOUS
1cc7eb1a-478d-4dd0-8141-bdb5c87d5024,15-07-2025,Apple,4625.93,usd,success,Shopping,A45,SUSPICIOUS
6398946d-fbcc-4d43-a4c2-bbcf99c205a9,2025/12/21,Ola,3174.45,inr,FAILED,Shopping,A4,Duplicate?
9ed1f937-c13a-4f2b-8be1-ab73b936d2d9,2025/04/03,Flipkart,557.1,INR,PENDING,Food,A17,Anomaly check
6d6d1650-7c40-4f89-b66e-5f28fec9f594,18-02-2025,Flipkart,170.48,inr,PENDING,Food,A17,
c02fb90c-20e6-4b15-8871-946a6e5dce9d,18-10-2025,Uber India,3252.56,INR,failed,Transport,A22,Refunded
30ab0d3a-12b7-4b64-aff2-156a9106fada,16-05-2025,Local Bakery,2412.28,inr,failed,,A20,SUSPICIOUS
87e0b799-d0c5-4f03-a55f-e491a219604c,2025/02/03,Google,3383.72,INR,failed,Travel,A32,
3f9c5371-6a38-4a8a-a547-d4e4fef4370f,2025/02/11,Shell Petrol,2485.85,INR,PENDING,Entertainment,A28,
fff6a322-99ce-449b-abd6-e1ad7a9ee0ce,20-10-2025,Shell Petrol,4037.38,inr,Pending,,A8,Duplicate?
c1da010f-1b64-4786-b1fa-78d3b96929d8,2025/06/17,Amazon,1071.47,usd,FAILED,Shopping,A37,Anomaly check
fd8f45df-2983-40aa-abe2-4dd20ab975d9,2025/05/11,Ola,943.86,USD,Pending,,A10,Refunded
ccd8dc9f-74fa-4045-a76c-e2e41c4ed9b9,2025/07/11,Netflix,4077.96,usd,Pending,,A16,SUSPICIOUS
a1ef2e1c-86b5-4aee-83b3-cf265fc0280f,19-07-2025,Local Bakery,2419.82,usd,Pending,Healthcare,A10,
01826971-4de1-4d1c-b37b-4627d45b8d56,2025/08/30,Netflix,3025.29,INR,Pending,Food,A50,SUSPICIOUS
306d6e92-b1f5-45a9-beaf-5f7728dfb688,06-10-2025,Amazon,$2103.52,INR,success,Utilities,A39,Refunded
3dca83fc-e25c-4b74-9cc9-92ba49325f4c,2025/07/17,Shell Petrol,2173.26,usd,FAILED,Cash Withdrawal,A1,SUSPICIOUS
cd04ebdf-860d-4ea1-8d6e-afd2cc2e9d48,2025/05/26,Zomato,$4470.8,inr,SUCCESS,Healthcare,A33,Refunded
debfc775-5894-4e4a-9016-f7741808d226,2025/12/26,Spotify,4139.08,usd,PENDING,Cash Withdrawal,A26,Anomaly check
a40bc260-af59-4d92-8957-7e33c694d353,06-08-2025,Swiggy,$2633.67,usd,PENDING,,A7,Duplicate?
9ba3749b-8f21-4042-ac32-cb6f2282478a,30-12-2025,Swiggy,4576.6,USD,SUCCESS,Other,A4,
cfd951f4-c0a6-4a6c-a836-7659fecf2e89,2025/10/09,Apple,2430.7,INR,FAILED,Transport,A33,SUSPICIOUS
58962c3d-29b6-4f1f-9adb-b052dd9a716b,2025/01/26,Ola,$2030.74,INR,PENDING,Food,A18,Refunded
30c23e3d-9682-4203-b4c8-387a63e2d81c,2025/11/09,Zomato,540.58,USD,SUCCESS,Travel,A22,
56e3f2be-2e67-4e68-8d01-b36912e2329f,2025/02/16,Uber India,3847.4,USD,PENDING,,A2,Refunded
56e3f2be-2e67-4e68-8d01-b36912e2329f,2025/02/16,Uber India,3847.4,USD,PENDING,,A2,Refunded
3a5e9bf1-d0bf-4f1b-a03e-db3d16bcb0bf,01-03-2025,Shell Petrol,1126.97,INR,success,Transport,A18,
5cd996ee-3d7e-4b9e-af1f-8a82139caa91,05-11-2025,Spotify,3726.64,inr,success,,A4,SUSPICIOUS
dc219def-8695-4c55-a856-da48cd22d343,2025/03/31,Apple,2397.54,inr,failed,Utilities,A17,SUSPICIOUS
549f21e5-fb21-46ba-8879-73369e472d04,20-01-2025,Spotify,3132.88,USD,failed,Healthcare,A25,
82df44fc-1847-4103-8d28-f346a9c35ae7,01-01-2026,Spotify,3048.07,usd,PENDING,Utilities,A29,
2c840a42-aaf9-4f95-bde4-0b9688dcac0d,2025/04/13,IRCTC,2102.41,USD,Pending,,A3,Anomaly check
1922af7e-3d8d-4787-9f24-1b3ed263316f,21-05-2025,Amazon,622.31,usd,PENDING,Transport,A15,SUSPICIOUS
bb56c36c-7d94-49ad-a9fb-b586d18e9123,30-07-2025,Netflix,4555.12,INR,success,Travel,A1,Anomaly check
021faf49-645f-45e3-9aea-a2b95fa6c29c,2025/02/01,Shell Petrol,2345.69,inr,success,Entertainment,A49,Duplicate?
8a0cc325-9452-453b-a170-9a5ad4f94e0a,2025/06/13,Apple,$3216.88,usd,SUCCESS,Transport,A40,
67ec89a7-c056-4840-bf32-9e1cbf5d056b,2025/10/14,Swiggy,908.06,inr,FAILED,Utilities,A26,SUSPICIOUS
6a148f61-2df9-4f9e-b297-a434eebbddfd,2025/01/04,Swiggy,86.66,inr,PENDING,Travel,A6,Refunded
6888d7fd-b4d1-4c9b-8b7e-8dc9e80eb71b,2025/03/20,Swiggy,155.52,USD,PENDING,Cash Withdrawal,A3,Refunded
888c5e37-549f-4037-81c9-7bf274c57cc7,2025/03/30,Flipkart,3680.68,USD,FAILED,Cash Withdrawal,A33,Refunded
18414021-9049-4bfd-9cca-a665d601ee11,04-08-2025,Apple,$1388.55,INR,failed,Transport,A28,Duplicate?
3f16cebe-bd0f-434f-b023-5d894a8fa705,2025/11/02,Uber India,3415.03,inr,PENDING,Shopping,A11,Anomaly check
fa479a19-63c1-4cbd-8f9f-ff52d5038399,13-02-2025,Apple,134.37,INR,Pending,Other,A37,Refunded
f30bfc21-48f0-4098-80c9-c03c95840b5b,10-08-2025,Netflix,3757.73,inr,success,Cash Withdrawal,A24,Anomaly check
627232fa-efb9-4f80-bcb3-c1e575ce8b15,12-06-2025,Shell Petrol,1418.71,usd,FAILED,Other,A14,Refunded
,2025/01/27,Netflix,1487.93,INR,failed,Healthcare,A32,Refunded
a51549fc-793b-4243-b2f1-851945ed03f1,2025/08/09,Flipkart,326.2,INR,success,Cash Withdrawal,A1,SUSPICIOUS
3d666bb9-6000-4e7d-a95d-8952f7e0575f,03-05-2025,Amazon,4401.99,inr,Pending,Food,A8,Anomaly check
b4ab3fb6-b700-4d28-9b96-9e5abe4c2dbe,22-04-2025,Flipkart,$3464.66,USD,PENDING,Transport,A12,Anomaly check
20e6af30-753e-4d94-9b91-d5609152fb75,2025/05/17,Swiggy,754.49,inr,FAILED,Travel,A40,
08972e93-ddba-446f-9406-d1b944eed54b,05-04-2025,Uber India,545.89,USD,failed,,A32,Refunded
7a80f1a9-8c3a-44cb-ab50-25bdb0e73755,2025/08/28,Shell Petrol,4061.37,usd,success,,A47,Refunded
47cf0b02-e12b-4e8d-a4c2-cd3f8a24b2ff,2025/01/27,IRCTC,4275.39,usd,success,Utilities,A4,SUSPICIOUS
1feb09f4-6cab-495b-a33d-24db02543579,25-01-2025,Flipkart,3812.47,usd,success,Cash Withdrawal,A28,
33b46946-5131-4313-9334-3b2aa59e056f,25-09-2025,Shell Petrol,3598.97,INR,FAILED,,A41,Anomaly check
34724f83-f1ea-47e7-9ee3-d69ce6291fa7,2025/07/11,Flipkart,2104.93,INR,FAILED,,A10,
4017e03b-23a8-4c56-ae51-2615975a2217,15-06-2025,Swiggy,3920.14,USD,success,Utilities,A8,
76da8306-7edd-4fb9-a2fa-41acde03ae3d,19-09-2025,Shell Petrol,1718.93,usd,FAILED,Other,A37,
7c9de0e7-ab25-4ee1-a069-87f900273a4a,04-03-2025,Ola,$1578.71,USD,Pending,,A13,Refunded
7c1ade87-41e3-4316-ad0f-9733c7b5acff,2025/08/07,IRCTC,$4107.48,usd,Pending,Food,A6,SUSPICIOUS
561dccc7-5de6-445d-a733-1265b7353723,28-09-2025,Ola,425.87,inr,PENDING,Food,A32,Anomaly check
f4dbc1ee-6a23-4769-b45a-aeb11a3bc4e1,19-06-2025,IRCTC,1054.5,inr,failed,Healthcare,A27,SUSPICIOUS
7c294fbf-d2ec-4281-a64d-b301e37d3010,2025/04/04,Google,3838.51,inr,PENDING,Travel,A2,Refunded
6c3a646d-0656-4ed2-a163-49da1fde589f,20-08-2025,Google,1635.55,USD,success,Food,A2,Anomaly check
0dad8e9e-b56e-42f2-ba4c-2e1cfec4b440,2025/04/19,Ola,813.39,inr,failed,Utilities,A4,Anomaly check
288e38c2-59c2-4bee-9214-d691816b1712,14-09-2025,Apple,2241.33,inr,Pending,Cash Withdrawal,A48,Anomaly check
b757144e-5338-4d52-aadb-d9aacd7aa9d0,22-10-2025,Netflix,1745.44,inr,PENDING,Healthcare,A27,Duplicate?
7ba9b7aa-85ca-438f-a1ee-e026cb274b1f,26-12-2025,Uber India,4500.54,USD,success,Food,A43,Duplicate?
8f98ed7f-27fe-449f-aa07-616f4b400dfc,01-07-2025,Shell Petrol,1403.89,INR,SUCCESS,Travel,A39,Duplicate?
8affec56-2f0e-458a-8977-a2996e522ee4,2025/09/27,Google,278.35,INR,PENDING,Entertainment,A6,SUSPICIOUS
9ba3564f-3aa8-44cd-a5b0-3df2cb959aab,2025/01/22,Flipkart,222.02,usd,PENDING,Healthcare,A18,Refunded
643b8bea-c80d-44d5-a344-b3a03448029b,28-07-2025,Spotify,1426.2,usd,SUCCESS,Food,A37,Anomaly check
ebe1dd7d-b13c-4a40-beef-5dac2aa4f156,2025/05/16,Shell Petrol,293.5,USD,Pending,Healthcare,A9,Duplicate?
248d36a6-d057-43c4-88d0-dce0a627aa27,04-10-2025,Amazon,4283.56,inr,FAILED,,A46,
306d4233-7e5b-44f6-b641-f176b6e4a3fd,2025/09/22,Local Bakery,1817.93,usd,PENDING,Food,A6,SUSPICIOUS
f88cd696-958b-47db-96bc-212aff08e5a2,12-02-2025,Spotify,$2353.5,USD,SUCCESS,Cash Withdrawal,A14,SUSPICIOUS
bea12a1d-685e-44f9-92a2-718169c3c563,01-05-2025,Ola,3693.6,USD,Pending,Food,A24,
4cda8dfc-7aac-46b0-ae2e-b5ea561571bc,29-10-2025,Ola,$2281.3,USD,Pending,Travel,A27,Anomaly check
4cda8dfc-7aac-46b0-ae2e-b5ea561571bc,29-10-2025,Ola,$2281.3,USD,Pending,Travel,A27,Anomaly check
d8d68b0f-c54a-4a67-99e6-44355c33cf27,2025/06/26,Spotify,$2308.82,USD,SUCCESS,Utilities,A12,SUSPICIOUS
308d7418-a324-4c2f-afd0-062d5b3547a9,04-02-2025,Google,59.18,inr,PENDING,Travel,A50,Anomaly check
6d9840c6-d743-4716-afa8-31ae87a1d1bc,2025/06/07,Ola,$4256.81,usd,Pending,Transport,A42,
a379a6ed-c883-40d1-91cb-177bb38a657d,2025/08/26,Flipkart,$3364.62,usd,failed,Healthcare,A21,
c7a09fd5-d8a9-42aa-bdeb-f4d88ef2e1d5,10-01-2025,Swiggy,4886.14,INR,PENDING,Shopping,A20,Duplicate?
be59c6a8-6d04-4a67-a567-ae409f8bc7f3,2025/08/11,Swiggy,4151.26,usd,FAILED,Cash Withdrawal,A39,SUSPICIOUS
387cdacf-5158-4a07-a4b0-3e2c14aeab6b,04-12-2025,Local Bakery,3548.17,inr,SUCCESS,Entertainment,A40,Refunded
d2c50170-031f-4f83-bdd6-427c17e1ecc2,2025/09/18,Uber India,409.04,USD,Pending,Other,A34,
c23f1aca-4fb7-432e-a393-b12411baa907,01-01-2025,Local Bakery,3147.76,usd,failed,,A10,
,14-05-2025,Netflix,1305.08,usd,PENDING,Other,A4,
b139921f-4028-41ce-add9-5d7c0fb2712e,2025/08/17,Local Bakery,$4377.32,inr,PENDING,Entertainment,A47,
5380c334-e578-4e3d-9b54-91c9373782b9,2025/05/08,Ola,4955.67,USD,SUCCESS,Travel,A10,Anomaly check
2b137711-7404-445a-97ee-dd5f7dca4eef,24-09-2025,Google,4828.72,USD,failed,,A29,SUSPICIOUS
06a4ca69-c326-4bb3-a1d7-81fa9442e5d2,2025/06/26,Apple,2362.79,usd,success,Healthcare,A45,Refunded
82af04fa-5590-4bae-9212-d22e0cbcd302,2025/01/13,Netflix,2506.43,usd,Pending,Utilities,A13,SUSPICIOUS
,2025/04/18,Uber India,4546.79,USD,failed,Healthcare,A13,
,2025/04/15,Amazon,2583.83,USD,Pending,Shopping,A41,SUSPICIOUS
03dda5bd-cac6-45bc-a1a3-bb70392d59bc,28-05-2025,Google,4558.31,USD,success,,A43,Duplicate?
b88e1950-45e0-4077-bb30-a4562a47b56b,08-12-2025,Apple,4754.13,INR,SUCCESS,Entertainment,A18,SUSPICIOUS
a3417a7f-264e-4525-8309-67a5058310af,09-07-2025,Local Bakery,$883.21,inr,SUCCESS,Food,A34,Duplicate?
4c7e0950-a951-4fd4-9175-3c16beae5ec1,29-12-2025,Amazon,2400.74,inr,failed,Entertainment,A3,Refunded
a6469e0b-2eb0-450d-9c21-6aea62e2f787,26-07-2025,Zomato,3654.23,USD,SUCCESS,Shopping,A19,
a59b09fc-4c6c-42b1-a9ce-5fc326b10dea,2025/04/26,Swiggy,$1975.6,USD,SUCCESS,,A36,Anomaly check
3d09eb65-f3ce-493e-bdd7-7449c36812d6,01-11-2025,Zomato,$1620.76,USD,FAILED,Transport,A3,
c6820a3d-fe39-4ebe-a3f2-2003c2240a4a,2025/05/27,Shell Petrol,102.54,inr,success,Cash Withdrawal,A3,Anomaly check
f10a60d5-4423-480d-b0ef-c58db7abee72,23-09-2025,Amazon,592.64,USD,PENDING,Utilities,A39,Refunded
e5ba40ef-6849-46f6-81cb-407bad41f8dd,2025/06/14,Netflix,1640.44,inr,SUCCESS,Other,A18,Anomaly check
7b6cc8c0-96d5-44e8-a61b-22ed8185d108,10-08-2025,Flipkart,$4848.05,usd,Pending,Healthcare,A39,SUSPICIOUS
9c445cd7-844e-4c3f-bc3c-5ed2d9a85c85,2025/06/23,Netflix,1684.29,USD,Pending,Transport,A2,Anomaly check
612df766-0974-4e3b-beff-b1e8537c9fc2,16-07-2025,Amazon,3709.91,inr,PENDING,Travel,A10,Duplicate?
5c36488d-5d46-4f95-ba8d-b036be3300ad,2025/03/08,Uber India,3459.28,usd,success,Healthcare,A39,SUSPICIOUS
7ce5031e-e94c-4f5c-82f8-4a5170de7d02,04-06-2025,Flipkart,544.61,USD,PENDING,,A10,Anomaly check
72038c7d-7a77-4dbd-951f-208afdb8027c,06-10-2025,Netflix,$679.27,usd,PENDING,Travel,A36,Refunded
f3d1be3c-d1d7-41a4-b1b6-5c0af98ff255,2025/12/31,Apple,2220.49,USD,FAILED,,A38,Anomaly check
000503b6-178a-41e8-bf71-3cda507e8ed9,07-05-2025,Netflix,2998.19,inr,SUCCESS,Other,A21,SUSPICIOUS
9b671dd7-837c-44f7-8f84-ef67a4fc81b6,22-06-2025,Uber India,2400.52,INR,FAILED,,A34,Refunded
642c3f55-fda8-405d-b4e9-0b7931c0e6a9,2025/04/01,Shell Petrol,$2647.94,INR,PENDING,Food,A46,Duplicate?
ec617a50-c519-405e-b424-a8cec7372ae1,2025/01/11,Local Bakery,4213.6,inr,SUCCESS,Shopping,A32,SUSPICIOUS
71f95316-dcdb-41c9-a86e-652e01a70f9f,26-05-2025,Amazon,4361.39,INR,success,Utilities,A9,Duplicate?
d5fca751-2def-4974-aea6-666bc7184f86,27-07-2025,Flipkart,$3848.03,USD,success,Healthcare,A11,Refunded
b186ab6a-2117-4ce1-bc05-1d591c05efca,2025/09/18,Uber India,$2110.84,USD,PENDING,Healthcare,A17,SUSPICIOUS
bc2f4cf0-ad4e-4108-b9dc-400a503c8754,04-01-2025,Uber India,4206.27,usd,SUCCESS,,A10,SUSPICIOUS
603076b1-5cbb-4303-ab79-e871ac57eb07,2025/04/23,Local Bakery,571.45,INR,SUCCESS,,A36,Duplicate?
f86aa69b-d87c-475b-baf9-8fe245ef2772,2025/08/06,Apple,351.33,inr,success,Food,A8,Anomaly check
6b0dbf77-1fff-435b-861c-b264dcfdefb5,06-07-2025,Google,$3807.92,inr,FAILED,,A37,Refunded
21ecfdde-508c-4686-9a5b-632f10f526df,19-08-2025,Ola,692.54,USD,SUCCESS,Entertainment,A31,SUSPICIOUS
aea81f21-5415-4093-bddc-87e7677b255d,2025/02/24,IRCTC,550.58,USD,success,Cash Withdrawal,A28,Refunded
8143d916-9eea-4fd6-be2e-1dc5417d790f,2025/03/18,Swiggy,1657.38,USD,failed,Cash Withdrawal,A31,
230a77e8-d54c-4a12-bff8-2dc01c767bb8,24-03-2025,Ola,3136.75,inr,Pending,Shopping,A27,Anomaly check
dfa96b80-e1bd-482f-b843-95f199717627,22-02-2025,IRCTC,715.34,inr,Pending,Entertainment,A10,Refunded
49d76668-421f-4ded-88be-441a16ff08a4,2025/06/26,IRCTC,2642.33,inr,Pending,Shopping,A6,Duplicate?
,30-07-2025,Local Bakery,$4343.36,USD,failed,,A41,Refunded
ebedfd16-19e0-4ac9-aa3e-9e48b23b3dab,2025/04/14,Apple,4241.49,USD,PENDING,Entertainment,A24,
,30-09-2025,Zomato,1410.86,INR,SUCCESS,Food,A8,SUSPICIOUS
524ece8b-6f4b-4ab1-935f-d5e3d125b0d5,05-06-2025,Swiggy,1025.05,INR,PENDING,Utilities,A21,Duplicate?
e9317781-6e52-43f5-9858-afdc730692dd,29-05-2025,IRCTC,2181.22,inr,PENDING,Entertainment,A3,Duplicate?
,2025/05/07,Ola,2833.61,USD,Pending,Cash Withdrawal,A18,Anomaly check
a0477de8-598b-4257-93f7-343e6f3a2065,01-09-2025,Zomato,$3117.08,usd,failed,Food,A44,Refunded
dc51e8c5-15d0-4ab8-9fd6-2664719291ae,13-12-2025,Amazon,146.62,INR,SUCCESS,Shopping,A34,
bf02c08a-da06-4aef-a12b-fbed9fc365db,2025/06/06,Google,646.05,usd,Pending,Travel,A39,SUSPICIOUS
d3c1ea3b-bb1b-4f2e-aa85-61453afef0b1,2025/05/22,Ola,2111.3,INR,PENDING,Healthcare,A8,Duplicate?
b8335570-6482-4bc9-8083-af93f2408a4f,10-07-2025,Spotify,1077.74,INR,failed,,A34,Duplicate?
1b35c8d5-4a55-486c-9817-7766988d9eec,01-08-2025,Google,1067.81,USD,PENDING,Food,A37,Refunded
311d705d-72b5-4a1d-9360-ea48e4a3420c,14-01-2025,Netflix,4980.85,INR,Pending,Healthcare,A39,Anomaly check
32fcf1ea-a8ba-4526-a5a8-e2f1073df617,2025/01/14,Ola,4124.37,INR,Pending,Other,A19,Refunded
35eec331-8efd-42b3-894d-2e063e5bf29f,2025/07/18,Flipkart,352.19,INR,Pending,,A5,Refunded
2c0f5add-2644-4790-a2f7-750f2558ac5a,26-06-2025,Ola,4090.69,usd,SUCCESS,Entertainment,A21,SUSPICIOUS
a0d6bc71-17aa-4b70-b0a1-d4a1b35c7ba7,16-12-2025,Local Bakery,$4104.29,USD,failed,Utilities,A26,Duplicate?
ea2b9bd9-4e50-45c9-8457-dda5372dda19,24-02-2025,Local Bakery,3066.72,INR,SUCCESS,Other,A47,Refunded
7958df5d-135b-48e1-a166-ebdc051a9973,15-03-2025,Spotify,3390.5,usd,PENDING,Shopping,A24,
2974d55f-72db-4837-8b3f-3124b0919d7f,09-07-2025,IRCTC,3406.27,usd,SUCCESS,Food,A21,SUSPICIOUS
27621d48-8c2f-4313-8996-19d3234ab0cc,2025/04/21,Swiggy,3848.34,USD,failed,Cash Withdrawal,A41,Duplicate?
d37799b9-268f-430a-9e90-45cb38ee59e2,18-08-2025,Spotify,4398.89,usd,Pending,,A12,Duplicate?
fb9ee209-442f-4260-939b-ca3f046ed04f,2025/01/29,Apple,2746.86,inr,FAILED,Shopping,A20,Anomaly check
89fbaa0b-17e8-4f27-a148-908ad2b57f9d,13-05-2025,Amazon,3519.16,usd,failed,Food,A7,Anomaly check
dfd5d933-f00d-4238-abe4-2fb632548ea3,2025/12/30,Netflix,1181.99,usd,Pending,Other,A45,
bf3cbebd-85b9-4c6f-8413-a1b5b2e944cb,2025/06/08,Ola,111.98,INR,failed,Food,A15,
bf3cbebd-85b9-4c6f-8413-a1b5b2e944cb,2025/06/08,Ola,111.98,INR,failed,Food,A15,
81d7533e-3c37-4240-8505-f14623d5e91e,22-10-2025,Apple,3551.73,usd,success,Utilities,A37,SUSPICIOUS
ff8f1f42-4306-4b76-8627-e8362d498be3,2025/08/30,Netflix,1415.47,inr,PENDING,,A44,Anomaly check
41a0b669-d842-4e7d-a82a-a6d1601b1520,04-06-2025,Local Bakery,3020.24,INR,failed,Cash Withdrawal,A16,SUSPICIOUS
dc611cf3-1d74-4efb-8925-42a5504a428f,2025/11/03,Google,1917.94,USD,success,Entertainment,A1,
082db093-55fd-44d5-9b1b-e1943ad46c63,2025/03/02,Spotify,4450.1,INR,Pending,,A18,
5e05a0ed-1098-4285-babb-93b65c919dda,2025/01/16,Uber India,4191.09,inr,SUCCESS,,A11,Anomaly check
dbbc5c42-70bc-4a74-8d4d-1367ccb576b0,2025/06/24,Google,2791.83,INR,failed,Other,A27,SUSPICIOUS
343b2d08-0fb0-4ba9-969b-ba6a59d59f02,2025/09/26,Google,1188.43,USD,SUCCESS,Food,A17,Duplicate?
9c9d8789-d5cc-4a23-9cb3-02611d88868d,29-06-2025,Zomato,903.21,usd,success,,A17,Duplicate?
246f0ad1-4b36-45a4-8311-2c51b56e0290,06-01-2025,Uber India,2778.81,INR,failed,Food,A43,Anomaly check
5741aabe-42c0-4c00-a3a0-b1cb0ea8d788,2025/07/20,IRCTC,4157.41,USD,success,Healthcare,A6,Refunded
57d648d7-08fa-42cc-9309-1c2e4f7acb19,2025/08/12,Flipkart,1179.03,INR,success,Travel,A21,Refunded
4440dfa0-27c3-4ea1-87f0-cff9d2c44c75,29-01-2025,Uber India,$1961.66,usd,success,Shopping,A42,Duplicate?
062a2e7a-f1db-4bc1-9fc5-1fa8eca7f215,2025/05/27,Uber India,1427.76,INR,SUCCESS,Healthcare,A40,Duplicate?
6827c265-1c9a-48fa-94b7-d814d8f8ce37,15-02-2025,Uber India,2286.81,USD,SUCCESS,,A38,
400e8d05-74eb-431b-905b-7b9243dac605,30-06-2025,Flipkart,3416.64,usd,success,Cash Withdrawal,A43,
ab76591a-998a-4ce9-a28f-8e3314854206,2025/06/07,Google,$2215.83,INR,SUCCESS,Cash Withdrawal,A31,SUSPICIOUS
15a28d5e-ae19-49cd-a4f0-5a08c8762191,19-10-2025,Amazon,$1730.44,usd,success,Travel,A8,Anomaly check
ebe1688b-d2a7-4406-947a-871a3d368221,2025/09/29,Local Bakery,1350.82,usd,failed,Healthcare,A39,Duplicate?
c6877ee3-32f4-457c-a4d5-d6e1aee8075c,25-03-2025,Local Bakery,32.36,USD,SUCCESS,Travel,A3,Duplicate?
92fe4c3c-a486-4b26-aa4f-7fd573569882,2025/01/25,Ola,3401.03,USD,Pending,Entertainment,A4,SUSPICIOUS
c8e81814-3464-479e-b012-1d8c4fc36dd3,30-06-2025,Local Bakery,1841.01,INR,SUCCESS,Entertainment,A44,SUSPICIOUS
3a7d93fb-c1cc-4d72-9048-9ca575abad99,2025/08/24,Shell Petrol,4931.21,usd,success,Other,A26,
42c44ec5-f184-49bb-9c72-9c5f42c9b50c,18-05-2025,Uber India,1330.75,USD,PENDING,Cash Withdrawal,A31,Refunded
d9e52b36-ff5a-4830-868d-134617ecd790,2025/12/01,Flipkart,589.95,inr,FAILED,Utilities,A42,Duplicate?
06415648-72b0-45df-ba40-8ab6ebe53608,2025/08/10,Spotify,3911.12,usd,success,Other,A21,Anomaly check
6dca01bf-fc81-4652-93a5-19a97e9fa1ad,2025/09/19,Amazon,147.57,inr,SUCCESS,Entertainment,A23,Refunded
8adc7bc3-eacf-4cb8-be98-6d3edda44e37,2025/09/26,Local Bakery,2604.95,INR,PENDING,,A5,Anomaly check
fa141c51-7638-423d-80ae-bb6028e758ee,2025/11/01,Ola,2186.18,INR,failed,Other,A41,
c8aa6c3f-2b1a-499a-b97f-eab8841ca0cd,19-01-2025,Uber India,96.81,usd,FAILED,Other,A27,Duplicate?
ac295911-75bd-4b95-b7e2-e47e98024bdd,2025/09/05,Netflix,$4805.47,inr,FAILED,,A10,
46e894a9-fe3f-4ba9-b241-5851206e5e53,2025/02/20,Google,1219.06,USD,Pending,Transport,A31,
e05bebd7-d308-4137-890b-87ffab2e0480,01-08-2025,Netflix,2877.49,inr,FAILED,Cash Withdrawal,A31,
cc91b015-26fa-4c14-8206-891a3a0cb43d,2025/06/08,Spotify,$23622.43,inr,FAILED,Entertainment,A21,Refunded
afd1bdd9-3c73-43ad-bc05-6f647fa2392e,2025/02/05,Zomato,3167.35,USD,success,Travel,A28,SUSPICIOUS
060f45da-31ec-4750-8ed7-cf32da134ddc,05-06-2025,Apple,1563.39,inr,PENDING,Cash Withdrawal,A2,SUSPICIOUS
d8785fce-993d-4d88-8221-a7d96ec7c32d,01-05-2025,Apple,$2812.54,usd,Pending,Entertainment,A13,Anomaly check
aed647f6-2931-4b45-88e2-c748f70c2b51,03-02-2025,Amazon,$1363.4,USD,failed,Transport,A34,SUSPICIOUS
9d9d6aad-5661-4abb-82bb-083c931f13cd,2025/04/15,Google,$1524.65,INR,failed,Shopping,A6,Duplicate?
dfdc1eca-8856-4081-aede-341d9896ee61,2025/08/01,Shell Petrol,208.57,usd,failed,,A41,Duplicate?
251fc15a-36a0-4f8b-b656-158d45e7ac64,20-07-2025,Uber India,1298.92,USD,failed,,A23,SUSPICIOUS
79cfcc11-2fce-4e04-b9cf-dc5711f5b12e,2025/05/17,IRCTC,2933.71,INR,success,Cash Withdrawal,A31,Duplicate?
f8d579b4-c384-4d4f-8911-85921c30277c,2025/01/16,Amazon,$4410.3,inr,Pending,Healthcare,A18,Anomaly check
357298c8-7509-4af8-b265-5225b8760042,16-01-2025,Ola,$3137.75,usd,FAILED,Travel,A7,
7873f8ca-cd47-47b4-ac63-c91bd9e9b801,2025/01/21,Amazon,1149.63,INR,failed,Entertainment,A10,Duplicate?
476690dc-36d6-4cac-870d-ecfb8a2bf1c8,23-08-2025,IRCTC,$2676.42,USD,PENDING,Shopping,A26,Anomaly check
,2025/09/06,Apple,2394.15,usd,Pending,Other,A50,SUSPICIOUS
ebbc2f98-1d3e-46d7-8fa7-c9a6f8cd70a9,08-01-2025,IRCTC,2993.87,usd,Pending,,A37,Duplicate?
6a679280-b58e-4892-8b87-b7b1cc54dbaf,06-01-2025,Shell Petrol,1181.13,USD,success,,A16,Anomaly check
9d497e92-74e8-4418-956a-45de1fa1e8d9,01-02-2025,Google,889.16,INR,FAILED,Food,A14,Refunded
8bbbdbfe-e9a9-47d9-8822-3af876cdbbb4,18-05-2025,Flipkart,4360.06,inr,PENDING,Entertainment,A31,Refunded
86a39f39-7463-487e-bde7-253e8a6d6925,14-04-2025,Spotify,666.78,usd,PENDING,Travel,A9,SUSPICIOUS
0078ae64-eaa9-4020-a055-0ac8f701f384,2025/02/03,Flipkart,$1740.23,inr,Pending,,A38,Refunded
dde65218-21f1-4461-a240-f11dbb0812cf,2025/02/25,Uber India,3886.98,inr,success,Food,A10,Duplicate?
0df192c7-f5bf-4ae1-8f1a-6cd06af6c64d,2025/09/29,Swiggy,2505.25,USD,FAILED,Shopping,A44,Refunded
0df192c7-f5bf-4ae1-8f1a-6cd06af6c64d,2025/09/29,Swiggy,2505.25,USD,FAILED,Shopping,A44,Refunded
2f162070-5e48-4564-b385-d35909f5ab24,22-06-2025,IRCTC,293.78,USD,Pending,Entertainment,A1,Duplicate?
98d4de0f-86fb-41e2-b15d-c053bd7b3fac,2025/09/13,Amazon,532.73,INR,FAILED,,A42,
1c69c1f1-e484-42a7-b1c6-6512c0c2c39f,2025/06/08,Swiggy,2786.65,USD,SUCCESS,Food,A21,Refunded
1c81047f-c02d-4a2d-8b51-9a88d3d276b3,2025/04/09,Flipkart,2833.68,usd,Pending,,A19,SUSPICIOUS
,2025/04/13,Amazon,2096.8,INR,FAILED,Travel,A10,Refunded
9807fb81-f9fe-4c40-bcc8-c9dcd80326e5,2025/09/09,IRCTC,3371.0,inr,PENDING,Transport,A33,Anomaly check
,21-04-2025,Swiggy,1881.46,INR,SUCCESS,Shopping,A40,SUSPICIOUS
c24ba44b-0948-42b7-bfbe-8dcf82638c78,2025/04/28,Netflix,2810.41,inr,SUCCESS,Cash Withdrawal,A40,Anomaly check
ffedd8f9-d03d-4d72-b882-9218c06ba000,23-09-2025,Shell Petrol,1229.89,inr,failed,Entertainment,A14,Refunded
b0b8fc7e-35be-4ea9-945c-f8d5f41ea62a,2025/02/20,Spotify,2385.23,inr,Pending,Transport,A38,SUSPICIOUS
3993b6c7-e577-4328-8c8d-f79033442921,11-11-2025,Swiggy,3482.88,usd,SUCCESS,Cash Withdrawal,A5,Anomaly check
39ddd205-6f5b-48fe-a343-81c04c49ce67,26-12-2025,Netflix,404.31,inr,Pending,Transport,A42,SUSPICIOUS
1f91cd20-6529-470e-a13c-a843b87dd20b,2025/08/31,Flipkart,4982.6,usd,success,Transport,A30,
43b945cf-d4f0-4ac2-b274-8b7eaea8dc7c,28-06-2025,Amazon,3902.88,INR,Pending,Other,A18,
8d57c665-0910-4bef-aa90-7a0623d849ba,12-05-2025,Google,292.23,USD,FAILED,Shopping,A7,Duplicate?
9a59cf8c-6529-4e87-a2df-c098cef99d08,2025/05/06,Flipkart,4055.54,usd,FAILED,Transport,A25,Anomaly check
940d3e49-0235-4f74-b390-161b6818bb8a,31-05-2025,Swiggy,3055.9,USD,PENDING,Transport,A44,Duplicate?
66ff1451-7976-453a-a073-e1458dd90ad4,19-07-2025,Local Bakery,985.28,inr,PENDING,Cash Withdrawal,A28,Anomaly check
e019d7b3-cb7e-4ab2-93df-f1c5c234cee8,2025/08/12,Google,1378.02,inr,Pending,Shopping,A8,Duplicate?
7c074bab-c2cf-422f-aa28-3d5cdb7eea0e,26-08-2025,Swiggy,$2088.02,USD,PENDING,,A35,Duplicate?
dcafb429-c205-45b2-86f5-0811b500e0f1,19-05-2025,Flipkart,3408.56,INR,Pending,Cash Withdrawal,A4,Refunded
,27-10-2025,Shell Petrol,817.21,inr,failed,Entertainment,A3,Anomaly check
bc1045ab-80f7-4d10-8737-889a0e1c567f,14-09-2025,Amazon,1851.96,USD,success,Entertainment,A39,
d4a3a2a7-3d7f-4c42-9249-2af13941fe7b,22-09-2025,Uber India,342.53,usd,success,Utilities,A30,
f3c4397b-42d3-42bf-8ef3-6a10aa928e5e,20-04-2025,Apple,$2386.16,USD,Pending,Food,A32,Duplicate?
06a75b32-d91b-4c5f-af3b-96d329d55bcb,2025/10/18,Zomato,2068.55,USD,FAILED,Entertainment,A22,
00645fc6-74d7-4dad-8a0a-f5b5c11931ef,2025/02/06,Apple,1920.05,USD,success,Healthcare,A36,SUSPICIOUS
de5a4d51-f03d-47a5-a73d-b3f6f1156c8c,09-01-2025,Swiggy,4720.5,USD,PENDING,Entertainment,A13,Duplicate?
ddf5fc1d-3785-4e12-90de-bb97a711cc7a,2025/08/16,Uber India,$4307.65,inr,FAILED,Food,A17,Duplicate?
0c9681b5-6e4d-4ec0-83e2-c7e32edace46,2025/10/24,Amazon,3329.04,usd,Pending,Utilities,A28,Duplicate?
,2025/03/28,Flipkart,$2514.88,USD,success,Travel,A30,Anomaly check
ec7b3581-bd82-4a93-8fbd-c264c1bd1857,25-08-2025,Netflix,$1609.01,INR,SUCCESS,Entertainment,A13,Anomaly check
0d4cb821-a612-4ce1-bafe-68536713f517,2025/10/24,Google,478.8,usd,failed,Shopping,A23,Refunded
a59d7c61-303b-445c-b39a-33f1b0416114,2025/08/11,Shell Petrol,3631.62,INR,failed,Other,A12,
6e7ffe16-edbd-4f09-afda-ba0dcfcb7b85,04-11-2025,Zomato,2756.24,inr,Pending,Other,A40,Duplicate?
232c497b-ebc8-46d8-907e-25c603d92bc5,06-05-2025,Uber India,4602.33,INR,Pending,,A11,SUSPICIOUS
60e8eb7a-fd6f-438b-82c7-f8b80f47b2a6,12-06-2025,Amazon,60.62,USD,PENDING,,A1,Duplicate?
86cb7ca5-f686-4c42-b8b6-395ccb0e5b26,2025/05/14,Spotify,3632.2,USD,failed,Other,A49,Anomaly check
1da968aa-bcd9-4d8a-8c86-bfb8435155f7,28-03-2025,Shell Petrol,1794.85,inr,success,Cash Withdrawal,A7,Anomaly check
e8cb8ca5-38d7-4566-9578-8a3a4c33ae51,2025/10/07,Netflix,749.13,usd,success,Travel,A44,
4a100430-811e-4832-928a-11fbdc6c8f54,31-05-2025,Swiggy,$4866.63,USD,success,Travel,A38,SUSPICIOUS
dd6464b4-d627-4a0f-be0e-5882e28b439c,2025/11/30,Flipkart,$2623.12,USD,SUCCESS,Utilities,A40,Refunded
ada81cea-92fb-4fe2-943b-bc78a3ce76a1,22-08-2025,Amazon,4809.89,usd,SUCCESS,Food,A3,Refunded
6ec6052f-d768-465d-8e8d-3b504476b364,2025/02/06,IRCTC,186.22,inr,FAILED,Transport,A14,Anomaly check
b379c7c3-2cc3-46e3-bcc5-6b4fee442f22,2025/03/25,Uber India,3890.89,INR,FAILED,Travel,A31,Refunded
260a248c-7fde-4e48-b966-9631569c0ef2,2025/03/02,IRCTC,$3677.77,INR,SUCCESS,,A1,Refunded
f3c7bd88-7df9-4aa2-9991-7e2ca381331f,07-08-2025,Shell Petrol,1853.65,inr,PENDING,Food,A42,Duplicate?
c5ceadcf-2b7a-4ce0-a09c-9f9ce1fe7013,25-12-2025,Swiggy,1316.38,USD,success,Shopping,A32,Refunded
cb6e0d62-0560-49ad-a37a-b44c897bbe21,2025/02/04,Flipkart,233.88,INR,Pending,Healthcare,A19,SUSPICIOUS
20ff759d-967e-44f5-8f96-2466b5d4fbcb,2025/06/19,Apple,964.59,inr,FAILED,Food,A50,Refunded
2de6eadc-f674-496c-81a7-ebe6c555565c,09-08-2025,Ola,3093.68,USD,PENDING,Travel,A48,Refunded
e4decaac-5766-412e-bcca-8a47a687d393,2025/10/08,Uber India,1582.35,USD,Pending,Utilities,A7,SUSPICIOUS
f61b2353-bab1-46c5-9419-addd2215ef2a,02-08-2025,Spotify,2716.79,usd,PENDING,,A48,Duplicate?
2fdc1d55-bb2b-4124-85c3-07320e700427,29-11-2025,IRCTC,$4977.6,INR,Pending,Shopping,A41,Duplicate?
fa8b7d4d-e970-4d25-95a1-f895de6fa437,08-03-2025,Uber India,1490.49,inr,success,,A22,
4afbd96a-3a72-4f42-b94e-46c7051b2181,2025/03/22,IRCTC,$2413.24,usd,PENDING,Travel,A28,Anomaly check
b0eafe19-29b8-4143-8411-5c894d5971fd,05-12-2025,Uber India,1261.59,USD,SUCCESS,Travel,A13,
a6c9bdd5-013b-4805-80c4-7e8dad6d6a93,2025/04/08,Google,1998.72,INR,FAILED,Travel,A8,Duplicate?
fee2b3b1-364d-4966-bff0-69fd674dbf41,16-02-2025,Uber India,4058.66,inr,failed,Other,A23,SUSPICIOUS
75259e13-b10c-4a62-a939-40e6c0713274,14-06-2025,Shell Petrol,$3832.18,inr,FAILED,Cash Withdrawal,A19,Anomaly check
f4a7ff53-98e9-4aac-9567-3128ea729f0c,2025/09/24,Shell Petrol,980.63,inr,Pending,Travel,A43,SUSPICIOUS
3be3400e-5de8-4a00-b974-c6010a2adb98,13-09-2025,Amazon,$1071.7,inr,FAILED,Utilities,A44,
132c5c4d-cc92-47c7-8475-25a3a45735cf,14-04-2025,Uber India,4481.15,inr,Pending,Transport,A42,
8c9473ec-0b18-4525-9b2e-8d05e9cc0a0d,2025/07/20,Google,$2018.87,INR,PENDING,Cash Withdrawal,A11,
,31-08-2025,Ola,3092.71,usd,Pending,Travel,A6,Duplicate?
f77054ae-ca0e-4c90-96fd-6a59464eeb5b,05-09-2025,Amazon,1375.19,USD,failed,,A19,Anomaly check
f8f35165-968b-4e9e-a945-3f7b97cb7953,2025/05/04,Uber India,2594.48,USD,FAILED,Entertainment,A31,SUSPICIOUS
9467f675-0879-4dc1-a4a9-52db6a48d3ea,17-10-2025,Uber India,$4363.94,INR,Pending,Travel,A49,Refunded
4fa8caa5-577c-4375-9fb8-be6b7af661bb,2025/07/09,Shell Petrol,387.01,USD,PENDING,Entertainment,A30,SUSPICIOUS
31150f5c-ed40-4cc9-86c2-8ad408544372,02-08-2025,Apple,2751.44,usd,SUCCESS,Cash Withdrawal,A13,
59d5a630-5b0e-4116-875e-3a5e3ccf9772,2025/12/13,Local Bakery,4051.08,usd,PENDING,Shopping,A48,
ebf26e0a-c048-4e60-b00c-60903708db5b,05-10-2025,Ola,1488.7,USD,FAILED,,A23,Refunded
ebf26e0a-c048-4e60-b00c-60903708db5b,05-10-2025,Ola,1488.7,USD,FAILED,,A23,Refunded
571cf0c9-9877-458c-ad22-50eff5d69627,24-04-2025,Zomato,2516.53,INR,failed,Cash Withdrawal,A37,
e2cb38e2-7599-4b4b-94d4-9a51c8cedb53,2025/01/26,Amazon,$4383.46,INR,FAILED,Transport,A22,Duplicate?
a77fc9c2-e923-4cc1-9e60-2b5561dcf85f,2025/07/03,Zomato,3380.67,usd,FAILED,Transport,A35,Anomaly check
0ad1edf0-af18-4180-a75b-0c8819c2784c,2025/05/19,Amazon,3207.95,inr,FAILED,,A38,Duplicate?
75344b61-ece1-4857-bd9a-577682312b48,2025/06/29,Local Bakery,$4780.95,USD,PENDING,,A6,Anomaly check
fdbe68a2-2043-4dd0-a736-f6348473aaf9,2025/08/18,Local Bakery,3090.73,USD,Pending,,A39,
db32f25c-fab0-40a8-80d5-cd740e1c719c,2025/06/03,Swiggy,2568.19,USD,Pending,Healthcare,A22,
31683690-6a40-405e-b17f-a5c79f78a5dc,2025/11/06,Spotify,1727.87,INR,PENDING,Shopping,A26,
a3be4075-fed0-490e-bd20-0dff383945ea,21-06-2025,Uber India,$3705.72,USD,Pending,Other,A36,Duplicate?
ad8f35f8-0002-4512-9886-0cd8eda466a1,12-10-2025,Ola,2783.27,USD,PENDING,Entertainment,A13,Duplicate?
e78cc887-834c-47d0-b8c0-3e3bc80ee046,2025/10/18,Apple,$230.78,INR,PENDING,Cash Withdrawal,A28,SUSPICIOUS
4904d0c4-9391-4713-978c-d3c5723bb254,2025/05/06,IRCTC,1379.54,inr,Pending,Cash Withdrawal,A22,SUSPICIOUS
d39a7481-1402-4cbe-85bc-7c151e7c7688,20-04-2025,Local Bakery,290.09,usd,FAILED,Entertainment,A50,Duplicate?
,26-10-2025,Amazon,2430.8,usd,PENDING,,A40,Duplicate?
d8528b45-3c2d-4a2f-b8c4-53f02ac2262d,2025/12/03,Local Bakery,$468.71,INR,FAILED,Utilities,A4,
4e8354b6-617c-4626-866c-5f1fe575bf67,23-01-2025,Amazon,4850.88,inr,PENDING,Other,A25,SUSPICIOUS
1999896b-8898-41de-b4f4-f7d32862cc0d,16-11-2025,Google,4193.73,inr,SUCCESS,Cash Withdrawal,A46,Duplicate?
f6f32b4f-3878-481c-9f29-804d25df0a29,25-12-2025,Netflix,3848.17,inr,failed,Utilities,A26,
36f5fff3-c3ef-443e-9476-740c57258ca4,20-11-2025,IRCTC,906.41,INR,success,Food,A11,SUSPICIOUS
953f5ae5-ed7e-4694-9894-29c1fc5ce005,2025/09/25,Amazon,$967.54,INR,success,,A50,
e4e5df32-a14e-42ee-8357-fcf704e06ea8,2025/10/26,Amazon,379.77,USD,failed,,A46,
4b4f15a0-9557-403a-95af-0799f61183a2,25-07-2025,Uber India,3529.52,USD,Pending,Entertainment,A32,Refunded
7fda8013-6fd7-48b0-8675-f36b9e7a4ef5,08-11-2025,Local Bakery,4923.43,INR,FAILED,Healthcare,A28,
98024281-fd08-4219-bde0-1489ddcf5ca3,2025/02/09,Ola,4353.76,USD,failed,Utilities,A3,SUSPICIOUS
e6e6ee16-ea15-4a01-a402-cf069a978d20,2025/03/22,Ola,4490.31,USD,Pending,Utilities,A42,SUSPICIOUS
70e993c0-56a0-4500-9fab-c117fae9169c,22-08-2025,Ola,$3799.88,INR,PENDING,Entertainment,A33,SUSPICIOUS
83258779-47ff-463f-996a-d22ee2744ae4,2025/06/20,IRCTC,2000.51,USD,SUCCESS,Other,A27,
72b303fc-9725-43dc-8154-8885be8f4e37,2025/11/12,Google,$1326.31,USD,FAILED,Other,A31,
b9937def-a20d-4182-9e68-c4ed4c21a025,2025/12/10,Local Bakery,3065.55,inr,Pending,Food,A37,SUSPICIOUS
55f27c40-010a-402f-85b9-412f1dcb42d7,2025/07/21,Zomato,$4535.53,INR,SUCCESS,Entertainment,A36,Duplicate?
d915c603-a03b-4a53-9924-7c8febf97d03,26-09-2025,Apple,3477.91,USD,FAILED,Utilities,A17,
f9468b20-b392-4304-afbe-923141140794,2025/08/25,Zomato,$514.51,usd,PENDING,,A40,SUSPICIOUS
f5869bb6-cdfc-42a6-b6be-9ae53230b2a4,07-04-2025,Flipkart,464.63,INR,FAILED,Other,A8,Anomaly check
9289e4bf-0587-4f77-8a0d-5a4ff279c94c,2025/01/18,IRCTC,4627.22,inr,failed,Transport,A22,Duplicate?
48d76450-c8ef-456f-a579-93e430e88f73,18-06-2025,IRCTC,4101.96,usd,success,Cash Withdrawal,A11,Anomaly check
48d76450-c8ef-456f-a579-93e430e88f73,18-06-2025,IRCTC,4101.96,usd,success,Cash Withdrawal,A11,Anomaly check
98e9966e-21ef-4725-9e90-0ea78fbada5a,2025/06/21,Local Bakery,2562.01,INR,SUCCESS,Food,A21,Anomaly check
5480c21d-124f-4979-8cb0-f04a3d09dc0c,2025/02/20,Swiggy,$713.2,USD,success,Entertainment,A3,Anomaly check
4737f86e-064b-4c85-9bcd-443f1a9dda59,2025/12/11,Swiggy,2836.47,usd,Pending,Travel,A28,Duplicate?
e5177b35-a36e-4257-b810-f8625538413e,2025/06/13,Shell Petrol,86.44,usd,FAILED,,A23,SUSPICIOUS
c8538329-e240-4296-b817-bb138659cc66,15-08-2025,Apple,$3766.7,usd,Pending,Utilities,A35,Anomaly check
1afc299f-1eea-4ec9-9599-ac21f12a81f8,2025/08/27,Local Bakery,$2048.4,USD,SUCCESS,Food,A27,Duplicate?
fec516e9-fedc-48f8-8881-78e36abbb463,11-08-2025,Swiggy,3902.76,usd,PENDING,Other,A9,Duplicate?
,11-08-2025,Shell Petrol,4046.33,inr,success,Shopping,A24,Duplicate?
,11-08-2025,Shell Petrol,4046.33,inr,success,Shopping,A24,Duplicate?
5f03c6b0-db63-44c9-b30b-5e7c68730987,2025/04/20,Uber India,$1122.97,usd,PENDING,Transport,A47,Duplicate?
5f03c6b0-db63-44c9-b30b-5e7c68730987,2025/04/20,Uber India,$1122.97,usd,PENDING,Transport,A47,Duplicate?
2879416a-0a39-48ae-89e0-d5fa5fd3d7f0,14-03-2025,IRCTC,4793.13,usd,Pending,,A18,SUSPICIOUS
ea563db3-e682-4a10-a782-b86dd5076ffc,30-12-2025,Zomato,$1484.99,USD,FAILED,Other,A18,SUSPICIOUS
50063105-5058-46aa-9866-6b87800d7e8e,25-01-2025,Google,835.89,usd,PENDING,Cash Withdrawal,A6,Anomaly check
,2025/04/19,Amazon,3646.41,inr,failed,Entertainment,A45,SUSPICIOUS
d3f4a78c-71d9-4df0-b670-96c59c460266,06-06-2025,Amazon,3050.27,inr,Pending,Food,A10,SUSPICIOUS
8501802d-e200-4d30-adf8-22740f152e32,2025/08/23,Shell Petrol,1334.41,inr,PENDING,Transport,A44,Duplicate?
4a5de91a-858d-45a3-b12a-5da06183abef,03-09-2025,Netflix,$3024.44,inr,Pending,Utilities,A15,Refunded
ae29bf25-e491-4412-9ced-f23dc12294ed,2025/08/27,IRCTC,1420.29,USD,success,,A7,Refunded
30bf9c0c-9e3f-4108-96ba-b8bf4a60e842,11-08-2025,Shell Petrol,3603.27,INR,PENDING,Travel,A43,Anomaly check
20dc5090-b415-4594-951e-f6150677002a,2025/03/27,IRCTC,2875.63,USD,SUCCESS,Entertainment,A38,Anomaly check
,24-02-2025,Ola,$2515.73,INR,Pending,Food,A16,SUSPICIOUS
d34b1105-bd50-441a-8bf2-43785f846d90,04-01-2025,Local Bakery,2769.24,usd,SUCCESS,,A47,Duplicate?
8548cbc4-fa7d-43b8-b344-3ed8ad1461a0,26-07-2025,IRCTC,4110.41,USD,PENDING,Transport,A20,Duplicate?
ebc6aac5-ad98-447a-8317-7526a31011ae,2025/12/15,Google,2298.5,usd,Pending,,A35,Refunded
48d04d47-d1d0-4eb8-bf0a-06b36e93b13c,2025/09/17,Local Bakery,3402.19,usd,SUCCESS,Healthcare,A39,Refunded
a89162b3-44ae-4921-acd6-edfe792ec123,27-11-2025,Apple,1544.51,INR,failed,Cash Withdrawal,A36,Refunded
a0305234-78dd-4b76-8db9-9b8c39e3111b,2025/03/06,Flipkart,1619.68,USD,Pending,Cash Withdrawal,A22,
a524ce6a-c5e4-4127-b4b1-2997f881643e,2025/02/15,Zomato,880.16,usd,Pending,Cash Withdrawal,A14,SUSPICIOUS
dd62cb0c-e468-4678-b2f6-f0a5d3735f13,2025/09/14,Uber India,3885.57,inr,failed,,A40,
b4cefe50-3d73-4cfb-be7f-2f8a1b26bfe4,2025/10/03,Spotify,3744.06,INR,failed,,A24,Duplicate?
0b335b97-2baf-468f-9ad6-7456c33fa8f1,2025/04/28,Zomato,$4585.35,usd,Pending,Travel,A26,Duplicate?
d455541f-4ae8-4310-b063-00c508eb856a,30-01-2025,Local Bakery,1542.88,usd,SUCCESS,Cash Withdrawal,A4,
a51ddfc5-e546-47a0-9ff5-ca9149857e83,20-03-2025,Apple,4553.39,inr,Pending,Travel,A37,
8dd776e4-bd28-4885-83dc-ba3fd2c6755b,2025/04/24,Swiggy,4716.04,inr,FAILED,Shopping,A35,Refunded
70ac8056-9fc8-4fbe-90fc-6031967b582e,01-06-2025,Netflix,$4838.77,USD,SUCCESS,Travel,A16,SUSPICIOUS
b9d685cd-feef-4829-b870-536fc5b54640,17-10-2025,Spotify,2627.23,usd,FAILED,,A1,
808e14fb-05a9-40bd-84fa-8ff8b633851e,31-03-2025,Shell Petrol,2074.96,USD,FAILED,,A10,Duplicate?
3eae530e-efff-4f63-879c-982a2462e6ec,2025/11/16,Netflix,2264.27,INR,SUCCESS,Cash Withdrawal,A14,Refunded
78a4903e-58c9-411a-894c-e408cfdc2aed,25-12-2025,IRCTC,3085.58,inr,failed,Food,A25,Duplicate?
6ee451a6-7848-4189-a832-abf84dbc90c9,11-10-2025,Uber India,$1050.54,usd,success,Shopping,A13,Refunded
89f171f2-1dee-445c-a1e0-45f9fda1038c,2025/01/04,Apple,3000.81,usd,Pending,Transport,A43,SUSPICIOUS
990bd20a-f5ec-44b6-b6a8-87802e39b338,2025/07/30,Netflix,2796.03,inr,FAILED,Food,A39,Anomaly check
d5309de2-e62c-4fdc-810e-e6e7e6e7ef9e,2025/02/09,Flipkart,1765.82,USD,PENDING,Entertainment,A39,Refunded
2afb5ae7-98c9-4775-9867-f3e73caae213,18-03-2025,Local Bakery,1756.98,INR,PENDING,Cash Withdrawal,A29,Refunded
0f4b980f-6a70-4325-baed-6e2968d307fb,20-07-2025,Ola,4723.41,USD,Pending,Utilities,A30,Refunded
96a4bc2b-cf4c-40d4-878a-f59fa9ae13bc,30-12-2025,Spotify,4916.9,inr,SUCCESS,Food,A50,SUSPICIOUS
ad55a9a3-f15d-4bc2-8024-fe109d6358de,2025/07/23,Local Bakery,4042.34,INR,FAILED,Utilities,A42,Refunded
ee224571-78c6-40f4-b521-ff9f0e8bc8b4,2025/10/08,Shell Petrol,920.71,INR,Pending,Other,A39,Anomaly check
ef07248f-ac6a-4a4c-a7cc-5822ed52a7f7,14-02-2025,Apple,4368.98,USD,success,Shopping,A32,Refunded
3af6e01e-2ea3-44b8-b93e-b5afff2561c2,29-07-2025,Google,3019.44,inr,Pending,Utilities,A16,
b119f16e-c7dc-4dc8-97ba-59daa2a03f95,2025/03/09,Google,1845.77,usd,success,Travel,A43,Refunded
c78f656e-9da5-470b-801e-379203f7bf0c,15-04-2025,Zomato,$4122.0,inr,PENDING,,A38,Refunded
b51d7d10-2642-410a-bb31-c0b1bade5c47,07-05-2025,Ola,$160.91,USD,FAILED,,A35,Anomaly check
1fe5dfca-c0bf-430f-8f57-98b6adf718f3,30-05-2025,Uber India,4224.93,usd,failed,,A3,
6e48dcb1-481c-4a20-b6a5-41c5b4adb66c,2025/09/12,Google,$2903.96,usd,SUCCESS,Travel,A4,Refunded
6f3c45d9-38e7-4dcc-9354-4809dd93f20b,2025/10/05,Uber India,$1753.4,INR,success,Shopping,A9,Refunded
a5c5af22-3055-4c65-8aee-c674c9cc15cd,30-05-2025,Uber India,$904.22,USD,FAILED,Cash Withdrawal,A13,Refunded
,01-06-2025,Spotify,1798.95,INR,Pending,Entertainment,A24,
6f4243d5-7c14-4b32-ad0f-dd030012cdd0,03-11-2025,Shell Petrol,678.09,INR,FAILED,Utilities,A12,Anomaly check
dc05398e-ec3d-4cd6-83a7-5de907f840c3,2025/10/13,Amazon,3063.76,USD,success,Other,A17,Duplicate?
aed8bdb6-299b-4171-87a4-94f4870e1338,2025/07/06,Local Bakery,4395.69,INR,PENDING,Healthcare,A29,SUSPICIOUS
9ae607a6-cf26-4464-a537-48b4fcc8152b,18-07-2025,Amazon,2258.61,INR,Pending,,A5,Anomaly check
51911b91-4e0d-4012-83fa-8c49bb2900b3,03-02-2025,Flipkart,4513.38,usd,FAILED,Utilities,A1,Refunded
1cb3531b-133c-439e-81e0-211eea73c40a,2025/11/29,IRCTC,$2849.16,USD,FAILED,Food,A37,Duplicate?
01695d16-639f-439b-9264-c8cabe7a9790,25-11-2025,Apple,4230.84,INR,PENDING,,A39,Refunded
910ddd35-8ace-418a-8f67-cf45c01e2553,28-06-2025,IRCTC,4037.03,inr,Pending,Food,A6,Refunded
,20-01-2025,Zomato,2434.96,usd,PENDING,Utilities,A34,
917db117-b529-4a3e-bd7b-1cc62a9909e2,26-11-2025,Google,$252.97,USD,FAILED,Healthcare,A18,Refunded
65c5330b-cb93-4c60-adc4-437dccb99497,25-09-2025,Zomato,1127.98,inr,failed,Cash Withdrawal,A29,Anomaly check
6d17b15b-8460-4dd8-8249-985872afab4c,24-03-2025,IRCTC,539.02,USD,PENDING,Healthcare,A29,
3b83cba7-b6ed-45c4-a258-7cf8eb880e53,2025/02/24,Local Bakery,1627.37,USD,SUCCESS,Other,A39,SUSPICIOUS
efb44cb2-fbe7-4337-bbc3-436acaa4b989,03-05-2025,Spotify,3496.23,inr,FAILED,Travel,A6,SUSPICIOUS
c5ad79d1-ebce-45f4-b31c-07d402764445,17-09-2025,Swiggy,2078.47,INR,FAILED,,A13,Anomaly check
3d1ec4d8-5ab8-4748-b871-1f41336bf708,15-04-2025,Spotify,178.2,usd,Pending,Entertainment,A40,SUSPICIOUS
,2025/01/19,Google,$3830.82,USD,FAILED,Cash Withdrawal,A13,SUSPICIOUS
,14-11-2025,Swiggy,4494.58,INR,failed,Healthcare,A34,Duplicate?
59d4817e-b745-4d8d-aae0-ebe584b95678,2025/11/28,Apple,748.96,inr,Pending,Food,A26,
ad74439a-457a-478f-8ab1-61e7424c70c7,11-04-2025,Uber India,1602.15,USD,PENDING,Entertainment,A19,
750cc88b-fd47-4749-a046-a614bf7d91d6,2025/04/14,Zomato,1797.65,INR,failed,Shopping,A11,
97837162-6be6-420a-b55d-bf59f01979fc,26-01-2025,Uber India,568.66,INR,SUCCESS,Utilities,A37,Anomaly check
485d6b7f-8f33-429f-9939-0fde374eb85f,22-12-2025,IRCTC,1399.21,INR,failed,Utilities,A22,Anomaly check
5e33cb7f-e401-4f68-bedd-c31b31d5cee0,23-08-2025,Apple,$1345.57,USD,FAILED,Travel,A26,
d26bc0dc-0004-44c0-b6b0-39c16271bd1d,2025/10/01,Apple,1180.33,usd,Pending,,A8,Duplicate?
27c08e27-5728-4c77-a6b5-2bf088588af7,2025/02/08,Google,886.52,usd,success,Shopping,A26,Anomaly check
5e9cdbbc-3095-41e7-a38d-9544b1ad5d4a,20-01-2025,Swiggy,4263.41,usd,PENDING,,A41,Anomaly check
18b49c0a-0e86-496e-a9fe-9f8a33e630b3,04-06-2025,Uber India,3859.33,INR,failed,Shopping,A18,Duplicate?
57afda2b-ad16-4016-b10f-83858705088e,27-12-2025,Uber India,4047.48,inr,FAILED,Healthcare,A27,Anomaly check
4815b920-be23-414c-a42c-20a58265a4ab,02-02-2025,Ola,4237.8,inr,success,,A32,
3a497881-5a9b-4d7e-9d79-001774022156,15-05-2025,Zomato,2426.19,USD,PENDING,Other,A30,Refunded
2735ce4e-73d4-42af-8a9e-53cf27b2712e,2025/07/31,Ola,1926.1,usd,success,,A3,SUSPICIOUS
775fed4d-1d1e-45f8-976b-ac3650c6c170,2025/08/05,Uber India,1352.29,inr,FAILED,,A31,
76ec4790-6639-41e3-9024-300d6161c29f,2025/07/29,Zomato,4451.6,USD,success,Healthcare,A17,Duplicate?
fd587e57-79f6-4868-ae06-5e8fd0043e6d,2025/03/05,Google,39.64,USD,SUCCESS,Entertainment,A15,Anomaly check
7666ed17-8ae1-4a6e-9b2d-9d8f1a953239,27-11-2025,Ola,3424.67,inr,Pending,Shopping,A22,Duplicate?
e441cbdf-3e4e-4a09-9034-97db0039f967,2025/11/12,Local Bakery,4256.19,INR,PENDING,Other,A13,SUSPICIOUS
00e1754b-1719-4335-b195-7b23a1f708f7,09-05-2025,Google,2841.06,INR,failed,,A11,
380d6041-cdc1-457e-9d8b-7ca3858bdd79,2025/11/19,Zomato,336.34,INR,PENDING,Other,A7,Duplicate?
,2025/09/16,Ola,210.06,usd,success,Utilities,A47,Refunded
dd473b7d-1f96-4940-8ad5-1d4e0d33cec1,2025/02/04,Uber India,2347.27,INR,PENDING,Cash Withdrawal,A20,Duplicate?
aa3324fd-caf4-478c-862c-f3fc7c3d23a7,22-07-2025,Shell Petrol,2965.85,inr,success,Transport,A47,
0cb3e0a9-da81-4688-ad41-4e5a21846511,09-03-2025,Swiggy,4297.39,inr,Pending,,A11,Refunded
1a04cc6c-3f3b-4e80-bfa4-207578d4f47a,2025/05/02,Amazon,3525.22,USD,SUCCESS,Entertainment,A47,
a8542e97-e580-48f0-a490-280b0c0fd8ec,19-02-2025,IRCTC,1377.94,usd,Pending,Other,A26,
0347741e-59df-4191-a733-87f6e8587584,2025/08/13,Swiggy,$4664.33,INR,SUCCESS,,A19,
c966b21d-2372-4e9e-8e87-b67aea259ba1,2025/11/05,IRCTC,1866.91,inr,PENDING,,A16,SUSPICIOUS
16daf395-393e-4fe1-876e-8b68a6f01336,2025/09/20,Apple,1508.64,USD,failed,Food,A39,
,23-02-2025,Local Bakery,1394.77,inr,Pending,Travel,A2,Duplicate?
,2025/04/22,Google,4501.61,USD,Pending,Travel,A30,
6c9daf95-25d8-4fbc-ad23-86121c3a8e53,2025/03/20,Spotify,2906.63,INR,SUCCESS,Cash Withdrawal,A14,Anomaly check
80648bd1-1b87-4523-8c92-787abf5e5650,2025/01/11,Shell Petrol,2917.59,usd,FAILED,,A18,Anomaly check
c2b2fd0f-b541-4d4c-98bb-b50c994bbdf2,27-03-2025,Netflix,3663.54,usd,PENDING,Food,A15,Refunded
6fa1d0e2-6213-45e1-af12-e7d1ba78cf97,2025/06/02,Uber India,2708.56,inr,Pending,Other,A30,
16eaf2fd-c46a-42c4-a334-9629646c65f9,2025/01/08,Uber India,1070.95,USD,success,Healthcare,A5,Refunded
29c10ff8-da56-4d91-aea7-2922c5770def,07-08-2025,Zomato,1350.88,USD,failed,Utilities,A36,Refunded
b2c8ee63-9684-43f0-97d8-a7b542a2e725,30-07-2025,Uber India,197.78,INR,failed,Healthcare,A22,Refunded
fdeb3770-77ab-4791-8763-0f92858ba88c,30-03-2025,IRCTC,1151.22,USD,PENDING,Healthcare,A8,Anomaly check
4c5898b9-3b24-4183-b8e7-dd9fce8b56aa,2025/03/03,Apple,3969.19,inr,SUCCESS,,A8,Duplicate?
,31-01-2025,Amazon,$4918.12,USD,SUCCESS,Healthcare,A6,Duplicate?
,31-08-2025,Zomato,4770.26,INR,FAILED,,A16,Duplicate?
a6ddf1cc-2910-431a-bc33-2808d4702c81,2025/05/12,Uber India,$4100.58,USD,FAILED,Transport,A3,
d6532d89-0ced-4594-93a9-e19d9b97a116,2025/01/02,Local Bakery,3927.24,usd,PENDING,,A36,Anomaly check
33eb6d72-6b3a-43c0-ad7f-d734d591a30e,2025/06/01,Local Bakery,289.09,INR,success,Cash Withdrawal,A46,
386e6e68-0367-4d72-9d20-ce97a69505d7,02-06-2025,Zomato,$3053.74,inr,success,Utilities,A13,Duplicate?
2f1b1734-70c4-4ae8-bdaf-35e6c836076f,2025/01/30,Netflix,2197.39,USD,FAILED,Cash Withdrawal,A19,SUSPICIOUS
2f1b1734-70c4-4ae8-bdaf-35e6c836076f,2025/01/30,Netflix,2197.39,USD,FAILED,Cash Withdrawal,A19,SUSPICIOUS
2fb197fe-cebb-405c-877f-1bacff651fec,21-03-2025,Google,2159.28,inr,Pending,Entertainment,A3,
e8dd5701-a136-445a-b067-e7ccb2c38107,2025/10/01,Apple,255.44,usd,success,Transport,A16,Refunded
4a4b7f6f-4f2a-46ee-96e5-287fb0e5becb,2025/12/16,IRCTC,1452.68,inr,success,Utilities,A36,
7991b2c7-bee9-4f47-bfee-b49f6af721a6,2025/01/16,Zomato,606.1,USD,FAILED,Cash Withdrawal,A21,
bd20e509-2640-4e47-9d75-9981845b40c5,04-09-2025,Zomato,4829.08,INR,failed,Entertainment,A25,Refunded
752e1d84-1272-4398-9b6a-987cef1ff750,23-04-2025,Ola,2051.53,usd,PENDING,Shopping,A37,Duplicate?
ee181c23-046d-4135-9d68-c82c3f926ea8,22-04-2025,Spotify,3841.08,usd,Pending,Cash Withdrawal,A18,Anomaly check
6aebf77c-ebec-4ed2-af14-81ebb70fd4b1,26-06-2025,IRCTC,4156.33,USD,failed,Utilities,A21,
d440493b-5be4-4bc9-86c1-d9a5dd79b6d4,2025/12/31,Shell Petrol,$2146.55,usd,failed,Travel,A31,Duplicate?
b7d3a9c3-3938-43ec-a63f-9787d8ce2061,2025/01/19,Amazon,3078.05,inr,Pending,,A15,Refunded
46637e91-4226-4114-b497-55d266a3ccc7,16-06-2025,Google,1274.99,inr,Pending,Entertainment,A2,Duplicate?
f7dda2d6-51c7-4d3f-a00e-025eaaa1e1ff,27-10-2025,Shell Petrol,3595.37,inr,PENDING,,A5,SUSPICIOUS
c7c919d9-823f-4fa6-a212-6da09df5628b,2025/05/07,Netflix,1115.94,USD,failed,,A36,
1dcd43b3-4c28-4085-be05-961515c96ecc,28-03-2025,Uber India,$1125.79,usd,Pending,Other,A28,Duplicate?
72317e0a-8633-4a4c-8970-999683a31db0,23-05-2025,Uber India,96.86,usd,PENDING,Healthcare,A26,SUSPICIOUS
6f9a1b4d-c164-4b53-ab37-d93f6171c296,14-11-2025,Flipkart,$3354.87,usd,FAILED,Entertainment,A16,SUSPICIOUS
2f9be428-511b-428f-94ad-79fc3c6dd08a,18-08-2025,Shell Petrol,1621.73,inr,FAILED,Food,A7,SUSPICIOUS
372bb2fa-c256-422f-96aa-199ea0c8ea17,15-11-2025,Ola,3556.84,USD,PENDING,Utilities,A33,Anomaly check
d6bb97be-9fb1-4913-b105-7474feb1bb09,21-06-2025,Shell Petrol,2918.91,usd,FAILED,Healthcare,A26,
d22ba48c-f3e2-4bf6-b255-ad63bed5f16a,2025/11/24,Shell Petrol,2947.69,usd,FAILED,Travel,A2,Duplicate?
2f84a925-2c95-4705-959a-913d9c3b3d0b,2025/10/17,Netflix,3043.92,inr,failed,Entertainment,A47,Anomaly check
fcc720be-6da0-4669-acce-c71a3c9b6fe0,12-02-2025,Ola,1635.41,INR,SUCCESS,Utilities,A23,SUSPICIOUS
b561db8a-d144-4e0f-a2c4-ff88cdf18769,18-06-2025,Zomato,3143.28,INR,failed,Entertainment,A13,Anomaly check
1506727a-fbae-4bac-9c65-216416b8dd96,2025/11/07,Local Bakery,1322.09,usd,SUCCESS,Food,A18,Refunded
f5c5120c-9ad8-4020-9048-9d92cd221cd8,10-04-2025,Apple,459.78,USD,PENDING,Shopping,A2,
bec3c66b-71ca-48c9-9c90-9fb6919bae96,2025/11/12,Google,$2472.47,INR,SUCCESS,Utilities,A4,Refunded
be45bf55-9837-4ed2-810c-9555be7809a1,2025/04/13,Local Bakery,895.37,usd,Pending,,A48,
173fc482-544b-4713-8f38-942604799601,14-01-2025,Ola,1034.46,USD,Pending,Travel,A8,Duplicate?
73f4da15-ea59-4cc5-9c2e-01f99bb18677,2025/03/02,Zomato,1564.02,USD,PENDING,Transport,A22,
4df50c39-f73f-4e93-b7f5-05fb701d6d13,10-01-2025,Uber India,1515.29,INR,FAILED,Utilities,A47,Duplicate?
87fc52c7-822d-473c-9bab-3c1cda0bb8fb,18-12-2025,Shell Petrol,$2322.56,inr,Pending,,A43,Anomaly check
354f299c-29b1-4b3b-b1fa-1c0b72529681,19-03-2025,Shell Petrol,1782.36,inr,Pending,Food,A7,Duplicate?
3da721e1-9d61-4cbd-a2cc-e120ae0d8aeb,01-01-2025,Uber India,2110.76,INR,SUCCESS,Entertainment,A23,SUSPICIOUS
7e9fd986-b89e-4434-b54b-26fe9b53d484,24-11-2025,Netflix,3464.25,INR,FAILED,Utilities,A21,
5bc66d1f-2488-435b-ac6d-900041c6566a,2025/04/22,Google,713.62,usd,FAILED,Healthcare,A44,SUSPICIOUS
ca6b2d0a-c24a-4a1d-85ef-5d79db40c57b,16-02-2025,Flipkart,4723.31,INR,FAILED,Entertainment,A26,SUSPICIOUS
a6f11e36-38eb-41be-aa98-a429b375f460,2025/01/16,IRCTC,3454.61,usd,PENDING,,A26,
031e7295-c251-440e-8eaa-140cffb3602e,2025/09/26,IRCTC,4103.08,inr,Pending,Other,A47,SUSPICIOUS
e98ab8bb-ddea-4382-8162-8f5cd87ba87c,23-06-2025,Shell Petrol,3241.48,inr,failed,Entertainment,A32,
f53b1793-d135-475f-8d98-982f17a27e0d,07-04-2025,Uber India,971.8,USD,FAILED,Cash Withdrawal,A15,
e31d2e5d-8108-4e1e-9d4d-b25d364c1425,2025/02/24,Uber India,2573.16,USD,Pending,Travel,A18,
91502869-0890-499a-8cdf-cbfb9cf91186,2025/10/25,Spotify,103.64,inr,success,Other,A13,
94f228bd-faac-47e7-a73b-d93eafdfa41f,2025/01/30,Flipkart,3388.49,usd,SUCCESS,Healthcare,A46,Anomaly check
a699caee-0737-4b07-966b-c38be2e87ea5,2025/03/27,Apple,$950.49,usd,FAILED,Travel,A8,SUSPICIOUS
900017a3-667e-4ae4-80dd-3525bda68892,2025/07/15,Ola,$1914.57,INR,SUCCESS,,A47,Anomaly check
49e01231-7a9e-4fc9-948c-e62847e7964d,04-01-2025,Apple,200.6,USD,FAILED,Cash Withdrawal,A48,Duplicate?
c42c49e2-ece5-4cd0-8cc3-9a74b119fa68,2025/03/24,Shell Petrol,1688.66,INR,FAILED,,A27,
e46b9883-a377-41c5-a684-92c306d98fe3,2025/12/17,Local Bakery,3045.68,INR,PENDING,Other,A36,Duplicate?
3a590cbf-022d-481d-be5d-0af7c424118d,2025/04/05,Apple,$3383.57,INR,FAILED,Travel,A31,Duplicate?
5ce0fbe4-389b-4140-8302-40819bd7f156,2025/08/18,Spotify,2916.54,INR,failed,Travel,A9,
d370c98a-8001-402c-a296-3d7ccc6cf1ab,2025/06/27,Shell Petrol,4004.69,INR,PENDING,Shopping,A2,Refunded
bf37718d-9785-4a26-a008-2cd712837fb3,06-08-2025,IRCTC,3954.33,usd,failed,Food,A42,SUSPICIOUS
132f46a8-1fb5-419d-a76d-1ce6f5dd5840,2025/11/05,Amazon,907.5,INR,FAILED,Shopping,A45,
13a25907-4c20-4c63-b911-fecfed768394,2025/07/21,IRCTC,$3697.2,INR,FAILED,Utilities,A45,Duplicate?
93c30a38-76d2-40b3-9d3c-ad0382bdbe31,04-02-2025,Apple,1913.31,INR,FAILED,Other,A4,Refunded
c11922d8-28c3-443d-96e8-25c4b0612386,2025/10/01,Amazon,$4897.91,USD,failed,Shopping,A11,SUSPICIOUS
,15-04-2025,Zomato,$2932.82,USD,success,Travel,A46,SUSPICIOUS
457087c5-6903-4006-820c-ce70189030ad,2025/11/25,Zomato,724.36,INR,Pending,Other,A14,SUSPICIOUS
0913c7ca-5a9a-4d96-ab3f-6c2166a27bb4,2025/12/20,Shell Petrol,3077.05,USD,Pending,Utilities,A38,Anomaly check
7ed5cccb-121e-4b0b-9ff5-da57b8dd5499,17-05-2025,Netflix,2603.91,inr,failed,,A50,Duplicate?
c0c1dbc2-3c1a-4fdc-a16d-03a9d45013c4,28-10-2025,Swiggy,1537.48,usd,Pending,Food,A36,Anomaly check
c023e683-e5b2-4c7e-b0c6-f8e5e1f460a8,2025/12/28,Spotify,1961.93,USD,failed,Cash Withdrawal,A28,SUSPICIOUS
91ae88cd-d697-4a66-9f93-8cc103c4da22,2025/04/08,Apple,$4443.18,INR,FAILED,,A3,Anomaly check
0c6e1acf-203d-4957-94d7-44cb635a23dc,18-02-2025,Ola,2859.65,INR,Pending,Travel,A2,SUSPICIOUS
9533f733-40ef-4162-9dbc-209e04458ce8,2025/02/20,Spotify,$1555.62,inr,success,Travel,A9,
866434e3-015c-4308-b01b-99e99d584361,2025/06/09,Uber India,$4340.38,usd,SUCCESS,Transport,A35,Refunded
7e916d4d-0c20-4875-974f-ed47e7317033,2025/01/26,Zomato,2446.46,USD,Pending,Utilities,A5,Refunded
d827232a-162d-40bc-bd57-6ceddcae9776,28-04-2025,Swiggy,2484.69,inr,success,Utilities,A19,Anomaly check
7179bf6f-f380-41a9-bf76-6c3366da94fd,2025/06/17,Ola,2837.59,inr,FAILED,Healthcare,A3,SUSPICIOUS
,12-11-2025,Google,4574.32,usd,PENDING,Food,A11,Duplicate?
9e0a0492-5fbf-4c8f-bbe4-ef11946dcef7,19-06-2025,Apple,2257.27,usd,Pending,Entertainment,A18,Refunded
101b02ec-bd02-42a4-b45b-6a3cdefe51f7,24-07-2025,Swiggy,4349.85,USD,failed,Travel,A24,Duplicate?
f8aeb24c-6c26-4163-a1fd-f230069dd1a6,2025/12/12,Uber India,1556.44,USD,SUCCESS,Travel,A48,
13c2bdbb-eb15-4de5-8551-09c8b1cdcadc,16-02-2025,Local Bakery,2694.88,USD,SUCCESS,Utilities,A30,Anomaly check
77f818a5-d342-43e9-a154-b96f4ae56dad,2025/07/29,Local Bakery,4955.18,usd,PENDING,Entertainment,A17,Anomaly check
e9e1c494-37e4-4dd2-b370-f734b92d387e,2025/01/31,Shell Petrol,4831.37,INR,success,,A20,
3e9aa4c2-aa9b-40bb-9437-417b09f4ccf5,2025/07/31,Ola,3752.23,INR,Pending,Healthcare,A10,Refunded
678b7b04-8e7e-4c8e-8dfe-ea86be980e30,2025/08/25,Apple,2732.9,usd,FAILED,Food,A6,Duplicate?
fd9a2232-9786-4d9e-b543-8e174a74fc45,2025/04/30,IRCTC,1915.29,inr,Pending,Travel,A17,SUSPICIOUS
e79eb424-564b-44b5-a29d-708a22fcbe01,31-01-2025,Flipkart,3109.45,USD,FAILED,Travel,A39,SUSPICIOUS
0e2e8566-e900-459b-82e5-f07ab56027d9,2025/12/25,Google,851.31,USD,FAILED,Food,A48,Anomaly check
4519de49-ed1d-4459-9109-a1a2b55a32ea,27-06-2025,Netflix,152.91,USD,SUCCESS,Transport,A1,
4dba40ab-bb68-48fe-b16f-1931050c4158,2025/06/29,IRCTC,798.13,INR,SUCCESS,Shopping,A30,Anomaly check
3c6ee720-25d6-4c02-9d33-530d67104050,2025/05/18,Local Bakery,1007.77,USD,SUCCESS,Shopping,A16,Refunded
4999913e-758f-4f4a-8548-896b362fcc73,04-01-2025,Zomato,4741.7,USD,SUCCESS,Entertainment,A4,Anomaly check
4dd855dd-95d3-4b79-9812-4345efd8641f,01-06-2025,Zomato,2742.22,inr,success,Other,A7,Anomaly check
cc68d763-71e9-409d-a9f3-a2f8aa111f17,2025/12/15,Amazon,3494.23,INR,SUCCESS,,A34,
5320cf9b-8862-4641-8f9f-668eaf88c724,2025/07/15,Swiggy,2974.84,USD,Pending,Cash Withdrawal,A16,Anomaly check
a470172c-7f76-4ce1-9a72-b28f1211da77,10-04-2025,Google,1992.53,inr,SUCCESS,Entertainment,A22,Anomaly check
f24a1fa0-7a04-4f2b-8a65-dbd929642d07,21-05-2025,Google,2569.37,INR,success,Travel,A31,SUSPICIOUS
2f0bccc9-637a-46a9-ae2c-6b4f2df6c3aa,17-07-2025,Local Bakery,$4636.04,INR,PENDING,,A19,Anomaly check
d6d77b7d-f06b-419a-816f-ac8fde25bea0,29-05-2025,Swiggy,$2637.48,INR,PENDING,Shopping,A16,
31258673-7f48-47a0-a4a5-994d69997e03,2025/12/01,Zomato,3080.92,USD,FAILED,Food,A6,SUSPICIOUS
66e4e8ed-6207-48b5-ade6-d823c8706182,2025/01/04,IRCTC,2818.37,INR,SUCCESS,Utilities,A2,
f0ab2200-997d-47ec-85c5-e10b347baac4,2025/12/23,Uber India,66.86,inr,SUCCESS,Healthcare,A2,Duplicate?
7313fd3a-d295-4ddc-b631-c60f40aa4004,27-09-2025,Amazon,1150.79,INR,PENDING,,A50,Anomaly check
df7024ec-e0e3-49e6-b20f-bcf85e8b6dc3,2025/11/04,Zomato,570.75,usd,PENDING,Travel,A30,SUSPICIOUS
84e54f2b-0a66-466b-adae-cf05b00a077f,15-07-2025,Uber India,2145.47,USD,FAILED,Other,A41,SUSPICIOUS
366c4308-2e05-4f38-a534-e5e0e05f5d88,25-12-2025,Uber India,2542.54,USD,success,Entertainment,A40,Refunded
b048e5d9-9418-4b0e-94dd-e7da59e12a1c,2025/01/29,Amazon,4909.37,INR,FAILED,Food,A3,
f242f6b3-c010-4cb7-950f-98c5c3ac49c8,19-04-2025,Ola,3781.23,usd,Pending,Utilities,A16,Duplicate?
ebd04e57-22a4-4cf0-aa9d-ccf123a8be42,13-11-2025,Swiggy,4584.65,INR,success,Travel,A9,
,2025/05/28,Google,$4603.96,usd,PENDING,Healthcare,A12,Duplicate?
7e7c1e53-a84c-4664-b526-1bf6645b3cdc,2025/01/06,Uber India,1232.3,INR,success,,A29,
feb53704-3b2d-453f-94a4-51fe6ac51bf4,15-10-2025,Flipkart,2414.89,inr,Pending,Utilities,A39,Duplicate?
d39deb37-5813-4162-bedf-0d1ab5810f2e,2025/11/14,Ola,784.65,INR,failed,Healthcare,A4,Duplicate?
560b3e09-de48-46b9-bbd4-0310c1a23da0,2025/03/18,Zomato,2561.26,usd,Pending,Utilities,A7,Duplicate?
eaa63913-7a16-4577-8db6-cc7f9e198e8b,2025/11/28,Google,1624.57,inr,Pending,Food,A4,Duplicate?
ea41a506-f1a5-49da-ac42-9f30dc80b398,17-01-2025,Apple,3671.38,USD,FAILED,Food,A46,
a1afde55-f406-4642-8567-e038b2e3704b,2025/05/23,Apple,2979.97,USD,FAILED,,A39,
4b766453-ae52-4a03-ad07-23ad47935523,01-05-2025,Spotify,2347.34,USD,PENDING,Other,A29,Refunded
,16-03-2025,Google,4755.4,usd,SUCCESS,Travel,A48,SUSPICIOUS
,06-05-2025,Netflix,4676.79,usd,success,Food,A23,Duplicate?
3a9695b3-2edb-4e96-a067-f1e893dc45aa,2025/03/19,Flipkart,2466.84,usd,failed,Transport,A23,Duplicate?
3a9695b3-2edb-4e96-a067-f1e893dc45aa,2025/03/19,Flipkart,2466.84,usd,failed,Transport,A23,Duplicate?
088fb590-20e6-4970-a255-c38dcaea07f0,2025/03/27,Flipkart,$3655.27,inr,FAILED,Food,A48,SUSPICIOUS
c4455086-b86d-4443-9a1a-8565a21f19f9,12-08-2025,Shell Petrol,4185.34,usd,PENDING,Entertainment,A36,
f03227c5-0839-4bb1-bcac-5104947dacfb,10-08-2025,Zomato,1520.96,INR,FAILED,Travel,A16,
c830e059-b27d-4b70-83eb-bd9b617f8548,2025/01/30,Flipkart,$3684.36,INR,success,Healthcare,A35,Refunded
e4e0386f-8008-4b04-9649-07e7f4d703ea,2025/01/29,Spotify,2675.95,USD,success,Cash Withdrawal,A9,Refunded
85d5d38c-4e56-46d2-b63a-7e7f39b330de,29-01-2025,Ola,934.82,USD,PENDING,Utilities,A6,Anomaly check
651c2137-9f23-42e0-bf00-0b91479e269c,10-09-2025,Shell Petrol,1278.25,usd,Pending,Food,A20,Refunded
16cbf068-0a9d-4074-8499-297f2c19c7db,08-12-2025,Ola,2411.35,usd,SUCCESS,Utilities,A27,Refunded
0bf0da0d-4a88-4988-ab7d-d0d6f985c436,17-06-2025,Ola,1923.08,USD,Pending,,A26,SUSPICIOUS
deb9960c-322c-4ce0-b11b-2a55833011b7,20-11-2025,Shell Petrol,$2491.12,USD,PENDING,,A44,Anomaly check
c12fd3a7-efa8-417b-98c6-60de11830f80,2025/05/27,Flipkart,$4744.27,USD,SUCCESS,Healthcare,A34,Duplicate?
a9edec05-50dd-4403-b6fc-a5ac7c99aa86,2025/02/11,Flipkart,$1186.87,USD,success,,A36,SUSPICIOUS
4edbd8aa-1e68-4ede-baac-160fbac4fd85,2025/10/01,Spotify,$2194.77,inr,failed,Transport,A50,
4edbd8aa-1e68-4ede-baac-160fbac4fd85,2025/10/01,Spotify,$2194.77,inr,failed,Transport,A50,
bdcc99ae-2393-4943-a37e-94a7699b6656,28-09-2025,Flipkart,$4402.71,INR,PENDING,,A21,SUSPICIOUS
3e374103-7346-404f-bdd7-bf3b97884a27,2025/02/11,Netflix,4681.05,USD,success,Utilities,A30,SUSPICIOUS
3ccd6f25-e5dd-4b14-a31f-d1d92b009fbe,2025/06/12,IRCTC,$3540.01,INR,FAILED,Other,A10,Anomaly check
1f18a479-aa7a-4dcb-b56a-5722f7469c3f,25-11-2025,Ola,407.97,usd,FAILED,,A25,
bd624232-cd91-489b-ad3a-566783506f9f,2025/10/03,Apple,1554.15,USD,FAILED,Food,A34,SUSPICIOUS
086bb6d2-f170-437b-9407-1e60167ff36a,03-10-2025,Netflix,265.02,USD,FAILED,Food,A43,Anomaly check
4bcdc4a7-ff82-45dd-861b-aef2c5e74231,2025/03/19,Shell Petrol,898.09,INR,failed,Food,A26,Refunded
ccdc7483-c414-415a-9981-a65c03088e3d,2025/05/21,Ola,4897.5,USD,FAILED,,A21,
653ab1ae-169d-438c-b65e-b56f122dc497,15-09-2025,IRCTC,1572.47,inr,failed,Transport,A13,SUSPICIOUS
af7026e5-2182-482e-ba31-31af732a7596,2025/04/01,Netflix,4463.55,inr,PENDING,Transport,A20,Anomaly check
5c353bea-f778-4c15-a051-89791cd9a828,2025/07/29,IRCTC,2849.35,USD,FAILED,Entertainment,A1,Anomaly check
e2788219-ebb9-4b14-a261-650045e0c3ec,2025/05/04,Flipkart,279.77,inr,PENDING,Entertainment,A28,
c51d9c91-aaa4-4163-9859-db4c42c682c8,2025/11/25,Amazon,2389.69,USD,success,,A42,
b364fb19-6e80-4188-bcfa-fd8dd1ee873f,2025/05/25,Apple,4881.55,inr,success,,A34,Duplicate?
030402da-c3fe-4c57-8386-688bcbb96825,24-10-2025,Local Bakery,4894.46,INR,failed,Other,A5,Anomaly check
afc636ad-cffa-4acf-a9af-897622c59064,01-01-2025,Local Bakery,3199.49,INR,PENDING,,A13,SUSPICIOUS
06ea15c2-5f8b-4f58-a058-23082b842e5b,2025/01/17,Spotify,468.67,usd,success,Travel,A27,Anomaly check
068f89a5-89e0-4ebc-8168-15987b04ce3c,2025/11/26,Apple,$4734.61,INR,SUCCESS,Cash Withdrawal,A13,
98884eb4-26d3-419b-8e03-b43e42889b85,2025/01/17,Zomato,$3536.35,INR,SUCCESS,Entertainment,A18,Anomaly check
dbe18c72-bc0a-48fc-bc39-5f45ee4a1939,2025/06/14,Shell Petrol,4428.85,USD,SUCCESS,Transport,A30,
32b6df6e-c76b-477e-adc4-db843fcf88e6,23-01-2025,Google,1708.54,USD,Pending,Food,A1,Refunded
b257642f-63e7-4507-b658-7bf16520cded,20-10-2025,Netflix,992.97,usd,Pending,Healthcare,A5,Duplicate?
aeb9fcf4-49eb-4e39-a1f1-582d0ad6d3ad,20-02-2025,Local Bakery,1832.47,INR,FAILED,Food,A16,SUSPICIOUS
036ad900-d513-41f8-a6c5-39a36d813cac,10-07-2025,Google,2714.65,usd,Pending,Transport,A38,
2f9d0b25-f665-4295-8057-678c30282991,2025/05/10,IRCTC,3806.8,usd,success,,A32,
0b75851a-9bef-4dcb-bee9-f493d8ef3a8a,16-07-2025,Apple,3827.81,INR,failed,Entertainment,A18,SUSPICIOUS
e27f6553-4d07-4e97-a0c2-334bf40aa088,2025/10/31,IRCTC,1669.51,USD,FAILED,Entertainment,A26,Duplicate?
a6c9870f-f73f-4b66-b594-04d14df43bcf,2025/05/28,Netflix,604.73,inr,Pending,Transport,A14,Refunded
71e0363f-918b-49e2-b980-612fce0ecd30,22-02-2025,Spotify,780.33,usd,Pending,Transport,A19,Duplicate?
2d9d04e9-6b4c-4c8e-898a-2aa76d9467d5,2025/02/20,Ola,3553.66,USD,Pending,Healthcare,A30,Anomaly check
dea6ff8b-74fa-4106-a57e-006e3ffefd25,25-04-2025,Apple,237.98,usd,SUCCESS,Cash Withdrawal,A24,SUSPICIOUS
e1cbe40a-1299-44a7-bc1e-0b64b666090b,2025/03/15,Swiggy,3282.14,USD,Pending,Cash Withdrawal,A19,
4db4b0c2-e229-4a31-b966-43c049a3fd74,2025/01/07,Ola,1735.9,usd,Pending,Travel,A35,Anomaly check
68c73047-4829-40b4-90b5-beedad364442,16-06-2025,Uber India,916.85,USD,FAILED,,A35,Refunded
477b222c-4727-484e-ba59-cbc37bf3089e,29-11-2025,Apple,1369.86,INR,PENDING,Utilities,A30,Anomaly check
92a221ca-8487-4b80-8f43-2cfe172a863d,09-07-2025,Shell Petrol,149.94,INR,SUCCESS,Shopping,A1,Duplicate?
,23-08-2025,Spotify,3776.83,INR,SUCCESS,,A29,Anomaly check
73ddd864-ae91-45ad-a180-eb55a8ffd77f,12-01-2025,Netflix,4955.8,usd,Pending,Entertainment,A32,
80ecb373-3781-4096-896a-9ecc47716e0c,2025/04/09,Amazon,4210.03,INR,PENDING,Utilities,A39,SUSPICIOUS
023b8be4-377d-4a81-b304-deeb9f883089,2025/10/15,Uber India,116.91,INR,PENDING,Healthcare,A2,Duplicate?
89c19a27-5430-400e-bcbc-fca0d33c8724,06-04-2025,Swiggy,$4298.61,usd,FAILED,Food,A4,SUSPICIOUS
604aaf6e-7ad8-448b-b18e-75d39c3e5669,16-05-2025,Netflix,1739.57,INR,Pending,Shopping,A16,Refunded
d7861ef7-134f-4031-a2b9-f5c00eb05d09,2025/04/11,Flipkart,$2184.46,inr,failed,Travel,A45,Refunded
372a9468-c683-4a33-94d6-796b5789703d,2025/11/29,Uber India,2310.78,usd,success,,A10,Anomaly check
54b737dd-3ef5-44d2-9bbe-c85de60fe83d,2025/11/18,IRCTC,$130.97,USD,PENDING,Utilities,A4,Anomaly check
64b36535-e4b0-4a72-be4c-ef8ae4c54d2d,2025/09/15,Ola,$3757.72,USD,Pending,Entertainment,A15,Anomaly check
f96bcadb-dc4b-4fdc-b62c-5ac37ca68fd0,05-05-2025,Google,512.5,inr,Pending,Healthcare,A28,Anomaly check
196ed5dd-20a2-4115-bf58-03e05e3e206d,2025/04/01,Uber India,$3713.38,INR,FAILED,,A37,SUSPICIOUS
e6c30012-1468-4e3f-b6e2-4b2fb56de40d,15-03-2025,Uber India,431.17,INR,success,Utilities,A38,Duplicate?
7e25e859-58f7-4861-aa23-b96a7e28f308,07-12-2025,IRCTC,$3177.72,USD,failed,,A4,
0e4470d5-d8d4-49c5-a1d5-565cec864396,28-04-2025,Ola,4936.14,USD,Pending,Utilities,A13,
5e452f69-7ac9-419e-8b84-98b8de606428,20-01-2025,Uber India,1971.76,INR,FAILED,Food,A14,Duplicate?
84047f75-fff1-4b31-8538-67bc9da8f0e6,2025/12/22,Local Bakery,$2347.05,usd,FAILED,Other,A7,SUSPICIOUS
68afaf3f-a656-4f72-b413-6c1cdc3ca2c7,2025/07/28,Spotify,73.75,USD,success,Transport,A6,
7f7706bd-c6c6-4f7b-b054-c3e2d7454949,28-12-2025,Local Bakery,$2658.06,inr,Pending,Cash Withdrawal,A26,SUSPICIOUS
114567d7-0a2c-45f8-98a0-f7091544bab5,28-05-2025,Flipkart,3662.85,usd,SUCCESS,Travel,A40,Duplicate?
733c8d1e-2280-4ac5-b669-58696af08392,2025/08/01,Zomato,1845.47,USD,failed,,A20,SUSPICIOUS
9cd49ea0-07e9-4336-8fe3-60e69728036f,2025/03/23,Ola,4128.74,USD,Pending,Travel,A4,Anomaly check
c17e261f-da89-4552-8ae7-c4ebf16d9ce2,2025/02/19,Uber India,1577.14,USD,PENDING,,A49,Refunded
d58c46ff-0b8d-4ce7-83c8-0a217335390e,2025/02/22,IRCTC,105.94,usd,PENDING,Shopping,A7,SUSPICIOUS
3317de35-d227-4dbd-99af-f0ae5b990e20,25-12-2025,Zomato,2112.64,usd,success,Cash Withdrawal,A24,Refunded
3c90fe0f-0225-41c8-8262-3e1d3f00431d,2025/05/19,Uber India,1137.43,inr,FAILED,,A46,SUSPICIOUS
48319c8e-3e74-47f7-b39c-71776b000537,2025/03/06,Shell Petrol,$3624.12,INR,PENDING,Entertainment,A47,
37b40df8-761c-4b0e-99f4-d71b39c1cb6f,2025/02/01,Netflix,3324.5,usd,SUCCESS,Entertainment,A1,Refunded
1532775e-64c0-4f36-8b0a-634698963e84,25-09-2025,Shell Petrol,3997.62,USD,FAILED,Cash Withdrawal,A46,Refunded
64698e2d-c223-41a9-bc88-b2b0042e314d,27-01-2025,Flipkart,4287.13,inr,success,Shopping,A30,Anomaly check
64698e2d-c223-41a9-bc88-b2b0042e314d,27-01-2025,Flipkart,4287.13,inr,success,Shopping,A30,Anomaly check
c0ebeea2-5cc4-4cd4-b9b9-794454edb2c9,15-03-2025,Uber India,$413.41,USD,FAILED,Other,A19,Refunded
c820476a-6bc1-4a77-bba6-8b7303d90dcb,05-11-2025,Shell Petrol,3759.39,INR,SUCCESS,,A19,Refunded
e865e115-6d99-4a63-b733-a2b89b75fcbd,29-11-2025,Uber India,377.71,usd,Pending,Utilities,A33,Duplicate?
09bac253-c9a1-4076-a33f-cba8c5bbdf12,2025/02/10,IRCTC,1335.41,usd,failed,Shopping,A5,Refunded
7e64d552-b5a4-4cbb-964c-63c18016e05a,2025/07/31,Apple,160.99,INR,Pending,Entertainment,A46,Refunded
52bcd287-cd62-489f-958c-8a549ac29ece,2025/10/15,Netflix,$2225.19,usd,failed,Other,A47,
1f41902f-e48d-474b-b195-23e7477d8f3e,2025/04/24,Apple,1793.78,USD,FAILED,Transport,A3,
039b28c2-aa44-4d68-8bbd-0dc6ce2b3cca,2025/07/13,Local Bakery,1473.92,USD,failed,Utilities,A44,Refunded
10e85f1d-f755-4924-8e43-42bbf0fa2d36,20-12-2025,Amazon,3328.78,INR,PENDING,Travel,A8,Anomaly check
613aa946-3fc0-4e8b-b0e4-ed4c8584efa9,2025/08/16,Zomato,4347.17,USD,failed,Healthcare,A35,
e797a896-c673-4bf6-8d19-80c5485b82d1,21-12-2025,Zomato,822.55,usd,Pending,Healthcare,A22,Anomaly check
f7c94c4f-ce33-411e-abcd-22e7d81cbf3b,20-10-2025,Netflix,$23.77,USD,failed,Healthcare,A40,Refunded
e15cee63-3bdc-4518-b1f6-ca08ba0babf7,01-07-2025,IRCTC,24262.19,INR,failed,Travel,A6,SUSPICIOUS
f7bdef94-8158-4b5a-a6c7-69a6100f016b,2025/10/08,Spotify,$4734.09,inr,FAILED,Healthcare,A41,Duplicate?
81cb691c-1420-40df-b046-f25f8def4858,2025/07/31,Ola,3439.6,inr,FAILED,Food,A27,
25dd801e-228b-4756-bcaa-2ffedb167dd7,01-01-2026,Apple,1285.7,INR,success,Cash Withdrawal,A4,Refunded
ead8d413-b485-49f1-993c-f41d6ff0fa08,2025/08/17,Apple,118.04,usd,failed,Other,A32,Duplicate?
e734d782-4362-41e8-ac9c-1921c0fc233d,2025/03/21,Google,$1749.08,USD,success,Entertainment,A16,
af672f26-df85-4f68-968f-8a9e6f331c31,2025/11/19,Flipkart,$304.73,inr,failed,,A13,Anomaly check
40aed4cb-3306-4fd3-a2c7-75134f9818f3,24-06-2025,IRCTC,$1709.27,usd,Pending,Utilities,A1,SUSPICIOUS
24584ab5-3389-434c-a481-64d2e3fd7667,2025/12/29,Google,4837.37,INR,failed,,A10,
e6756ccb-ea2c-4f7d-8828-66c473351bf0,24-07-2025,Ola,555.86,USD,FAILED,Other,A42,Refunded
faa30b76-2155-440f-bcc1-292710c89fa9,13-03-2025,Zomato,$1274.6,usd,success,Travel,A43,Refunded
414e0d42-ed5c-495b-84a4-f3a46b46e76b,23-11-2025,Spotify,403.43,INR,Pending,,A10,
1c61e467-ada3-40e6-9624-d2b5b33e771a,2025/12/23,Netflix,4107.07,inr,success,Cash Withdrawal,A10,Duplicate?
0e3212b3-dff0-45bc-9f0a-97e23e25fa50,2025/09/25,Flipkart,1678.3,USD,Pending,Other,A19,Anomaly check
4e1fab85-1f62-4fa2-adcd-a99774d2eceb,2025/12/02,Zomato,3940.15,usd,PENDING,,A3,Refunded
0cf64deb-8c25-4acb-8d71-c9bba233a32f,29-11-2025,Local Bakery,$2279.22,inr,PENDING,Transport,A30,Duplicate?
c19ba1bc-034b-48f3-9435-7e6737429584,2025/02/11,Amazon,$359.44,USD,Pending,Food,A20,Anomaly check
d7e9b400-46ec-4e67-87f5-9d102f50e24d,07-05-2025,Zomato,2326.91,INR,PENDING,Shopping,A15,Anomaly check
d77ca8d9-28eb-4484-8100-932e518cb3d4,2025/04/07,Flipkart,2091.99,inr,Pending,Other,A43,Anomaly check
fbb58686-fc1b-4d90-b2b2-874e9944d3c2,13-04-2025,Local Bakery,2220.98,USD,FAILED,Food,A22,Duplicate?
5bc8581b-bc26-4ec8-b7f8-544345cadced,2025/03/26,Amazon,834.3,usd,PENDING,Shopping,A15,SUSPICIOUS
5bc8581b-bc26-4ec8-b7f8-544345cadced,2025/03/26,Amazon,834.3,usd,PENDING,Shopping,A15,SUSPICIOUS
c61e071b-7901-4c7d-8ea8-4d88035dd6c3,12-12-2025,Netflix,3237.12,USD,SUCCESS,Utilities,A4,Anomaly check
b62fe88c-dac9-4fea-b5fa-b911f43891f3,2025/07/05,Ola,3379.52,usd,FAILED,Food,A15,
33628ba3-1c7c-4ccb-865a-5f92ef8706f4,2025/02/17,Uber India,$1991.59,inr,SUCCESS,Healthcare,A3,Duplicate?
7cd9182a-af33-416c-8fd0-c2e653256ba0,2025/05/01,Spotify,1600.59,inr,failed,Transport,A28,SUSPICIOUS
7d6204ed-f182-4d98-baae-e1a34d020a6f,2025/06/06,Zomato,2242.7,usd,PENDING,Other,A16,SUSPICIOUS
4fd51297-b985-481f-9cee-abdcc3840744,14-04-2025,Shell Petrol,2407.26,USD,Pending,Food,A48,
c5b5e16e-b0ca-4037-a513-ea068821b58d,2025/04/01,Swiggy,1141.02,usd,PENDING,Entertainment,A20,Refunded
caaa3672-058d-4298-b57f-7f9908c9eb21,08-12-2025,Local Bakery,1077.07,inr,Pending,Other,A4,
2596d576-326b-444b-8e21-8b9d1a36f0c3,26-01-2025,Shell Petrol,189.64,inr,success,Transport,A13,Anomaly check
d814c162-d6d7-4cca-81cc-2578c606343e,07-02-2025,Shell Petrol,118.68,INR,FAILED,,A38,Anomaly check
c494bd91-50e1-4fe8-a0fe-ebe28a51653f,04-04-2025,Amazon,$3357.04,INR,SUCCESS,Healthcare,A9,Anomaly check
39b3a859-1958-48bc-96bb-eaac0b43f3a4,14-07-2025,Apple,2542.64,INR,Pending,,A46,Duplicate?
4d9d80d4-ecf7-4068-bba9-a145575e5416,2025/11/26,Amazon,678.0,usd,PENDING,Other,A11,Duplicate?
82b06672-b57d-42f7-8196-67ae5a3d08aa,02-09-2025,Zomato,4627.75,USD,failed,,A36,SUSPICIOUS
379d54b1-4b4e-48f8-9da0-e4ad3c6e2d97,31-03-2025,Netflix,4614.85,USD,FAILED,Food,A34,Duplicate?
51a56d8d-e3dd-48a1-b77b-7570043aa020,30-11-2025,Shell Petrol,1691.46,USD,success,,A33,Anomaly check
aa3d3fa3-66e4-4f6d-8343-b016c323a79b,2025/04/24,Swiggy,4179.61,inr,SUCCESS,,A8,
b81a7215-f424-49df-b6ce-f8dff3ce80d6,2025/01/15,Spotify,$932.65,inr,FAILED,Cash Withdrawal,A19,Refunded
ab519cf7-7541-4faf-84cc-3ce7c82b5e6a,19-10-2025,Uber India,620.66,USD,SUCCESS,Utilities,A48,Anomaly check
05222d2a-427e-4544-808a-d8d15c9563cb,2025/01/05,Local Bakery,1298.02,INR,SUCCESS,Food,A10,
63ce8047-107e-4dac-a69f-8ce79bb4a2c0,2025/07/05,Spotify,1923.64,INR,failed,Healthcare,A20,Refunded
d7c345fe-a51c-44d1-afa0-6d812cff61fa,2025/05/16,Swiggy,4662.29,INR,failed,,A36,Anomaly check
d3ed3064-77e5-47d1-8933-df4f3facec6e,2025/02/01,Uber India,$952.75,usd,FAILED,Healthcare,A20,Anomaly check
8955f1bd-cf2e-4166-86be-bb238b8c566a,2025/03/04,Netflix,1924.16,INR,failed,Shopping,A14,Anomaly check
4f12e31d-c278-486a-b5e5-af506b5ddb30,27-11-2025,Uber India,$2045.19,usd,Pending,Other,A5,SUSPICIOUS
770cc0de-370b-4a0d-b14c-29b65c69c5c1,11-11-2025,Flipkart,2969.34,usd,FAILED,,A4,SUSPICIOUS
7fda7d65-58d3-47d0-ae32-f5641b9feb35,05-10-2025,Swiggy,$3523.2,usd,success,,A42,Anomaly check
,2025/11/15,Amazon,1992.13,USD,SUCCESS,Food,A14,Duplicate?
570f62ce-e197-499f-899b-5392aa7da87a,13-06-2025,Ola,2591.46,usd,FAILED,Food,A20,Anomaly check
d35956ef-0a30-4c62-aa5c-a09ebd4cb399,23-09-2025,Amazon,124.15,USD,FAILED,Transport,A9,
601e69b0-4a1d-473a-8a9a-93f038b1749c,2025/03/06,Ola,$1298.99,inr,failed,Utilities,A15,
49900a4e-6729-4241-855d-3fff99ffc9ce,05-02-2025,Ola,830.45,USD,Pending,Healthcare,A27,
23bf1de9-bb4a-400f-8b49-68931c896807,2025/08/24,Amazon,4652.3,INR,success,,A46,Duplicate?
6c721801-9540-4b83-85ae-9256e3572c0f,2025/10/23,Google,$2388.52,INR,failed,Healthcare,A44,Refunded
dbab4a25-62a9-45ed-8861-77a2ca87f64d,2025/02/11,Spotify,1862.78,inr,success,Other,A42,Anomaly check
1c7721fe-0f3e-401d-bee8-fc2353eb6eac,28-05-2025,Google,3341.79,inr,SUCCESS,Entertainment,A32,Anomaly check
2d3e5645-e2fe-4776-b18f-820b2c73a501,2025/04/11,Shell Petrol,838.23,inr,SUCCESS,Other,A47,Duplicate?
b383544e-2930-4a59-a811-3067e6c326e0,2025/09/15,Uber India,4095.58,inr,PENDING,,A46,Refunded
f6e80d0d-bc40-403a-bfca-139d3aa69178,16-12-2025,Shell Petrol,3272.15,USD,failed,Other,A18,SUSPICIOUS
ce9210f2-6949-418b-83e2-952b2ff3679c,24-11-2025,Local Bakery,1339.93,usd,success,,A8,SUSPICIOUS
14e6ffe6-b7a7-487c-b361-7cc911577753,2025/01/31,Zomato,2623.96,inr,Pending,Travel,A6,Anomaly check
30024b5b-395a-4d42-a33b-decbf6ae0b67,2025/06/26,Netflix,357.16,inr,PENDING,Food,A22,SUSPICIOUS
e7095777-c472-40a4-8369-52a3294410a5,18-10-2025,Zomato,3961.94,INR,FAILED,Healthcare,A32,SUSPICIOUS
13e49e0b-e59d-4522-8bb7-091236e84015,19-12-2025,Amazon,57.56,USD,FAILED,Cash Withdrawal,A18,Duplicate?
da052462-776f-4045-b24d-7761fcfeb69a,2025/03/07,Amazon,415.27,USD,failed,,A13,Duplicate?
7a13a953-b495-4f3a-aa92-88d1bc806c2e,2025/01/08,Amazon,2370.76,inr,success,Cash Withdrawal,A27,
,24-11-2025,Shell Petrol,2117.14,usd,failed,Entertainment,A42,Duplicate?
7881d8b1-96f7-472e-b893-3601f8bd69d1,01-06-2025,Swiggy,327.73,INR,failed,Shopping,A18,Refunded
8560da12-d077-41c4-b340-1c95beed81f6,01-08-2025,Zomato,$2202.66,inr,PENDING,Other,A11,Duplicate?
300677b5-e5b6-4ab1-b84e-5e564f530fd7,2025/05/08,Google,$289.14,inr,FAILED,Shopping,A40,
613f76b9-f79e-407c-9735-97b8ca582ff6,09-08-2025,IRCTC,$2746.46,inr,SUCCESS,,A22,Anomaly check
590598dd-27ae-4f23-87ca-4bc0aef09c33,19-12-2025,Apple,580.8,INR,SUCCESS,Cash Withdrawal,A5,
787d810b-108e-48db-8628-909e00058355,2025/01/05,IRCTC,$3339.08,usd,Pending,Cash Withdrawal,A35,Duplicate?
c0492546-3aa9-43ad-83e1-70ff6fd647d9,02-08-2025,Netflix,4204.62,USD,failed,,A8,Anomaly check
,2025/12/05,Apple,4071.82,USD,Pending,Transport,A24,
6d3d1bec-21b2-4178-a512-41ef61e8c467,19-01-2025,Flipkart,1603.39,INR,FAILED,,A40,SUSPICIOUS
6d3d1bec-21b2-4178-a512-41ef61e8c467,19-01-2025,Flipkart,1603.39,INR,FAILED,,A40,SUSPICIOUS
2e3a4ef8-2771-4d7f-b1b4-3f3b8b3f9002,2025/10/22,Netflix,$2794.9,USD,PENDING,,A30,Anomaly check
514cad90-e883-45c7-9aa3-74eed243d96c,2025/05/27,Amazon,4280.51,INR,PENDING,,A11,SUSPICIOUS
669426ec-2283-4af9-880b-f5ab6bb2460c,2025/09/08,Amazon,881.89,USD,success,Cash Withdrawal,A38,SUSPICIOUS
321b09b1-d3dd-43eb-812f-d17de3614fe7,2025/06/10,Spotify,1442.79,inr,Pending,Healthcare,A4,SUSPICIOUS
7a7f5c0c-d1e5-4588-ba06-374dd3127ec2,06-11-2025,Local Bakery,2555.58,USD,PENDING,Cash Withdrawal,A40,
35eb0c76-019b-4423-8243-788b22aee321,2025/03/10,Flipkart,2361.54,inr,SUCCESS,Cash Withdrawal,A8,Anomaly check
202bda5e-10de-4935-a867-b167369a7345,23-08-2025,Swiggy,4439.56,USD,failed,Other,A4,
2cd5f3bf-6d32-49fe-96a1-e654ae78324d,21-11-2025,IRCTC,4949.2,usd,PENDING,Food,A13,Duplicate?
a1afeb3d-1e66-4aa9-bde3-1e6ed5f47bbc,13-07-2025,Uber India,3295.45,INR,SUCCESS,Travel,A3,Anomaly check
b213a6fe-798d-4999-a776-679e0618e0eb,16-07-2025,Shell Petrol,372.62,INR,Pending,Travel,A8,Anomaly check
142f2d95-c850-4a02-bae5-e21fee189232,2025/12/27,Netflix,$3821.32,INR,success,Shopping,A27,SUSPICIOUS
,2025/06/11,Local Bakery,$4512.54,inr,Pending,,A13,
1b039c49-437b-40aa-b5fe-8c0100b78894,23-02-2025,Apple,2806.67,INR,SUCCESS,,A21,Refunded
801a88e8-98ae-4166-959b-5e82dcd00678,12-04-2025,Apple,4883.89,usd,PENDING,,A11,Refunded
,31-12-2025,Local Bakery,4044.73,USD,success,Other,A40,
6f0ad041-de7d-48b1-a5d2-1b523f548306,09-08-2025,Zomato,2066.09,USD,success,,A7,Anomaly check
dc943936-17ff-4717-a207-7800573e1962,2025/01/31,Uber India,1251.39,USD,SUCCESS,Other,A19,Anomaly check
7a799f70-9ded-4c64-9518-243e4a12b764,2025/12/31,Zomato,3641.86,USD,Pending,,A4,Refunded
ee19d8c0-95a8-4443-9e47-66406dc0cf14,04-12-2025,Uber India,4520.45,USD,success,,A32,
a5b79093-c2c6-4bdd-a45b-bdee5d1bcd8b,08-10-2025,Flipkart,$4688.71,INR,failed,,A5,
f6c7ecb0-bf10-471b-a154-635c3b8f18fe,2025/06/08,Shell Petrol,2379.6,INR,failed,Food,A5,SUSPICIOUS
492e5e2e-bcf3-4066-afb0-16f1d8861c96,14-05-2025,Swiggy,187.48,USD,FAILED,Other,A17,SUSPICIOUS
824015a2-a394-437b-8d30-fe52d68c9196,2025/04/12,Uber India,1970.84,INR,PENDING,Healthcare,A38,Duplicate?
9e16b45d-12dc-4144-a118-df1a08d9e3a6,2025/07/01,Uber India,1955.91,inr,SUCCESS,Transport,A29,Anomaly check
d90d4c35-5868-43d2-8f11-9da55d87e34d,22-02-2025,Flipkart,2382.89,usd,FAILED,,A40,Refunded
04b76df8-23d0-4aa2-9447-53341776bf23,2025/03/02,Local Bakery,$2993.81,inr,PENDING,,A26,Duplicate?
169021e4-1985-4517-9542-25a6d0f4fe4f,2025/02/01,Amazon,823.62,USD,success,,A49,SUSPICIOUS
336c743d-8c81-4413-888a-66ff05c76313,2025/01/27,Uber India,2210.06,INR,success,Transport,A14,Refunded
1ef2cd17-c035-42f6-a016-fec01e1cbead,10-05-2025,Zomato,$3943.77,USD,Pending,Cash Withdrawal,A41,Refunded
a1d1277b-43ea-41ff-8ccf-2ab3f7093694,2025/03/04,Uber India,2324.43,inr,FAILED,Shopping,A32,Refunded
64abd743-ae2e-43ee-b05e-f80f2cd30db2,2025/11/25,Apple,2213.82,inr,FAILED,Healthcare,A21,Refunded
f06a56de-26d7-4f1a-b8a7-8ebe59e61921,2025/09/28,Amazon,3661.65,inr,Pending,,A39,Refunded
9e0fdd26-6d42-4178-b156-4cef08d32920,2025/11/20,Uber India,$1162.59,USD,SUCCESS,Transport,A15,
28da2cc8-8176-4a5c-94ff-4b8923fa81d2,2025/12/04,Google,3016.35,inr,FAILED,Shopping,A39,Duplicate?
a5efaedf-4fd1-4f94-bdff-071d92cc410e,2025/05/25,Netflix,2318.22,USD,SUCCESS,Shopping,A48,SUSPICIOUS
a5efaedf-4fd1-4f94-bdff-071d92cc410e,2025/05/25,Netflix,2318.22,USD,SUCCESS,Shopping,A48,SUSPICIOUS
b524b3e0-99c5-4def-a32d-fb7e0c7a68fd,18-01-2025,Uber India,1141.64,usd,FAILED,,A31,SUSPICIOUS
e26e75ed-c752-47b8-8b7f-0b731c17c176,25-11-2025,Ola,2557.09,inr,SUCCESS,Shopping,A38,Refunded
fe25e572-b9d6-46f5-8b2c-3caf9ffaea59,2025/03/01,Apple,3918.0,usd,SUCCESS,Cash Withdrawal,A11,SUSPICIOUS
59e457be-e692-483e-85ea-19ac1778e407,12-04-2025,Flipkart,3248.89,inr,FAILED,,A3,
bb46616e-ae5f-4567-9956-19cf858148a7,2025/08/21,Zomato,$1302.25,USD,failed,Travel,A20,Duplicate?
391d1a77-ae74-4f00-a743-2ae5e89cac09,05-10-2025,Shell Petrol,2302.42,usd,success,Utilities,A28,Refunded
68f4a25f-39dd-4308-8d41-837c0f541e07,16-10-2025,Apple,3138.08,inr,failed,Other,A40,SUSPICIOUS
069b8952-4d16-42a0-b13c-fdfa67385e77,13-06-2025,Local Bakery,2523.6,USD,failed,Healthcare,A47,Duplicate?
943d7c45-a8fe-4b13-860c-352884029d93,13-11-2025,Zomato,3271.15,INR,SUCCESS,Entertainment,A9,Refunded
dfd51d47-54b8-48be-88bd-022fa9bedd5d,2025/02/02,Zomato,3684.89,USD,PENDING,Entertainment,A6,SUSPICIOUS
e342418a-abac-4949-aa14-4d925958bceb,2025/04/11,Apple,4183.78,INR,FAILED,Cash Withdrawal,A5,
34718909-8b38-44a9-80c2-4364c6a0b87c,2025/09/24,Google,$2777.69,inr,success,Food,A20,SUSPICIOUS
44b0073f-ccee-4dcd-bc44-359ace5e63be,2025/12/11,IRCTC,4279.46,USD,Pending,Shopping,A25,Refunded
83fcfcca-8834-46ae-afd5-6d468a74a696,26-12-2025,Google,4980.05,INR,failed,Utilities,A2,SUSPICIOUS
a8edc972-0d22-4073-8e39-68121e9829ac,2025/07/26,IRCTC,22.15,usd,FAILED,Healthcare,A6,Refunded
1a946362-dcd3-4497-b170-0f4555aa8f4b,25-08-2025,Flipkart,$1451.8,inr,success,Utilities,A37,Duplicate?
a2000606-f91d-46fd-9cbe-e45f11e4b062,03-02-2025,Ola,2279.17,inr,FAILED,,A16,Refunded
15b1a14b-c6ca-4749-97ad-77c43a3c0f5c,2025/08/28,Apple,325.93,USD,SUCCESS,,A17,
b693a1cd-ecd0-431d-8b73-94db0c30f613,2025/05/20,Netflix,$252.61,USD,failed,Other,A12,Refunded
92b14455-e033-42ec-bb09-ce6c8ce543eb,2025/04/26,Flipkart,$4034.02,inr,PENDING,Shopping,A42,Duplicate?
71cde1e0-7733-450a-9961-301f3d7a3f64,2025/10/27,Zomato,1823.71,inr,Pending,,A29,
235a805d-e8a8-4085-98cf-e4828c4ac1b0,24-07-2025,Shell Petrol,4895.36,USD,Pending,Entertainment,A32,Duplicate?
1a9a2948-6a93-4f8f-b862-acefe849a366,2025/09/11,Spotify,$2605.05,inr,success,Utilities,A32,Duplicate?
,30-08-2025,Apple,2439.63,inr,FAILED,,A28,Duplicate?
106f7c8b-d8a2-4541-962f-7b9c713aebd1,06-02-2025,Uber India,3706.28,usd,SUCCESS,Food,A37,SUSPICIOUS
524c3ab3-cead-4208-8b92-291ce732b24b,2025/03/04,Amazon,2785.63,usd,failed,Shopping,A50,Duplicate?
4029ad19-65c1-4cf2-9c82-06795292f206,08-02-2025,Shell Petrol,1493.55,usd,success,Cash Withdrawal,A36,SUSPICIOUS
2b3bb7ed-a1ce-4705-8e3e-df877d90ba3f,2025/05/25,Zomato,1222.75,inr,Pending,Other,A13,Refunded
2ec07e09-ac8a-4f7a-8bd3-24a9cef9e698,2025/02/19,IRCTC,3128.96,USD,SUCCESS,Other,A2,
8a570d92-cb02-41ba-a6e1-85354b5e84ba,2025/08/28,IRCTC,$2247.69,usd,PENDING,Transport,A28,SUSPICIOUS
13b6d651-01db-47c0-8cda-c81ba5f09a9d,10-10-2025,Google,2525.18,usd,failed,Other,A49,
f069bb07-109f-4e89-a3bd-f7abb6df12a2,2025/12/02,Netflix,3549.5,usd,Pending,Travel,A2,
5db28e2b-3a17-425f-aa2f-d685caeb0c58,21-10-2025,Spotify,1759.55,INR,PENDING,Food,A37,SUSPICIOUS
554dc51f-4dba-4d89-a584-c1f0c18c72a1,2025/05/06,Zomato,4889.58,USD,failed,Cash Withdrawal,A28,Refunded
efa06e3a-ff5a-4b9c-bfb5-82ee076d83af,12-11-2025,Spotify,373.89,USD,SUCCESS,Shopping,A40,Anomaly check
204c2708-88ab-4b9a-877b-52a5b408a777,2025/11/30,Local Bakery,30442.53,INR,failed,Transport,A18,Duplicate?
5494d01b-ad3b-46d6-bf8c-5b0ef87ec511,2025/09/15,Swiggy,1506.68,INR,success,Cash Withdrawal,A23,Anomaly check
,2025/04/08,Apple,3687.07,USD,FAILED,Cash Withdrawal,A23,SUSPICIOUS
af0456d1-0e20-44e6-9fa9-7986dc6929ca,02-11-2025,Apple,1113.22,inr,success,Other,A8,
,23-09-2025,Shell Petrol,1875.03,USD,success,Shopping,A26,Refunded
486a2904-a8b9-4ee3-b729-54ec04685d82,2025/11/21,Uber India,2608.42,USD,PENDING,Food,A23,
d4cc0ed7-8675-48be-881a-744935dcc8fb,2025/08/23,Local Bakery,$425.18,INR,success,Other,A7,Duplicate?
c7c45665-c058-4e11-aa4a-37a280372106,2025/12/04,Spotify,$3648.12,INR,failed,Healthcare,A49,Duplicate?
78c6d797-b54e-4d3c-8e97-3aa777035500,2025/10/12,Flipkart,780.33,usd,failed,,A11,
a01c4eaa-2d13-4239-9b64-02044c19f5f5,2025/03/27,Shell Petrol,$410.84,inr,SUCCESS,,A49,Duplicate?
00f1377a-0128-4975-b137-7f003dc76604,2025/06/04,Local Bakery,2011.02,USD,Pending,Shopping,A10,Anomaly check
bf2fe040-e20e-4652-84d5-460f2613f24a,15-01-2025,Uber India,3728.89,inr,success,Utilities,A20,Anomaly check
58c54209-cf06-4419-88c0-195ff1f56f0e,10-11-2025,Flipkart,4422.4,USD,SUCCESS,,A12,Anomaly check
7f0e1496-06af-4bcd-944f-56ce06664c6f,03-11-2025,Ola,2094.23,USD,Pending,Transport,A43,Anomaly check
2bb43b91-087a-4463-a6c0-8f3aa009c6be,2025/07/20,Apple,4136.12,usd,FAILED,Utilities,A36,
2e607793-3aa2-43b0-80e4-c00606240ed2,12-11-2025,Flipkart,$3131.95,USD,FAILED,Utilities,A1,
2d5a4c1a-5551-4d8e-895e-3cbf2369e4c8,2025/02/27,Google,4456.05,usd,Pending,Food,A44,Duplicate?
26f33036-5f8f-452d-a87c-13365b4ed5ef,11-09-2025,Spotify,878.92,usd,Pending,Entertainment,A9,
7a6181e1-1a53-45ce-bce9-a1eac6436223,2025/07/28,Apple,4508.36,inr,PENDING,,A28,
1408acc5-678a-4abb-817d-76de1b9d9f39,26-12-2025,IRCTC,4603.76,usd,SUCCESS,Other,A6,Anomaly check
6e69fe6b-c9dd-4c78-a107-e505c62c96ae,2025/09/04,Uber India,882.25,inr,failed,Other,A22,Refunded
6e69fe6b-c9dd-4c78-a107-e505c62c96ae,2025/09/04,Uber India,882.25,inr,failed,Other,A22,Refunded
8b5dfa20-d653-4d10-9273-2d91de908fc0,07-07-2025,Local Bakery,$3867.92,inr,PENDING,Healthcare,A34,
e5811887-3b97-4846-ae57-8e1e11e387cf,07-01-2025,Shell Petrol,$4459.19,inr,failed,Other,A23,Duplicate?
e5811887-3b97-4846-ae57-8e1e11e387cf,07-01-2025,Shell Petrol,$4459.19,inr,failed,Other,A23,Duplicate?
730ab217-b15d-487d-afac-9966897e0b95,30-01-2025,Netflix,$4933.69,inr,success,,A35,
1ea1d027-8e8e-4588-b50a-bd1f56e34259,2025/04/25,Shell Petrol,2536.97,USD,failed,Entertainment,A4,Refunded
61e48e41-65b5-4832-a20b-3343f2c5cba1,2025/12/14,Netflix,2773.06,inr,FAILED,Transport,A33,Refunded
aa634528-899f-48c0-a8ed-8c2f32896072,01-01-2026,Uber India,2766.81,INR,Pending,Cash Withdrawal,A43,Duplicate?
631d46eb-c568-407f-94d8-c8fdcabbfe4e,2025/12/31,Amazon,26.73,inr,failed,Travel,A5,
67e0f07c-f1bc-479a-a5ed-060cf955e415,12-11-2025,Local Bakery,3497.61,INR,success,Healthcare,A32,
5d1c1c00-373d-4331-9e70-7ef333eec69c,2025/09/04,Uber India,2879.22,usd,SUCCESS,Shopping,A47,Anomaly check
5d1c1c00-373d-4331-9e70-7ef333eec69c,2025/09/04,Uber India,2879.22,usd,SUCCESS,Shopping,A47,Anomaly check
f25e1b54-b9c3-442c-aebd-88b7a09b0584,25-01-2025,Spotify,424.84,usd,FAILED,Shopping,A34,SUSPICIOUS
f79175a1-e1e5-45dd-aa79-af278329420e,14-03-2025,Ola,2596.15,usd,failed,Healthcare,A16,
abf25248-2ec1-4006-9e81-501de642a1ab,07-07-2025,Shell Petrol,3802.71,usd,Pending,Other,A27,Anomaly check
ff60812f-7f15-4540-bf08-746a31d75f72,2025/10/22,Shell Petrol,$4049.56,inr,FAILED,Transport,A41,Anomaly check
2e3429ae-e47c-4190-8a31-03f11dbb6d66,20-05-2025,Netflix,1474.8,usd,success,Entertainment,A7,Refunded
8ee4a88b-8944-44c6-b471-ac8f51bcb716,20-04-2025,Zomato,$795.78,usd,Pending,Shopping,A43,Anomaly check
,09-11-2025,Zomato,3338.15,inr,Pending,Transport,A20,
1dc52ce7-945b-447a-ab70-99e8300b34c5,04-10-2025,Amazon,762.55,INR,SUCCESS,Other,A42,Anomaly check
1ebddf77-5781-45f6-b1c6-66730221eb52,24-08-2025,Spotify,2899.18,inr,PENDING,,A37,Refunded
03a49a7b-16d7-4b71-ac12-05b34c43ac98,2025/07/17,Spotify,$1264.02,USD,Pending,Travel,A37,Anomaly check
35520dd1-8c2c-437d-92da-6067fe78cf75,20-12-2025,Spotify,4133.67,usd,failed,Food,A27,Duplicate?
cc0b2fd1-03a1-4809-990c-7860c44004f6,2025/09/03,IRCTC,1444.0,USD,success,,A36,Duplicate?
6ed6ba58-f687-4e6c-90ff-f6003a2ba6c9,07-08-2025,Local Bakery,2055.72,INR,failed,Food,A14,
4a682bdc-8028-4177-9836-504795416a8a,04-09-2025,Spotify,$1888.51,inr,success,Food,A4,Anomaly check
d5bf0332-b898-436c-a13b-dc9910e18f13,03-04-2025,Swiggy,2462.37,USD,SUCCESS,Shopping,A15,
738da0cc-3420-437f-9c78-e3805ecdc5a9,2025/12/24,Apple,$1680.81,usd,Pending,Healthcare,A32,Duplicate?
35ee6969-8ed2-4b6f-b281-198e4ae439f2,2025/05/20,Zomato,3022.98,usd,FAILED,Food,A26,
5d2ac665-2b7f-42e1-8e19-1a1aad099d9c,2025/04/18,Apple,3120.47,INR,Pending,Travel,A1,Anomaly check
c8bf30b5-3641-40d6-b2db-560edfea55ae,25-05-2025,Zomato,125.86,usd,Pending,Travel,A15,
43ebaf2c-e708-40b2-acbb-b7cc3f1dd5d4,21-10-2025,Apple,241.91,usd,PENDING,Utilities,A34,Refunded
15ee592c-eb10-45a8-93b8-cc41c20e357f,2025/09/10,Ola,1767.92,usd,SUCCESS,Cash Withdrawal,A40,SUSPICIOUS
dae4db5c-934d-4f54-8348-d4350dbc47da,2025/03/13,IRCTC,842.54,USD,failed,Transport,A24,Anomaly check
7a268b2c-8762-4569-b593-72d46fd54664,2025/03/16,Ola,2384.1,USD,PENDING,Healthcare,A1,SUSPICIOUS
788eb38a-aff1-41c4-aa7c-a522b5adc09b,2025/08/29,Ola,1040.21,usd,PENDING,,A24,Refunded
3f924253-2016-4dfa-b6f6-39d044b23c5b,2025/08/12,IRCTC,1646.11,INR,PENDING,,A34,Anomaly check
dd485713-74c3-494f-a128-1176dd0e79b9,15-02-2025,Shell Petrol,$4201.91,INR,FAILED,Other,A3,Duplicate?
5b2dce23-aca7-40a0-8a26-afdcf55c08e0,2025/07/11,Google,4054.55,inr,Pending,Food,A38,SUSPICIOUS
cfac7fa5-3caa-4162-91af-f596236a50fb,2025/12/29,IRCTC,11.68,usd,success,Food,A33,Anomaly check
f4a1ed4e-0eea-4ded-893b-a9466def730a,20-03-2025,Local Bakery,2353.61,usd,PENDING,Food,A24,SUSPICIOUS
a443af0c-d4f1-445c-8dea-b3db5e4ca741,2025/07/27,Google,4663.71,USD,failed,Travel,A41,Refunded
500b27e2-dff0-4cbc-844b-6633e94499b5,2025/08/01,Ola,4363.31,INR,FAILED,,A22,
468c6cd7-0f70-4a0c-8d9b-74c78976d259,26-10-2025,Swiggy,3725.53,USD,Pending,Transport,A7,Refunded
17a30614-eb44-4f15-9c4c-50123cd00a5c,20-08-2025,Apple,1175.11,INR,FAILED,,A14,Anomaly check
662768f2-ad74-4a15-8706-43dfe2ff917a,2025/11/26,Uber India,2672.56,inr,success,Shopping,A15,
e03335f9-84aa-4628-a5b5-3b3a3aca2d96,2025/12/11,Shell Petrol,$134.46,INR,FAILED,Transport,A27,Anomaly check
eecc34eb-83d5-4335-835e-c40069f9a063,11-11-2025,Uber India,146.76,inr,SUCCESS,Cash Withdrawal,A31,SUSPICIOUS
cfd770d2-17cd-4255-b5fc-325256567981,27-07-2025,IRCTC,$502.94,USD,SUCCESS,Other,A28,Anomaly check
,01-02-2025,IRCTC,2689.92,usd,FAILED,Healthcare,A25,Duplicate?
10973278-15d8-47f4-9a51-6790767ca4d8,2025/01/06,Spotify,4432.08,INR,success,Shopping,A42,Refunded
f905ae83-fe8e-48b0-bd2c-716a71ae47d6,2025/07/29,Ola,$3536.67,USD,Pending,,A11,Duplicate?
e4b45d1c-eeba-406a-a24b-4ead35ed77d5,01-02-2025,Amazon,2950.97,usd,PENDING,Travel,A1,Anomaly check
21e8e6be-3263-4d8b-8818-ac7262fe07ac,15-05-2025,Swiggy,4216.84,INR,failed,Food,A31,Anomaly check
31a610d6-c1ca-4d70-bdfa-c1935227f509,06-06-2025,Google,$4706.99,usd,SUCCESS,Other,A19,
194a8b42-646a-4d96-81b4-be4e2f4618fb,13-06-2025,Zomato,$3535.12,inr,SUCCESS,Other,A31,Anomaly check
4fbeac26-c0eb-40d1-9108-d36e5bf5ae52,08-06-2025,Swiggy,510.52,inr,SUCCESS,Food,A43,Anomaly check
37aa953e-3955-4ccb-814b-c97ec53a1022,2025/08/30,Netflix,4080.13,inr,PENDING,Cash Withdrawal,A23,Refunded
973945d0-ab0f-4a01-8a3e-a5a9d991b1c2,27-08-2025,IRCTC,2196.89,usd,success,Travel,A34,Anomaly check
8ea15b89-3a83-4a64-825b-78a805e706d3,06-11-2025,Shell Petrol,2442.47,INR,success,Entertainment,A39,SUSPICIOUS
f401202d-d29c-4401-9d08-5bf4b0543327,2025/01/21,Uber India,4431.8,inr,SUCCESS,Entertainment,A45,Duplicate?
4b9e8db3-8925-426e-b215-22970c2d0ce2,29-03-2025,IRCTC,621.1,inr,SUCCESS,Food,A32,Anomaly check
a82b1fd1-c3ca-4d7d-882a-0e6247fa1de9,2025/02/15,Spotify,1789.64,USD,failed,Other,A44,SUSPICIOUS
9b7b608f-b855-4e77-b0cf-d4b8ff0cb095,2025/11/20,Apple,3564.75,usd,FAILED,Travel,A6,Duplicate?
4b06076c-0651-4d92-a7a5-ba39229e2fb3,2025/10/02,Ola,$4845.86,inr,FAILED,Entertainment,A3,Refunded
6ddc1a05-6af1-4513-987d-a2d586052a8f,2025/07/30,Apple,3873.32,USD,SUCCESS,Shopping,A5,Refunded
bf9fc2c7-9ac4-4214-a9f0-63a7c0e0f6cf,06-12-2025,Zomato,336.05,INR,SUCCESS,Shopping,A19,
47e65555-b033-4034-8f31-f8a45a124620,2025/10/24,Shell Petrol,1990.8,INR,SUCCESS,,A35,Refunded
,2025/12/19,Shell Petrol,2214.9,INR,failed,,A42,Duplicate?
82897a32-e3a1-414b-8987-27eec70c0997,2025/11/20,Uber India,1377.34,USD,FAILED,Other,A32,Refunded
5f04ab01-c837-4c39-b236-486451e0e4ab,2025/11/13,Apple,3381.88,usd,PENDING,Food,A21,Anomaly check
b4e7ed96-a58d-4ec1-a0e4-4b1d49f0517e,06-07-2025,Flipkart,4062.38,usd,SUCCESS,Shopping,A20,Duplicate?
3180f11a-63d7-4369-ad98-1062c9c9c072,26-11-2025,Swiggy,3844.28,USD,SUCCESS,Utilities,A9,Refunded
86a68d88-b40c-4376-8394-8d4efcf5c62f,2025/10/15,Spotify,1008.46,inr,SUCCESS,Entertainment,A10,Refunded
7d10b980-b6e0-4d5c-88e5-cb1112809561,2025/05/26,IRCTC,$2338.0,inr,Pending,Travel,A1,SUSPICIOUS
fe6f7654-0727-428b-942f-5ad71be1b24f,08-08-2025,Spotify,2136.24,INR,Pending,Shopping,A40,Duplicate?
27e0d806-2aff-49e6-bb46-61497be9065d,07-06-2025,Zomato,912.87,USD,SUCCESS,Transport,A40,Anomaly check
cb55e2df-c6aa-4b99-9443-c44e0491f6bc,2025/05/26,IRCTC,4557.72,USD,SUCCESS,Healthcare,A15,Anomaly check
4d72f476-1a77-4cfe-91fe-c1d34350b29b,25-11-2025,Spotify,$2479.91,USD,success,Utilities,A7,Duplicate?
71061c21-0526-48e8-bc87-bd5d484ef51d,2025/09/14,Ola,1442.96,INR,success,Transport,A23,SUSPICIOUS
77edf250-f64f-4174-8a71-d4f96ef06129,14-07-2025,Zomato,1440.31,inr,SUCCESS,Transport,A5,Refunded
53986d27-e88a-419a-8df1-aca6bd00882b,2025/11/30,Swiggy,$2211.27,USD,Pending,Travel,A12,
c17af2de-4350-495c-8bc9-86d98a942d4b,15-01-2025,Apple,1611.48,usd,failed,Travel,A39,Refunded
defdf519-af47-4532-b161-b1bfa4a588c6,29-10-2025,Flipkart,2194.86,USD,PENDING,Utilities,A25,SUSPICIOUS
a03a0ba9-525d-4240-86a0-ea7910806189,2025/09/06,Shell Petrol,3331.24,inr,FAILED,,A6,Anomaly check
b37f8c82-7c3c-414b-a2a6-7de627ba0db6,02-02-2025,Amazon,1852.28,USD,failed,Shopping,A28,Duplicate?
3796fe15-6816-41b7-bb44-ee615a0722a0,2025/01/27,Local Bakery,2600.54,INR,SUCCESS,Food,A15,Duplicate?
4638a619-0d6a-4d73-b753-aa050a0a5660,2025/12/29,Shell Petrol,$4903.16,usd,success,Cash Withdrawal,A37,Duplicate?
fba60d2c-e9b0-49b9-b89a-1aa13a462d45,2025/08/27,Zomato,1556.95,inr,failed,Transport,A14,Duplicate?
d980d1d4-8820-48ee-87cc-3f0fb1eeb9d5,24-06-2025,Amazon,3038.9,USD,PENDING,Healthcare,A34,Refunded
83574741-8f8c-4e8c-837f-75a7f1906f06,11-07-2025,Shell Petrol,1719.3,usd,failed,Healthcare,A7,
fcd6a6e2-d1fd-421c-9697-d9cfbae51858,01-06-2025,Ola,4740.8,inr,FAILED,,A5,SUSPICIOUS
a08f4e57-490c-478f-8269-925c036ced04,2025/06/08,Zomato,$3348.95,INR,Pending,Entertainment,A24,Duplicate?
6ceaf361-baf3-4d47-a894-0e729e69cf37,20-07-2025,Google,3746.44,usd,failed,Healthcare,A11,Anomaly check
7ccbc52b-885b-46f2-993a-9a255b580ad9,09-06-2025,Flipkart,4949.45,USD,PENDING,Healthcare,A20,SUSPICIOUS
e4c3c0b8-6429-4f3e-b812-b0f266f70854,2025/05/08,Shell Petrol,$3182.73,usd,Pending,,A26,Refunded
2c97640c-5109-4d7d-9e18-08df782fb5f0,2025/12/07,Spotify,3188.64,usd,FAILED,,A11,Refunded
,19-04-2025,Uber India,3025.59,INR,failed,Travel,A41,Duplicate?
fb4011ad-44a5-4bca-8463-762711b155c4,2025/03/18,Flipkart,3838.0,USD,Pending,Shopping,A11,SUSPICIOUS
d4471496-fd8b-4407-b7b0-2c508c5c64b7,22-03-2025,Uber India,2470.16,usd,success,,A39,Refunded
5b3017c3-da8e-44c2-a730-5879179bd2a1,04-12-2025,Uber India,3707.64,INR,PENDING,Shopping,A47,SUSPICIOUS
a226d82b-a877-4cb8-9808-9fde7bf5ac00,2025/05/22,Ola,727.85,INR,PENDING,,A16,Anomaly check
a226d82b-a877-4cb8-9808-9fde7bf5ac00,2025/05/22,Ola,727.85,INR,PENDING,,A16,Anomaly check
6814d5ec-0a8b-4aaa-8d17-dda0cdf3af82,2025/12/24,Apple,$1320.3,USD,FAILED,Shopping,A9,SUSPICIOUS
26b6533a-3ab1-441b-9d1f-fc89c6a1a84d,24-01-2025,Uber India,3157.99,usd,success,Food,A31,SUSPICIOUS
cda134ea-99e5-40f5-b3e5-915d3102fb39,2025/10/29,Ola,4792.62,inr,Pending,Utilities,A7,
722a2408-8c3c-4df8-a002-d2300e615a91,06-10-2025,Flipkart,2459.33,USD,FAILED,Transport,A31,
3c8087f1-bd7c-4a7d-a365-83b76f91277b,30-04-2025,Spotify,4128.87,usd,PENDING,Entertainment,A5,
,26-03-2025,Local Bakery,1869.52,usd,Pending,Travel,A25,Duplicate?
adc661c5-8d6c-494a-b6ca-5199bd3ce656,10-01-2025,Netflix,4999.01,USD,PENDING,Healthcare,A27,Anomaly check
153f7915-421e-4e9c-a73a-b720e86e53d2,24-02-2025,IRCTC,1070.67,usd,Pending,Shopping,A32,
6bc3b86a-d395-4d4d-aba3-65f48e9e5d2a,10-02-2025,IRCTC,3271.7,USD,PENDING,Food,A28,
239df99b-7de4-445e-aa88-4c690ac17f4f,21-06-2025,Zomato,2540.69,inr,success,Entertainment,A22,
9e5c9910-f8ff-423d-be8f-448ce0fc9863,2025/11/29,Flipkart,3987.64,usd,FAILED,Entertainment,A49,
e4fcab8a-cc06-460c-a366-3c6b6c1e57c9,23-09-2025,Uber India,1905.93,USD,failed,Healthcare,A20,SUSPICIOUS
,2025/07/17,Apple,$1479.23,INR,FAILED,Shopping,A29,
df4e94a4-83e6-49f9-b47b-55356caf8ee8,2025/09/06,Local Bakery,2676.59,inr,Pending,,A11,SUSPICIOUS
711ce69b-d6a9-4825-86c9-55878560be79,2025/10/12,Local Bakery,279.26,usd,Pending,Utilities,A28,SUSPICIOUS
23242e55-e940-47f6-ac9c-d71564ad4c2a,2025/11/24,Local Bakery,916.68,INR,Pending,Travel,A28,Anomaly check
485cd087-c009-49bb-8d7a-2fb380f59f36,19-01-2025,Local Bakery,4577.1,inr,success,Shopping,A47,Duplicate?
73c88aec-e5b5-4de8-9d23-dcda225f7b22,2025/02/01,Shell Petrol,3100.2,usd,SUCCESS,Utilities,A31,SUSPICIOUS
6d054824-cf7a-4e20-ae2d-96d4e91a37cc,07-10-2025,Local Bakery,2097.74,inr,FAILED,Healthcare,A17,SUSPICIOUS
f55f6a54-0527-411a-b6ff-884dd45e19d2,31-05-2025,Zomato,3378.23,usd,SUCCESS,Transport,A11,Anomaly check
5ead873e-c62f-41be-9227-774bd7523695,17-05-2025,Ola,2653.08,usd,failed,,A36,Duplicate?
183b41f6-6dc3-4f9b-a890-05ba034df594,09-09-2025,Uber India,33819.2,inr,success,Transport,A19,Anomaly check
10ba1a9c-4dcf-4b08-b34d-ffe7082cfc5d,2025/12/29,Apple,3364.79,USD,FAILED,Utilities,A28,Duplicate?
1f06452f-eb3b-4ce9-a764-68fefd6255ac,2025/09/08,Apple,$4554.99,inr,SUCCESS,Healthcare,A21,SUSPICIOUS
778f1d9a-01cc-4206-9a15-25b33650051e,2025/09/29,Netflix,1583.72,INR,Pending,Entertainment,A49,Duplicate?
2815289c-102b-4567-b84e-acca7cd644d4,29-07-2025,Local Bakery,4714.8,inr,success,Entertainment,A23,
3890795c-906f-4cd0-83e2-319be33ba447,2025/04/04,Zomato,$4792.03,usd,SUCCESS,Food,A40,Anomaly check
3680f731-84ef-456d-b25e-914cc07b73b4,2025/11/25,Flipkart,1863.19,inr,failed,Healthcare,A13,Anomaly check
ed883293-f7eb-4c14-a444-87b277b377e1,2025/05/27,Flipkart,3196.04,usd,FAILED,Cash Withdrawal,A12,SUSPICIOUS
889345ef-925a-4cd8-8dd6-3d103d766a02,17-04-2025,Netflix,2147.25,usd,PENDING,Shopping,A21,SUSPICIOUS
f2596af9-0714-4446-b1c8-1ea039f8d3b5,10-01-2025,IRCTC,187.96,inr,failed,Other,A29,Refunded
7fcccaf1-939e-40be-9486-d8f879208b81,13-08-2025,Swiggy,3662.49,INR,SUCCESS,Other,A42,Duplicate?
412efc69-3a02-4417-b21e-de980d551850,2025/08/04,Ola,$4278.45,inr,Pending,Food,A33,Anomaly check
65a68ae7-f00a-4aa2-91c3-3ee29ef30c17,25-02-2025,Zomato,958.69,INR,SUCCESS,,A5,Refunded
806af1d7-2ca0-4e04-ac69-d8e4cc501be8,20-07-2025,Local Bakery,4388.21,INR,SUCCESS,Healthcare,A39,SUSPICIOUS
c115db51-e857-4e51-b834-077cf63a22d2,14-01-2025,Google,$2739.4,usd,Pending,Transport,A33,
04696f38-067a-461b-b687-7d42e777479c,2025/12/20,Spotify,4690.39,usd,success,,A16,
80f24186-608f-4d1f-aa32-6ec15bf57aa6,27-01-2025,Amazon,2564.81,INR,failed,Transport,A12,Duplicate?
7a83688d-9e69-4ab0-ba2e-52c2df4448da,30-12-2025,Ola,4021.29,inr,success,Entertainment,A48,Anomaly check
88ed1622-5440-4b25-9295-ebb709027c2c,07-06-2025,Local Bakery,1752.62,inr,success,Other,A25,Duplicate?
2dd1d90a-adcd-4553-9301-3341440cace7,2025/10/04,Amazon,4525.49,USD,success,Cash Withdrawal,A28,Anomaly check
24694600-d296-4b41-8134-18f66b49abaf,2025/04/15,Ola,2078.52,USD,PENDING,Cash Withdrawal,A36,Duplicate?
d44e7fa2-93cc-4375-a673-39ece6d42f74,14-06-2025,Netflix,4427.91,USD,SUCCESS,Utilities,A45,
e28c18f4-e0e7-4c3f-a345-8f65dcaf9e4e,22-08-2025,Swiggy,$3080.9,inr,PENDING,,A45,SUSPICIOUS
1219a8ad-f25b-4df2-92b6-b0ebaa90e361,08-09-2025,Local Bakery,714.3,INR,PENDING,Food,A36,Refunded
6fd4ab6e-5bf5-4efe-b7e3-9411cac5bc05,18-05-2025,Zomato,864.62,usd,SUCCESS,Food,A21,Refunded
da687b28-ccb1-4651-b918-65db062ef7aa,2025/06/03,Local Bakery,1973.22,usd,FAILED,Entertainment,A11,Duplicate?
84fd972a-7a1f-4959-b346-42c4421eba7f,2025/05/23,Flipkart,466.64,USD,success,Cash Withdrawal,A35,
0cb51cf3-d6cb-40ea-b3d5-7ff9a2d3dfc8,2025/04/04,Zomato,192.41,USD,Pending,,A50,SUSPICIOUS
aff4b96e-d0e6-4074-940e-1c75de480e37,19-07-2025,Google,2726.47,USD,FAILED,Entertainment,A2,
fc8870c3-4a7f-4904-8b23-8c9881da056b,22-09-2025,Netflix,3978.46,INR,Pending,Food,A10,Refunded
819293bf-967c-4159-a234-423184124aaf,31-07-2025,Amazon,3219.37,inr,FAILED,,A21,
594d2b7f-a1b5-41bb-8b1d-0f4d233d5f10,2025/05/06,Uber India,2459.37,INR,Pending,Other,A47,Anomaly check
2a8eb913-fbde-416e-951a-bb3e254b8549,2025/08/21,Flipkart,499.42,USD,success,Healthcare,A38,
7875e8e0-c4cc-4f93-b3c9-574c4859a1ec,08-05-2025,Amazon,2558.27,INR,success,,A32,
e6e00bcb-d0d4-44b9-a18f-81520a3c1c45,03-10-2025,Swiggy,3583.1,usd,failed,Travel,A15,SUSPICIOUS
fbb923a7-7a1f-4c16-953b-4c859d1609bf,2025/01/20,Shell Petrol,4219.02,INR,failed,Utilities,A14,Anomaly check
319998b4-6577-4874-a39c-0ae370976e69,2025/01/26,Uber India,1061.09,usd,FAILED,,A27,
396ac306-7890-4eec-93fa-032b5f715851,2025/04/11,Shell Petrol,$3724.12,usd,Pending,Utilities,A18,Refunded
0fbd3047-06f1-46ae-bcce-69baba114ac2,18-04-2025,Flipkart,3342.42,USD,success,,A21,Anomaly check
3bf5c42b-00d3-484b-a204-38b78492e79b,26-04-2025,Google,3858.25,INR,PENDING,Transport,A29,SUSPICIOUS
75ccbc4f-15d2-4a80-a7fc-c886d6859928,23-07-2025,Spotify,4878.5,inr,Pending,Entertainment,A22,Refunded
912d9f04-d1a4-49c8-88cf-7204d7d3e2c8,23-06-2025,Shell Petrol,2719.25,INR,failed,Food,A50,SUSPICIOUS
cf479714-9c16-4d69-9f4a-32e6cef1b8fd,25-01-2025,Netflix,165.35,INR,failed,Food,A10,
b4d74575-9d1f-40e6-9ea8-eaa356e3fca0,17-06-2025,IRCTC,825.03,INR,SUCCESS,,A48,Anomaly check
510200be-86f1-4bb5-97e5-a1808d27702a,2025/08/15,Uber India,$867.71,USD,FAILED,Other,A9,SUSPICIOUS
08cedff2-5b5c-4ad5-be29-e5954bad624e,2025/01/26,Swiggy,752.12,USD,success,Cash Withdrawal,A35,Anomaly check
cc30a29f-d0ad-4bb2-870a-fa1d2d517cd6,2025/12/29,Local Bakery,1427.06,usd,PENDING,Shopping,A35,
93a7db1a-f617-4c5e-8405-204473a50255,2025/03/24,Swiggy,3600.4,usd,success,Travel,A16,
6028ec1c-70fa-4b03-8f3b-7c4ad2a1786c,05-08-2025,Spotify,817.23,inr,SUCCESS,Other,A24,Anomaly check
c30cf254-62d3-45d9-9c59-0613148bdf33,2025/11/15,Zomato,$835.8,INR,PENDING,Entertainment,A11,Duplicate?
32621429-7448-40ba-be91-d0966e15ab53,2025/04/22,Swiggy,4154.78,inr,success,Cash Withdrawal,A29,Duplicate?
43fd405d-1f17-4bae-b1aa-150b88a13895,2025/02/22,Google,2879.72,USD,Pending,Food,A1,SUSPICIOUS
c1f07963-3411-4e08-95f2-aa6dcd0dd117,20-10-2025,Shell Petrol,4041.11,usd,FAILED,Travel,A27,Refunded
950f6dcf-dfa6-4cd0-a086-548bf384d21c,26-08-2025,Shell Petrol,793.15,USD,Pending,,A18,
b30a6062-3d0b-4151-87a1-7b31bd9637e1,01-02-2025,Apple,2506.3,INR,SUCCESS,Travel,A16,Refunded
23ef5255-829a-4e1e-a46a-69e6a9924ef8,06-05-2025,Amazon,$4281.38,usd,success,Transport,A42,Anomaly check
a9772f29-a644-4ce2-91d7-0405c510a94d,06-07-2025,Netflix,2507.3,USD,PENDING,,A44,Anomaly check
,2025/04/04,Flipkart,3171.57,USD,failed,Other,A3,Refunded
72ab5749-96a9-4683-ba13-929535fa3694,03-10-2025,Zomato,4816.45,inr,success,Utilities,A34,Refunded
cec2ca0f-a308-4843-9760-9ff514e051ca,15-03-2025,Uber India,280.17,USD,failed,,A28,
a70f951b-d814-4a6c-89ee-c6ed9e711302,17-11-2025,Spotify,2182.62,INR,SUCCESS,Cash Withdrawal,A20,Refunded
123402b6-442f-4566-b02e-b6fd6c5ae20f,22-07-2025,Spotify,3840.14,INR,PENDING,Cash Withdrawal,A35,SUSPICIOUS
b83c1862-d4b8-4785-a6b7-9021f8db3e87,2025/08/15,Shell Petrol,1922.73,inr,success,Entertainment,A28,
058f275a-10ac-4da8-8ac5-27f0810d67b8,2025/05/11,Apple,3511.98,inr,FAILED,Transport,A21,Refunded
3672252a-8bb5-46e6-8c64-8083d7acb91f,2025/01/10,Zomato,4213.4,INR,FAILED,,A34,Duplicate?
4935de44-874e-4477-97d0-31db539627bd,2025/05/12,Zomato,1157.16,inr,PENDING,Food,A14,Duplicate?
,2025/01/07,Netflix,$1052.43,INR,success,Other,A1,
44130b75-d137-4815-8f8d-069497c1bdc8,19-06-2025,Shell Petrol,$1554.62,INR,PENDING,Cash Withdrawal,A33,
632f4b36-525d-456e-aa99-105d4f94617e,04-12-2025,Google,3257.48,inr,failed,Cash Withdrawal,A9,Duplicate?
a91be4ce-00bb-41e9-aa4c-6713958857a5,2025/08/21,Shell Petrol,3760.71,USD,Pending,Other,A12,Duplicate?
6fa53c36-d224-4b0d-922c-3d312fb2cb03,01-02-2025,Uber India,2953.77,USD,PENDING,Travel,A25,Duplicate?
c254fa3a-8364-4b90-9d25-e359dfdf51f7,2025/04/21,Zomato,4516.85,inr,Pending,Other,A27,Duplicate?
84878481-dd39-4b76-b52e-c647fdae18ab,04-02-2025,Apple,1311.97,INR,FAILED,Entertainment,A1,Duplicate?
59157cd7-1ee8-401c-af0b-20935724fa4a,29-03-2025,Apple,2684.52,inr,Pending,Utilities,A45,Anomaly check
,01-11-2025,Local Bakery,805.06,INR,PENDING,Utilities,A48,
2feafcfa-6639-4396-a5fe-9c2b04d20f57,01-05-2025,Shell Petrol,757.07,inr,SUCCESS,,A25,Refunded
,2025/02/24,Shell Petrol,3473.1,USD,SUCCESS,Healthcare,A44,Refunded
98757c93-0698-45b5-9a2d-7908ebf3bb70,22-11-2025,Zomato,$3868.54,usd,failed,Entertainment,A29,Duplicate?
d98a942d-c2a4-4b06-8acd-40b81f57564a,17-04-2025,Netflix,$3534.48,usd,failed,Shopping,A12,Refunded
d5499308-ea6a-4024-b94d-0e1be3a696cb,03-02-2025,Ola,2247.08,usd,Pending,Food,A23,SUSPICIOUS
3cd70a7b-4a09-4be0-b116-29ef205085ca,08-05-2025,IRCTC,528.88,INR,success,,A33,Duplicate?
,11-06-2025,Local Bakery,35927.62,inr,PENDING,Travel,A34,Refunded
52f53712-d966-4183-a915-fde876accb15,2025/10/27,Spotify,246.65,INR,FAILED,Utilities,A28,Anomaly check
480bc254-2d02-4e39-abba-a7fd5367cf9a,03-06-2025,Netflix,1738.36,inr,Pending,Transport,A7,Duplicate?
24b0ac00-adfb-4e26-94ce-ff284cf25c82,2025/12/11,Flipkart,4912.68,usd,PENDING,Healthcare,A33,Anomaly check
54884017-6bf1-4c9f-977c-f139d51b9923,2025/11/01,Flipkart,1013.25,INR,Pending,Transport,A6,SUSPICIOUS
f7a23d29-c587-4cf8-90f3-8d0689bca3b5,29-06-2025,Ola,1762.68,USD,failed,Shopping,A22,SUSPICIOUS
c4773e0d-893b-48d5-8119-dbb48da3ab21,04-08-2025,IRCTC,1464.03,usd,failed,,A26,Duplicate?
716d9a0a-e405-4ced-aa9e-df6cdac88377,11-05-2025,Uber India,706.74,INR,failed,,A37,Anomaly check
c62ce1a6-5b31-476f-a4dc-9955622db2f4,10-04-2025,Google,798.46,inr,SUCCESS,,A44,Refunded
3c4c1945-c69d-4d9c-8862-5eea96de97f9,2025/09/03,Google,1715.96,inr,SUCCESS,Other,A12,Duplicate?
43d80456-a5c1-4618-8f97-81b886ff1c5b,02-07-2025,Zomato,3947.62,INR,success,Cash Withdrawal,A1,Duplicate?
b709c0c3-97cc-43b4-924b-7cbce79ec355,31-01-2025,Swiggy,1263.08,usd,success,Entertainment,A37,SUSPICIOUS
850fc601-24b3-4b3c-9922-f26f405c837d,25-09-2025,IRCTC,3915.91,inr,FAILED,Transport,A37,Duplicate?
850fc601-24b3-4b3c-9922-f26f405c837d,25-09-2025,IRCTC,3915.91,inr,FAILED,Transport,A37,Duplicate?
220f123f-ee01-44bb-a0e3-bc4bc751ad6a,22-11-2025,Swiggy,$4921.98,inr,failed,Food,A40,SUSPICIOUS
08531b19-096d-47f1-b182-0c12e508613f,2025/03/27,Spotify,3580.05,inr,failed,Healthcare,A9,Anomaly check
9065d2c0-01ef-4d01-b74e-996afe72e353,20-04-2025,Local Bakery,$4791.09,USD,Pending,Transport,A43,SUSPICIOUS
1c93837b-776a-45a6-b382-fd43edf34213,2025/04/16,Uber India,$2664.24,inr,SUCCESS,Shopping,A40,Refunded
ada0370d-046f-48c8-8f2f-0f5eb8e8283c,02-12-2025,Google,$3647.73,USD,success,Healthcare,A15,SUSPICIOUS
358ff67e-b69d-4467-b245-90f20f723ed7,21-12-2025,Google,2043.01,usd,failed,Food,A8,Anomaly check
bca32cbe-a25b-41d0-8147-5acd01f13abf,23-07-2025,Swiggy,1599.56,inr,FAILED,Healthcare,A6,Refunded
b93eec93-cbac-4f08-82ad-d77e08bd337d,15-05-2025,Flipkart,$3425.27,INR,PENDING,,A28,Refunded
3b3a9ee6-1d8b-423f-8652-863a2cd3395f,2025/12/09,Spotify,3733.01,usd,success,Utilities,A7,Refunded
1647820a-af70-4428-b19f-e4a8912c144f,14-08-2025,Shell Petrol,4127.58,USD,success,Cash Withdrawal,A24,Refunded
c88800a5-863b-41ba-980a-360232db31e9,27-07-2025,Shell Petrol,2697.97,inr,SUCCESS,Entertainment,A46,Refunded
7b994364-3843-4e60-bb14-de97ff3ffbde,02-09-2025,Shell Petrol,1654.81,usd,Pending,Travel,A21,Duplicate?
cefb57e6-f50a-4b17-956e-1c7a4f1c43ee,2025/02/13,Zomato,4892.3,inr,failed,Travel,A4,Refunded
bf30567f-1d85-4c7e-933a-a2388d54d8c8,2025/06/11,Spotify,4153.98,INR,PENDING,,A4,SUSPICIOUS
c779374f-87c2-407d-a8fe-94032482fb92,2025/11/30,Apple,$4111.26,usd,success,Travel,A9,Refunded
2c7261ad-947f-4605-9c55-c55bee6bf188,2025/10/30,Zomato,35059.99,INR,failed,Cash Withdrawal,A5,SUSPICIOUS
2c7aff12-7524-4c31-b975-b3456eb173a2,2025/05/22,Shell Petrol,2418.57,USD,FAILED,Travel,A10,
cefdd5c8-7077-4f91-978c-fa7c5be4fef0,2025/04/04,Netflix,4778.66,INR,Pending,,A43,Duplicate?
751a12df-18a4-4bcd-9a7c-74c8c6e026af,08-01-2025,Ola,4694.8,inr,PENDING,Utilities,A17,SUSPICIOUS
30887c69-917e-4924-90cb-ed02c16f1847,2025/06/16,Local Bakery,$4328.46,USD,FAILED,Entertainment,A46,
ab35d5db-5cb7-43fb-90a9-fd03f5b6bd88,2025/09/09,Local Bakery,687.64,inr,PENDING,Utilities,A50,Duplicate?
06419b89-2746-4bef-bbd9-aac403b4f12e,01-01-2025,Uber India,2242.32,USD,failed,Transport,A40,SUSPICIOUS
74853b21-5449-41de-85c3-14cf77c8cf6f,2025/07/18,Spotify,2155.31,INR,FAILED,Healthcare,A37,Duplicate?
54f2994c-f571-431e-932b-0ea998a3875c,2025/05/06,Amazon,1878.63,inr,SUCCESS,Transport,A39,
ba0bf990-8daf-4435-a059-7b42163512ef,17-09-2025,Zomato,1372.98,inr,failed,,A1,Refunded
a425f7f7-9e51-4ea4-9414-f63bc657d96c,06-05-2025,Google,3205.67,usd,Pending,Entertainment,A42,
45676292-7a94-4e77-9ce7-9b5aa3df3be1,2025/04/22,Amazon,$2874.16,usd,PENDING,Entertainment,A4,Duplicate?
2f51b7f7-fc1e-4ca8-ae00-ba51c99efa1c,2025/07/18,Uber India,4149.31,usd,FAILED,Entertainment,A38,SUSPICIOUS
e262e487-d066-4ec0-9269-848529cac6b2,2025/12/02,Uber India,4281.08,INR,failed,Utilities,A37,Duplicate?
04d6b229-28cf-4e62-825a-b43824b8988e,2025/08/19,Uber India,253.1,inr,success,Shopping,A12,SUSPICIOUS
7e33065d-e532-4dd6-a6c9-0909fa2cb537,19-11-2025,Shell Petrol,1036.08,USD,Pending,,A9,Refunded
fb5cfefc-b247-4a55-b4c0-9b9a9476b0ba,14-02-2025,Spotify,$713.59,inr,success,Shopping,A3,SUSPICIOUS
db58ad54-69d0-4855-ba36-36dcab2faee4,2025/06/16,Zomato,2973.26,usd,FAILED,Food,A15,Duplicate?
edb646ad-d292-438d-8cbe-f615bb517160,01-09-2025,Apple,$176.69,usd,success,Shopping,A1,
7cb4c555-a6d9-4620-8690-bb0a2be92ba0,20-05-2025,Uber India,$2663.21,inr,failed,,A28,Duplicate?
e9e0b348-bcf0-40dd-b63e-d8bec6dd437b,2025/04/05,Shell Petrol,1406.18,INR,success,Transport,A18,Duplicate?
e9e0b348-bcf0-40dd-b63e-d8bec6dd437b,2025/04/05,Shell Petrol,1406.18,INR,success,Transport,A18,Duplicate?
201b657b-7535-4526-9629-45f4a1ada16f,2025/07/10,IRCTC,3913.42,INR,success,Entertainment,A36,Duplicate?
b0709356-bf94-416b-a90b-fea20c15c019,18-04-2025,Local Bakery,4911.43,INR,SUCCESS,Cash Withdrawal,A14,Duplicate?
19c2453d-1fcf-4280-9b35-d25c265cabf3,09-07-2025,IRCTC,3776.25,INR,SUCCESS,,A3,SUSPICIOUS
e6831bc2-20c5-4cdc-b07e-149b4b18d06d,06-09-2025,Swiggy,2909.72,USD,failed,,A48,Refunded
e8b5ca7a-0790-4687-b3d7-6d0d20b6a525,19-03-2025,IRCTC,197.07,usd,PENDING,Entertainment,A7,
587c73dc-b539-491e-bedf-acd4b99a2c56,27-07-2025,IRCTC,4200.58,inr,Pending,Utilities,A40,Anomaly check
5153eeaa-b143-43de-ab74-930c3ec6fc6e,2025/09/05,Uber India,2447.09,USD,PENDING,Entertainment,A41,Anomaly check
c34a3123-f69a-4052-a221-87a4b60b8569,12-07-2025,Uber India,2562.28,inr,Pending,,A28,Refunded
5deb0969-8fab-4b93-851c-b20ec8777816,2025/07/25,Google,2100.57,inr,Pending,Food,A42,
7a89859e-9416-4e9c-ad16-1538ce51ee60,07-02-2025,Uber India,4305.43,USD,SUCCESS,Shopping,A37,Refunded
7a89859e-9416-4e9c-ad16-1538ce51ee60,07-02-2025,Uber India,4305.43,USD,SUCCESS,Shopping,A37,Refunded
28573f68-b8be-4d3d-aa74-5dc9a53bcdaa,23-07-2025,Swiggy,1392.64,inr,SUCCESS,Transport,A31,Refunded
52e936fd-52bf-4995-8a1a-619f191ba253,2025/02/19,Apple,846.94,usd,SUCCESS,Utilities,A7,Anomaly check
07efe5fc-1f3c-4558-a11f-286756db92b1,2025/12/02,Apple,1093.39,usd,FAILED,Food,A29,SUSPICIOUS
,2025/01/28,Uber India,1712.21,USD,success,Transport,A24,
e4792c97-52b5-4e8f-b5c0-c5ce3c1c0629,10-12-2025,Shell Petrol,$149.03,inr,FAILED,Travel,A18,Refunded
140cf365-3c30-4864-b378-7225e0f00355,03-11-2025,IRCTC,1806.89,inr,success,Cash Withdrawal,A50,
aae395a2-aed7-4799-bfbf-7e1477e3e864,22-07-2025,Swiggy,2990.78,inr,success,Healthcare,A7,Duplicate?
a8f76261-4088-47c1-b27d-f9e69aa29ca5,18-02-2025,Apple,3440.68,INR,Pending,Healthcare,A37,Refunded
841e8368-d849-4b53-a073-8cc4d16c9748,2025/09/30,Uber India,1680.8,INR,failed,Travel,A23,Duplicate?
841e8368-d849-4b53-a073-8cc4d16c9748,2025/09/30,Uber India,1680.8,INR,failed,Travel,A23,Duplicate?
8ce47f66-e3f3-4263-90a2-f2a24fbc5dbf,18-05-2025,Swiggy,3324.05,USD,SUCCESS,Travel,A11,Refunded
9e866da3-c74b-49d1-9df0-8629b420a567,2025/08/03,Zomato,3277.87,USD,SUCCESS,Travel,A20,
be500147-473f-414a-9ef9-0e0504a0a6aa,2025/12/21,Swiggy,2879.29,USD,PENDING,Entertainment,A18,SUSPICIOUS
f9c4858b-0666-4d3b-b070-df02d9c8173d,05-09-2025,Spotify,662.67,usd,failed,Food,A17,Duplicate?
7c5de721-d486-4000-a658-3ac53913a037,09-02-2025,Apple,276.03,inr,failed,Other,A23,Refunded
,2025/10/24,IRCTC,$2880.58,USD,FAILED,Cash Withdrawal,A20,Refunded
384f6e27-8e6e-4066-80e7-6998dc2c2dd9,2025/04/04,Swiggy,56.57,inr,FAILED,Food,A22,SUSPICIOUS
5c452959-9347-47ac-b6f9-124db96e75f4,25-01-2025,IRCTC,1388.52,inr,PENDING,Transport,A44,Duplicate?
e4d26746-ea52-46d4-8037-b29e74a67519,02-03-2025,Local Bakery,3982.93,inr,failed,Shopping,A27,Duplicate?
e2c7c822-55ec-4357-a5a2-6a88836378e6,2025/12/22,Flipkart,3241.51,INR,success,,A27,Anomaly check
413e0259-7f18-4ae6-ae11-d22008bc77fa,07-09-2025,Netflix,3184.6,USD,SUCCESS,Cash Withdrawal,A28,SUSPICIOUS
99ac2891-877b-4c6c-920c-7caa41210ad1,2025/06/28,Apple,3971.64,inr,SUCCESS,Cash Withdrawal,A37,Anomaly check
37b576af-940d-4fc3-ad9f-25a5b65210c2,22-03-2025,Swiggy,4813.44,USD,PENDING,Transport,A49,Refunded
38987dd9-07ce-4c1f-bce1-ba5fe94a9163,2025/07/13,Zomato,636.9,USD,Pending,Utilities,A44,Anomaly check
c99b7625-e228-4276-b050-8c23e9ef164a,2025/09/20,IRCTC,2640.72,INR,SUCCESS,Other,A10,Refunded
0843beda-a166-4198-986b-52bdb3e68e58,2025/06/08,Local Bakery,2577.87,USD,PENDING,Transport,A18,SUSPICIOUS
bcfd3742-0395-4223-8fd1-22e001569d77,01-08-2025,IRCTC,3544.39,INR,PENDING,Healthcare,A28,
c837aae7-6307-48e9-901a-dc2ec41a5a89,25-09-2025,Flipkart,662.84,INR,SUCCESS,,A3,Duplicate?
3a4877cb-bbf6-426f-87e7-bac2dc131cb1,22-02-2025,Spotify,235.15,USD,success,Utilities,A6,
60c8f7b2-90be-4b34-94ad-d8f35dc7e72a,10-12-2025,Apple,2327.02,INR,SUCCESS,Healthcare,A9,SUSPICIOUS
23f75cb9-3210-49d5-9857-90ce20127ddf,2025/01/06,Google,$645.25,INR,Pending,Transport,A37,SUSPICIOUS
,01-01-2026,Amazon,1557.46,USD,SUCCESS,Travel,A10,Duplicate?
c2e7b3ba-f47b-4adc-a8de-ee7e9e2f628c,25-06-2025,Netflix,2620.64,inr,PENDING,,A6,Refunded
,26-11-2025,Zomato,$3093.84,INR,PENDING,Other,A50,SUSPICIOUS
56bf6d33-1fb5-4a84-9e90-911ef91572c5,06-03-2025,Shell Petrol,$365.04,inr,FAILED,Travel,A26,Duplicate?
26f9673e-0347-42d2-9103-8997c7360f65,2025/11/26,Amazon,533.57,USD,failed,Other,A47,Duplicate?
28a6d3f9-d051-4750-920d-d0f4eff78297,2025/11/02,Spotify,2421.45,USD,FAILED,Transport,A5,
af780031-8419-4858-8699-dfcdbc946496,2025/11/20,Swiggy,2389.94,usd,Pending,Healthcare,A21,Refunded
7a34095e-41df-45a8-b73d-cba4c21bfee1,2025/05/29,Apple,1360.15,USD,FAILED,Food,A39,Duplicate?
3b2af03a-4caa-4eaa-aec6-92e0c024797e,20-04-2025,Local Bakery,4235.21,USD,failed,Entertainment,A9,Refunded
e1b541ba-8f4c-4991-81e7-4ee50e0b32d7,23-12-2025,Apple,$2949.71,USD,Pending,Food,A2,Duplicate?
7c101148-0c01-4a70-a6c0-5f7ba3294b2c,2025/05/16,Spotify,678.51,inr,PENDING,Other,A14,SUSPICIOUS
875d926b-86b0-405f-ae5a-0a52a0084e55,15-06-2025,Swiggy,824.86,usd,failed,Entertainment,A33,Refunded
7ffcd246-67a4-4109-bdaa-a16108ef2de1,2025/10/09,IRCTC,1556.9,usd,failed,Other,A26,Anomaly check
41580d37-7b74-4c8c-9c4a-5319f0ae9417,2025/12/17,Spotify,$3558.75,inr,success,,A31,Duplicate?
069211e8-086b-4f92-8c81-e2e659c90ab5,06-06-2025,Local Bakery,3217.42,INR,success,Shopping,A10,Duplicate?
28a7fcfa-62fe-4020-bbc1-7c6d6bcb2871,2025/03/04,Shell Petrol,233.4,USD,failed,,A18,Duplicate?
441fce95-02c4-4fed-8c28-28b4f74eb43f,14-07-2025,Apple,2325.01,USD,failed,Transport,A18,
572cf024-6fe7-4afd-9214-7f4b39a0db38,2025/05/17,Google,2259.94,inr,failed,Travel,A32,Anomaly check
26f47501-720e-4056-843c-e92600ccdccc,08-01-2025,Shell Petrol,1264.47,USD,Pending,Transport,A48,SUSPICIOUS
8a52ef87-6fff-41b6-9e02-b60740499b48,21-05-2025,Ola,1578.26,INR,PENDING,Utilities,A2,Duplicate?
,01-09-2025,Ola,911.74,usd,failed,Shopping,A10,Duplicate?
ed4ee733-43b4-4b8c-809d-ae7640a073cf,16-12-2025,Netflix,1649.92,usd,success,Travel,A5,SUSPICIOUS
656daed6-c224-446d-9f35-5b356be57ce0,2025/10/04,Ola,1404.99,INR,success,Entertainment,A34,Anomaly check
77f155c4-58d6-4608-84ec-492749a370a3,2025/03/13,Zomato,4005.36,usd,PENDING,,A47,Anomaly check
4ef0745e-b2e3-4872-8367-ef16ceb0862d,14-03-2025,Netflix,3210.03,usd,PENDING,Travel,A33,Anomaly check
af2d68db-bc77-4c5f-ac08-c5bde4de454b,10-10-2025,Ola,3884.08,inr,SUCCESS,Cash Withdrawal,A49,
0c036c79-e7ab-496a-be4f-56bca1eff0ce,03-10-2025,Ola,3246.62,INR,failed,Cash Withdrawal,A13,Duplicate?
83d0443d-49d9-41c6-b2dd-2ad870f1e231,2025/03/28,Google,1218.5,inr,FAILED,Food,A1,
,12-06-2025,Shell Petrol,1255.18,inr,FAILED,Utilities,A25,
c7d204ab-e252-423f-8f05-316c7dfac435,2025/11/24,Zomato,2353.75,USD,PENDING,,A36,
a192e9f7-32f3-4cb6-bdef-9e5a404acc88,12-07-2025,Apple,1544.72,USD,Pending,Utilities,A5,Duplicate?
440535a5-cdb8-411f-a83e-94f9413cd378,2025/01/07,Zomato,578.52,INR,FAILED,Entertainment,A39,Refunded
ddc0c6ad-a44f-41a8-a190-405ab7981ef4,10-01-2025,Google,2014.04,INR,failed,Food,A36,SUSPICIOUS
cfcbcc0b-519f-4373-b049-f7eab3655ea1,2025/04/14,Netflix,1814.41,usd,PENDING,Healthcare,A9,Anomaly check
,2025/11/05,Uber India,2362.94,USD,Pending,Food,A13,SUSPICIOUS
0349d9ea-f1cd-43b6-ae24-5b47a97a1698,2025/07/19,Uber India,2912.0,usd,failed,Other,A17,Refunded
16aada98-0bf3-4849-9185-4b8396ab05e3,15-01-2025,Local Bakery,3117.74,USD,SUCCESS,Cash Withdrawal,A31,Refunded
3447fd93-28a4-4538-9c9f-4e63134f4a2f,26-07-2025,Google,4483.49,INR,FAILED,Travel,A27,Anomaly check
a059d05f-7996-44c6-ace0-0591672a86ae,2025/08/12,Zomato,$4382.1,USD,Pending,Travel,A16,SUSPICIOUS
2aa637db-e6fe-4436-b686-1f1eec2a736a,2025/04/25,Spotify,$3274.95,usd,FAILED,,A46,SUSPICIOUS
e7468e94-3f85-436a-b75f-efdb228c6531,29-10-2025,Google,3483.98,USD,SUCCESS,Healthcare,A48,SUSPICIOUS
90ac8a66-6811-4f7a-8d67-705e37684885,2025/11/21,Swiggy,931.78,INR,Pending,Food,A25,SUSPICIOUS
eafe2c55-41dc-469b-8cb9-97930d6bf02e,2025/10/13,Google,4474.22,INR,Pending,Transport,A39,Duplicate?
8386b228-e594-422d-82fd-83165ee15826,20-12-2025,Uber India,4854.71,usd,success,Travel,A12,
a480807b-496a-46ac-bc81-2602632c7b67,16-07-2025,Apple,907.36,inr,failed,Food,A39,
01debf30-a328-47e9-a6cb-87e68c3b3713,2025/07/31,Zomato,4527.73,inr,FAILED,Shopping,A9,Refunded
db8bee1e-f655-4d04-8fc1-081c7972f489,2025/10/08,IRCTC,2747.36,inr,SUCCESS,,A5,Duplicate?
4f36301e-c525-447f-a30b-3125124977b0,09-04-2025,Spotify,$836.97,USD,failed,Other,A41,SUSPICIOUS
f81b05f9-df13-48ba-bd9d-fbb5232bbf33,2025/01/24,Flipkart,3390.18,INR,success,Cash Withdrawal,A33,Duplicate?
d011b385-9ec0-4f86-9a57-282c20dacc05,14-03-2025,Zomato,765.68,inr,failed,Other,A50,Duplicate?
3b87d159-7a85-4a13-a0a9-247ab69955be,19-12-2025,Swiggy,2299.15,usd,SUCCESS,Food,A15,
e7cb3ff5-4adf-4410-9247-5b9f2cb1344c,2025/10/31,Amazon,3525.33,usd,success,Other,A33,SUSPICIOUS
0c00e0c6-8ed0-44d6-a586-ed1178f40b43,2025/01/05,Shell Petrol,3102.24,usd,failed,Other,A49,
0c00e0c6-8ed0-44d6-a586-ed1178f40b43,2025/01/05,Shell Petrol,3102.24,usd,failed,Other,A49,
880045af-2cda-4d6a-ab11-ed3e3c482917,2025/11/24,Netflix,4647.21,USD,SUCCESS,Utilities,A17,Refunded
8da79a83-16d2-4676-b195-77b4e20e4eb7,26-06-2025,Spotify,$3697.05,INR,PENDING,Healthcare,A6,Duplicate?
708ddb25-393a-40b0-a860-d085da5c20b3,2025/08/28,Uber India,3959.21,usd,Pending,Transport,A2,Duplicate?
daa8b198-b2a7-4615-8ad5-7acf7036a3c8,06-07-2025,Zomato,2940.04,USD,SUCCESS,Utilities,A50,SUSPICIOUS
9a4a2dbb-6c57-417f-bcce-0e0692c38b65,29-06-2025,Ola,241.33,USD,FAILED,Transport,A35,Duplicate?
3d8f0dd0-fd93-4ee6-8dfe-f2f94460ee5c,22-11-2025,Flipkart,497.25,USD,SUCCESS,Utilities,A29,Duplicate?
a57a6193-e1c4-4a70-a336-5f3a106e51fa,20-08-2025,Spotify,344.86,USD,SUCCESS,Cash Withdrawal,A38,Duplicate?
c715c410-8432-46ba-ae12-122f54d7dc2d,2025/08/06,Zomato,4413.3,USD,PENDING,Other,A19,
ec3eb088-22fa-438a-ba70-32d944442add,15-11-2025,Uber India,3976.25,INR,success,Cash Withdrawal,A22,Refunded
655fd299-c7de-4f7d-94f9-7db3787d24a6,2025/03/28,Netflix,$4102.57,usd,failed,Healthcare,A26,Refunded
93a8baf7-208d-4450-94f8-325ec6175430,06-08-2025,Swiggy,3232.89,USD,Pending,Travel,A38,
19aaa2a7-ed54-44fb-92cf-13c4954a442d,2025/07/05,Netflix,883.49,inr,PENDING,Utilities,A41,
1840b8d3-baae-4e26-96ec-5619a302d6a5,22-09-2025,Amazon,$16.82,INR,SUCCESS,Travel,A31,Anomaly check
e1adea2e-344f-4013-8dcb-9ba8ed9f5949,2025/10/07,Google,4768.11,USD,SUCCESS,Healthcare,A2,SUSPICIOUS
9315749c-6ba9-40bb-8d97-af0509044e7b,2025/05/06,Uber India,754.24,USD,FAILED,Healthcare,A50,Anomaly check
c1718f89-2667-4a24-9deb-d4ade29d607e,26-05-2025,IRCTC,1805.0,USD,PENDING,Shopping,A4,
f042758c-7924-47e0-8b54-b6eb9549dc8a,2025/10/19,Uber India,3806.29,usd,SUCCESS,Cash Withdrawal,A12,Duplicate?
6c46a6de-88fe-4ffa-abb7-56128837da3a,2025/07/18,Zomato,2574.86,INR,SUCCESS,,A47,Duplicate?
e1a2958b-1903-45c4-bb01-cd39b6b32d1c,11-12-2025,Local Bakery,$1109.43,INR,FAILED,Utilities,A22,Refunded
54c1719f-dd46-448e-ba02-fcc3ea3628f7,2025/12/15,IRCTC,3656.12,USD,PENDING,Entertainment,A37,Anomaly check
12ec7e4c-262e-4c84-957e-87309dea4a29,2025/11/27,Google,561.74,USD,SUCCESS,Food,A44,Refunded
b6f18b52-2cf6-4e77-bd9b-3d58bb5e5901,12-12-2025,Uber India,3217.13,USD,SUCCESS,Travel,A48,Refunded
e8489b70-c49f-4e83-afda-a6231b062ab5,31-10-2025,Netflix,825.04,INR,success,Food,A24,SUSPICIOUS
a6d9977c-c90b-4ee1-9071-91e8b795459c,2025/02/25,Netflix,$367.1,inr,success,Travel,A25,Duplicate?
,2025/04/07,Netflix,$1336.45,INR,Pending,Healthcare,A33,Anomaly check
75687ee6-17a9-41f4-a3ea-b72660940d29,2025/05/12,Spotify,2601.66,usd,success,Food,A37,Anomaly check
7c576eb4-c9bd-474e-a322-8dca57aa6dc7,2025/06/24,Ola,$3225.06,INR,Pending,Other,A49,Anomaly check
67a0fe7e-b0c6-4e3f-97d1-f0c56ba5490b,2025/08/11,Uber India,$1400.29,USD,SUCCESS,Other,A25,
728798ef-8a7f-44d1-b574-76e7db52b254,17-08-2025,Flipkart,2105.09,usd,PENDING,Shopping,A50,Refunded
806071fa-4543-4fe6-b76a-da420309309f,2025/03/20,Uber India,2625.92,INR,SUCCESS,Entertainment,A4,SUSPICIOUS
a86ccb8c-e0f9-4fce-9fcb-0c3a0e53cb89,05-12-2025,Netflix,$556.91,inr,success,Entertainment,A43,SUSPICIOUS
8a7311a3-d65f-4f40-8909-912d64ffc0ca,2025/11/05,Local Bakery,4622.92,INR,success,Cash Withdrawal,A31,SUSPICIOUS
71f61c16-fbf4-4132-8f5d-cd3c3f357796,02-01-2025,Apple,4564.66,inr,Pending,Travel,A22,Duplicate?
6d8c7fbb-6a0d-4583-9de6-e8f85e2ecedc,2025/01/18,Ola,3577.09,INR,Pending,Healthcare,A37,Anomaly check
0dc140f4-a824-41c9-85a7-a6a6c3a2a281,24-12-2025,Netflix,2850.77,INR,failed,Utilities,A34,
5737b88e-1c8a-49fb-80ac-a01527004cdd,23-09-2025,Netflix,2808.71,INR,SUCCESS,,A5,SUSPICIOUS
c625d0c7-f809-438e-9957-d8e8df19b585,2025/01/17,Amazon,3789.13,INR,failed,Transport,A50,Refunded
230afe6a-c815-4e93-8aca-222b9f1ee8a0,01-04-2025,Flipkart,1944.12,INR,FAILED,Entertainment,A24,
edf729d4-92da-4083-a32d-f2669925e948,16-06-2025,Netflix,827.1,inr,failed,,A44,Duplicate?
3fc84d54-3c66-407a-b203-893c85dd088c,2025/05/17,Local Bakery,$406.52,usd,FAILED,Other,A30,
b65286b2-d5f3-46e2-9a9f-50ac63e8414f,2025/07/20,Google,3509.85,inr,success,Cash Withdrawal,A31,
51374df2-1df1-4259-a796-b9ed73a24c64,25-06-2025,Netflix,1241.66,inr,PENDING,Cash Withdrawal,A20,Anomaly check
d5ec5f86-6962-49c0-ad08-54f87f488033,2025/11/02,Spotify,$1624.48,inr,Pending,,A34,Duplicate?
0a69cb63-2236-4198-8707-6dbb26c4db75,2025/02/10,Shell Petrol,710.87,inr,SUCCESS,Shopping,A42,SUSPICIOUS
cff7f281-3c78-4ba5-9380-100e8cb9b972,2025/04/05,Shell Petrol,$950.41,INR,failed,,A48,Anomaly check
7082d0a5-7891-4358-93fb-791f295a1b25,24-02-2025,Uber India,2791.37,inr,failed,Utilities,A44,Refunded
51b9b033-ad78-482f-ac31-5b56f0ed0338,2025/03/30,Local Bakery,2661.44,usd,FAILED,Food,A4,
bf7b4ec8-30cb-41b0-9e00-c08fea86dad8,2025/12/24,Flipkart,1722.52,INR,Pending,Cash Withdrawal,A12,Anomaly check
5b04952a-b2e9-46ac-9f85-a51be34deeaa,2025/08/31,Local Bakery,1867.81,USD,success,Transport,A3,Anomaly check
e3ada4b5-c5fe-4c6f-a48e-59162d6aef00,2025/01/22,Uber India,$4602.99,INR,FAILED,Other,A23,Anomaly check
ff905119-f9bb-4737-9626-7a98256a2176,15-10-2025,Swiggy,$1199.53,USD,PENDING,Entertainment,A42,Refunded
,2025/04/22,Swiggy,1541.14,USD,FAILED,Entertainment,A9,
e81adcd6-bfe1-46c2-89d0-4b105520ac95,08-08-2025,Apple,2884.67,USD,Pending,Transport,A14,Refunded
561a54c0-d239-45ae-a74e-b6fa1caefef9,25-10-2025,Zomato,2586.1,inr,failed,Travel,A32,SUSPICIOUS
965cb8b4-fb5d-4a60-93bf-7bedab1b3217,2025/05/25,IRCTC,1943.07,usd,FAILED,Shopping,A20,Anomaly check
965cb8b4-fb5d-4a60-93bf-7bedab1b3217,2025/05/25,IRCTC,1943.07,usd,FAILED,Shopping,A20,Anomaly check
,06-01-2025,Uber India,1128.6,usd,PENDING,Travel,A9,SUSPICIOUS
63a31372-35fd-4fc7-96dd-a46631e4459d,11-09-2025,Swiggy,1400.37,INR,Pending,Cash Withdrawal,A10,Anomaly check
f0737195-daad-4743-a098-230ae4975bd7,18-01-2025,Flipkart,3166.03,usd,PENDING,Food,A25,
d975ded0-2575-4354-86bf-c0712de3616f,21-06-2025,Spotify,2924.92,inr,SUCCESS,,A13,Anomaly check
b573376f-5cda-45b8-b4a1-641f32d8ff45,2025/08/28,Spotify,$3504.15,INR,success,Travel,A26,Anomaly check
182fecdd-892c-4f2f-a73c-693f6c523b1d,2025/11/27,Flipkart,$2719.41,inr,Pending,Transport,A50,
266d1da8-2eea-427a-95a5-8e0f00826e39,2025/04/22,Spotify,207.24,INR,PENDING,Transport,A9,
5077180b-610e-4bd7-82e8-aa8afe0fd7ca,2025/01/03,Shell Petrol,$2825.25,USD,SUCCESS,Shopping,A47,Refunded
7ccab9a7-b6cb-4a07-b6fe-ce0d2aa932d9,2025/10/20,Local Bakery,$491.16,inr,failed,Cash Withdrawal,A50,SUSPICIOUS
451a4309-63d2-4ba0-86f4-0fbe40b077e7,2025/06/13,Zomato,$2867.03,INR,FAILED,Cash Withdrawal,A20,Duplicate?
f6e3c36f-badd-483d-b959-68ff19bc53e1,2025/07/04,Flipkart,4069.15,usd,PENDING,Food,A47,
968dc968-23b0-4ab4-806f-496974934ae4,2025/08/11,Spotify,1428.28,USD,Pending,Other,A40,Duplicate?
2b1182e3-4a4b-4f25-9997-590806f5dfc9,02-12-2025,Local Bakery,2655.24,INR,SUCCESS,Shopping,A36,Anomaly check
5e4b6cf9-4c22-48d5-9d73-542889af18d3,28-12-2025,IRCTC,1774.14,inr,Pending,Food,A32,
753ada7d-1695-4bf4-8624-0e07a5511d2f,18-03-2025,Local Bakery,1756.21,INR,Pending,Cash Withdrawal,A10,Refunded
0d98b5ad-8d69-4567-a5d1-75dc61054f16,11-10-2025,Flipkart,$3087.65,INR,failed,Utilities,A22,SUSPICIOUS
d5a11b74-1194-4f59-aa8f-1aabe8fe11b8,15-02-2025,Google,1371.12,INR,SUCCESS,Shopping,A9,Duplicate?
aa957537-dc73-4a66-b0c3-9d29fefe44fa,2025/11/23,Zomato,4288.48,INR,FAILED,Entertainment,A41,Duplicate?
90290fd1-f5bd-4e55-a8c3-b69bc7a859ba,10-11-2025,Apple,$241.31,usd,success,Shopping,A7,Duplicate?
fa8aa2bf-dea6-4cfd-811f-9238d6eb63d7,04-02-2025,IRCTC,$536.64,USD,SUCCESS,Utilities,A45,
28df2291-8f63-4258-b044-e0112d589d7d,2025/03/08,Netflix,2733.66,USD,failed,Travel,A49,Anomaly check
211aef60-2f82-4f73-afb9-d600843a13fc,2025/10/19,Local Bakery,4263.51,usd,FAILED,Travel,A2,Anomaly check
4c1e646f-e775-4af7-bb05-08b422ddcbf0,11-02-2025,IRCTC,2099.43,INR,PENDING,Transport,A19,Anomaly check
438a00d2-f027-4275-825c-4704d247fbd8,19-04-2025,Zomato,360.1,usd,PENDING,Healthcare,A25,Refunded
6286a0a6-2a71-4769-9de7-9aaf56df29b4,23-02-2025,Netflix,306.35,inr,FAILED,Utilities,A23,Refunded
3f6d97c0-85e6-49a9-8efa-b5c20f5291db,11-06-2025,Zomato,2921.27,usd,FAILED,Travel,A44,Duplicate?
604ee528-9ddd-4b8b-b3fd-f9186cb8c714,07-12-2025,Local Bakery,3506.21,inr,Pending,Healthcare,A37,Duplicate?
876b4d4c-4896-4c35-955b-4e4451bcd0d7,17-07-2025,Ola,1404.67,INR,FAILED,Healthcare,A25,SUSPICIOUS
16c6e927-e53f-4e78-a687-1abae2f0201f,2025/06/18,IRCTC,1917.1,INR,failed,Transport,A16,
da4b409a-9286-46b9-b950-428ad87cd4bd,2025/12/20,Swiggy,4363.03,usd,FAILED,Cash Withdrawal,A19,Duplicate?
08186852-0449-4ac3-bc67-846041b5ff64,08-06-2025,Swiggy,3570.91,USD,SUCCESS,Healthcare,A37,Refunded
,22-04-2025,Flipkart,3267.17,inr,success,Travel,A31,SUSPICIOUS
16edfe9c-acd0-49b4-9a49-357abe0a339b,26-05-2025,IRCTC,2572.58,usd,Pending,Travel,A3,Refunded
d93e9c4a-0df0-4541-a77d-c7c196b23a1d,05-10-2025,Ola,2953.4,USD,SUCCESS,Entertainment,A27,Refunded
e5b1ef90-4f56-4f27-b74a-40ba0430b7fc,03-03-2025,IRCTC,2855.49,USD,FAILED,Healthcare,A19,
8f6bcf9a-bce6-4b4e-9a25-06b775625c8a,23-01-2025,Ola,$2453.99,USD,success,Utilities,A3,SUSPICIOUS
51592ef8-174d-4be3-ad4b-6db914ddca86,20-11-2025,Local Bakery,464.83,USD,success,Healthcare,A42,
14ee5879-b825-4859-9d42-91a843557fae,28-06-2025,Ola,302.11,USD,FAILED,Transport,A5,Refunded
7ca3e43c-4562-4354-b6d5-99ce29c5dba6,06-03-2025,Google,1881.13,INR,success,Food,A9,Duplicate?
76289328-3125-4cb1-adcd-d8fc6d180400,15-01-2025,Ola,2330.56,USD,failed,Transport,A16,Anomaly check
,15-01-2025,Netflix,4597.27,inr,Pending,Entertainment,A4,SUSPICIOUS
26714623-16ef-4a09-b74a-0837ee807721,12-09-2025,Amazon,3524.05,INR,SUCCESS,,A35,SUSPICIOUS
3098d7d2-5eec-4dfa-adcf-3dd327aba57f,09-08-2025,IRCTC,2892.68,INR,Pending,Food,A36,
,27-07-2025,Shell Petrol,4386.46,INR,failed,Transport,A32,Anomaly check
0593055b-c11b-4a49-8867-baf00356a184,2025/11/30,Google,2325.6,USD,success,Healthcare,A6,SUSPICIOUS
9d15bd74-413f-42be-8a51-3cc9211d5eb1,09-08-2025,Apple,$2556.97,USD,FAILED,Other,A29,Anomaly check
f121c21b-0f5f-45cc-a34d-e31509ac4de3,11-11-2025,Ola,815.78,usd,Pending,Shopping,A26,Refunded
6fe1f783-b8b1-42d5-b6c5-a880fbde2f47,2025/07/07,Uber India,1562.64,INR,success,Food,A50,
a8d3074e-2eb7-4b7f-9044-c46d17d53a0e,02-05-2025,Netflix,3351.17,inr,PENDING,,A49,Anomaly check
565bb7f5-d5ee-46dc-9808-54a8f3ebf717,05-09-2025,Google,$4616.97,usd,SUCCESS,Travel,A23,SUSPICIOUS
26555c91-8cc0-444b-becf-909579a65448,2025/08/21,Netflix,1726.31,INR,SUCCESS,Healthcare,A41,
9a88fed6-24cc-49f4-8308-7fedf3b099f3,2025/04/14,Flipkart,3229.34,inr,failed,Cash Withdrawal,A31,Duplicate?
b1a441f1-5dcd-4b3e-a845-242e34229daf,2025/09/23,Ola,$1110.22,inr,success,Transport,A4,SUSPICIOUS
9e57308a-2661-4d06-839a-93f87e3f4642,29-01-2025,Ola,746.7,inr,PENDING,Transport,A21,Anomaly check
b0e2b744-0a50-4888-82d2-52b9deba1652,23-03-2025,Shell Petrol,2844.34,USD,FAILED,Shopping,A41,SUSPICIOUS
42ccfcdb-905c-41fe-97a2-e77686a1481a,03-05-2025,Zomato,2239.08,INR,SUCCESS,,A6,Duplicate?
80849551-5ace-4e5e-bafb-19d057fbf665,30-04-2025,Google,4814.25,USD,failed,Other,A6,Duplicate?
51741d21-2d31-4592-aa74-c62b665f6e09,2025/03/19,Local Bakery,3109.09,USD,Pending,Transport,A39,
8eaa4e4a-208f-4437-9cb4-c9d368048ea8,2025/06/03,Swiggy,1058.91,USD,SUCCESS,Entertainment,A50,Refunded
706d23ba-9642-45c0-b323-ae8f2889cdb2,2025/10/17,Flipkart,2900.81,inr,FAILED,Healthcare,A7,Refunded
45c039cd-af04-4971-838c-126819d500cf,2025/06/21,Local Bakery,$164.11,INR,success,Cash Withdrawal,A24,Anomaly check
d449652c-8670-4920-a7bf-bb4cd9fa4b20,25-10-2025,Local Bakery,2868.49,inr,SUCCESS,Cash Withdrawal,A28,
f8479655-dde4-4734-a2a7-f192573fa65c,2025/06/26,Uber India,2540.07,inr,Pending,Shopping,A47,SUSPICIOUS
61be35b5-a524-418c-b4e9-d99c665efe0b,2025/12/29,Zomato,4819.86,inr,FAILED,Other,A23,Refunded
794ebdc3-fc42-44e0-a7ff-2d3638d4df81,2025/06/04,IRCTC,$3650.6,INR,success,Food,A10,Anomaly check
4b7f911a-e044-41d3-a2e0-08bab97f629b,2025/04/30,Uber India,3138.55,inr,failed,Healthcare,A5,SUSPICIOUS
347339b8-14b9-4512-a280-2394bb9347a3,2025/08/25,Amazon,3668.43,INR,PENDING,Entertainment,A40,SUSPICIOUS
670c2fea-48cb-428a-91a8-18e9057c287a,07-11-2025,Ola,1175.62,inr,PENDING,Utilities,A39,Anomaly check
9b8eabb1-dd2d-487b-927e-e31189054976,2025/11/16,Spotify,1363.33,USD,PENDING,Entertainment,A30,Anomaly check
b2dba001-d444-4db7-b1f6-8e4148517a29,2025/06/04,Swiggy,2947.56,usd,failed,Entertainment,A26,SUSPICIOUS
9ff54fab-7f8b-4af2-a3db-f73766a45542,2025/03/26,Shell Petrol,$490.98,usd,PENDING,Food,A15,Duplicate?
c469dfd9-bce5-4453-80ae-1716712dc0ff,15-06-2025,Amazon,3861.81,USD,SUCCESS,Travel,A2,Anomaly check
a39e79ea-1141-4044-a2df-796bea08eb1c,2025/08/09,Shell Petrol,3571.15,usd,Pending,Travel,A36,Duplicate?
20a4b9c9-9330-4439-9c2a-d5dd702fd15d,2025/09/09,Flipkart,4943.39,usd,PENDING,Other,A34,
75cf065c-a400-43c6-9b4f-14dca1680380,2025/02/01,Ola,428.6,USD,PENDING,Shopping,A40,
,2025/09/02,Apple,$2632.34,usd,Pending,Other,A11,Anomaly check
b84078a6-b81f-4505-8232-9bbeea9ad7d8,15-05-2025,Local Bakery,$2352.67,usd,PENDING,Other,A29,Refunded
9fdebbe9-c32a-4c43-8444-0537df656b8f,06-01-2025,Shell Petrol,4390.74,inr,PENDING,Entertainment,A10,Anomaly check
804ef087-219b-4231-aca8-f6642b6300ca,2025/11/15,Ola,$2580.4,INR,PENDING,Shopping,A17,Anomaly check
8d015c62-2e94-4725-a521-0edae0f6974b,2025/10/14,Ola,2336.82,USD,FAILED,,A17,Anomaly check
c6c982c0-75c8-4751-a642-db2fd3c595f3,22-10-2025,IRCTC,1011.91,INR,failed,Shopping,A10,
a5074d05-54de-45e2-8a57-8e184ee03769,22-11-2025,Local Bakery,$1153.29,USD,SUCCESS,Transport,A32,
aa516a56-3b0e-4bc7-889d-cc7c9038692d,01-01-2026,Ola,391.97,usd,success,Food,A17,
89fcc240-6af4-44af-862b-95a967df6378,2025/02/06,Zomato,3224.19,usd,Pending,Utilities,A28,Anomaly check
5b746ab2-6bab-4b0e-8939-94de622c2bcb,2025/06/22,Zomato,1052.16,INR,PENDING,Healthcare,A43,
f21f75e3-8db4-4f6f-a03d-ee28f4877f71,2025/08/18,Local Bakery,1220.85,usd,Pending,,A36,Anomaly check
2a6ffd2d-7861-4319-aeeb-b9587531a90b,19-02-2025,Shell Petrol,57.8,INR,PENDING,Shopping,A20,Anomaly check
8b5186c7-92b8-4dcb-a799-090a241ac2b1,20-12-2025,Apple,762.0,USD,SUCCESS,Shopping,A41,Refunded
d912e2df-842b-4932-99c1-47710f00ebe1,2025/07/02,Ola,3656.33,USD,SUCCESS,,A43,Refunded
ddeff697-41db-4a8f-90b8-d2fbcadb74f9,29-07-2025,Amazon,$330.7,usd,FAILED,,A25,
207d2768-a973-45fe-9aee-af109ef3a167,2025/09/27,Flipkart,$4228.51,INR,PENDING,Other,A16,Refunded
6efa8d1b-ccb6-4cc8-b4e7-2e18ea72793d,24-04-2025,Zomato,4161.72,INR,FAILED,,A10,Duplicate?
3a3f93fa-1b0a-4e6a-b8bb-23c92eeb91a2,2025/07/07,Google,267.06,INR,FAILED,Other,A32,Anomaly check
f638c1e6-2c92-486f-858a-4c543143f7f3,2025/05/01,Ola,278.4,inr,FAILED,Healthcare,A37,Anomaly check
868ac3af-f49d-48a9-a8a7-c57f8552a341,2025/01/01,Swiggy,1569.14,usd,FAILED,Utilities,A7,Refunded
864c1b1b-0103-4f86-aeb1-a5c2da3f7ebe,24-08-2025,Apple,$4467.39,inr,FAILED,Transport,A4,Duplicate?
e726c36a-a8f2-406c-a598-6599f745e60d,01-10-2025,Uber India,3127.34,usd,PENDING,Cash Withdrawal,A24,Refunded
48d7f925-5867-4356-9c2a-821bda7df0bc,2025/01/26,Flipkart,750.25,INR,success,Entertainment,A47,SUSPICIOUS
d4c35cd5-63b4-4fc7-a177-2b628718c3c5,2025/09/18,Local Bakery,1909.77,inr,SUCCESS,Other,A47,Anomaly check
8854cc64-3c33-4ab6-9f09-693f1e231666,2025/11/17,Google,2666.8,usd,SUCCESS,Transport,A21,Duplicate?
c566309c-3856-42f2-93e5-612482057df8,20-03-2025,IRCTC,$792.3,USD,failed,Shopping,A4,SUSPICIOUS
b805b6e5-9a7e-4079-b592-f0b007498d25,17-03-2025,Local Bakery,2430.03,usd,failed,Travel,A13,Refunded
9d2f1ee8-4c6f-4a95-96e1-8a6769954ffd,02-05-2025,Apple,2425.35,INR,FAILED,Transport,A39,Refunded
5611de91-d24c-45de-9ea4-b1527c1b7bea,24-09-2025,IRCTC,2921.18,USD,FAILED,,A29,Duplicate?
66ba2cb1-475f-4d18-ab25-d204a0c6ecaf,11-11-2025,Netflix,$3505.4,usd,FAILED,,A47,Duplicate?
575a7253-bd7c-4282-870d-44a092bc49c7,13-09-2025,Google,2017.76,usd,failed,Cash Withdrawal,A36,Refunded
54fc83eb-89fd-4251-9eb1-1d36c7b69e3f,2025/11/29,Ola,4704.48,usd,Pending,Utilities,A33,Refunded
019c5982-1e24-4990-8afb-e4ea1af25ab8,27-09-2025,Ola,2497.06,usd,PENDING,Utilities,A30,Duplicate?
15e72ee9-6799-4f6e-851d-670b5bd25acb,02-02-2025,Amazon,$2437.62,usd,failed,Food,A5,Duplicate?
bca245dc-47de-4951-928d-f921f0546422,2025/08/11,Shell Petrol,4363.92,INR,SUCCESS,Healthcare,A31,Refunded
c6205eb2-62fc-45d8-9502-bd098856b0f6,28-03-2025,Flipkart,4223.89,inr,PENDING,Travel,A46,Duplicate?
a2fcf854-c663-49c5-9a39-4e89d345edb3,2025/10/24,IRCTC,$212.77,inr,Pending,Utilities,A44,Refunded
238619b8-06de-47a8-8ca8-378bf21c4172,2025/11/04,Netflix,4113.21,USD,FAILED,Travel,A37,Refunded
0e9b8c6c-7a16-4b61-a4a7-5d1e35359108,11-12-2025,Zomato,$807.46,inr,failed,Travel,A8,Anomaly check
6f5efc9d-2c33-4fad-88fa-f15209b2bf83,2025/06/03,Uber India,2891.49,USD,FAILED,Entertainment,A20,Anomaly check
b29ccf06-172f-4bb5-8507-0e41afb25fe8,2025/07/03,Google,3698.93,INR,SUCCESS,Healthcare,A39,Duplicate?
8d91a403-66cb-4763-827b-7f494c8ca98b,2025/09/30,Local Bakery,1710.72,INR,failed,Healthcare,A18,
42e87705-5699-479a-ba0b-05c605522444,2025/08/13,Zomato,$3361.58,INR,success,Cash Withdrawal,A22,Anomaly check
75019a3e-23ca-475d-afec-e190997e5128,05-01-2025,IRCTC,1239.22,usd,failed,Other,A24,Refunded
cee9c8f9-d757-4621-bc14-ac8dacebf5a6,2025/07/09,Uber India,$820.81,inr,PENDING,Other,A7,
6be14d33-288c-46ef-8838-1146880a6dda,2025/02/22,Zomato,403.89,INR,failed,Travel,A10,Duplicate?
1689b3d3-71e7-439e-a65a-f263ba45dde9,2025/12/16,Amazon,4348.78,usd,FAILED,Healthcare,A26,Anomaly check
4387ea7c-5eed-44b8-905a-4e7a57b2883a,2025/09/19,Zomato,4574.59,inr,success,,A44,Anomaly check
1e3c7acb-b84b-472b-9bb4-4a996d2259ac,2025/11/04,Zomato,66.22,usd,PENDING,Food,A8,Refunded
45b4bfc0-e2f6-4945-bed3-2eeec6e7174c,2025/08/14,IRCTC,$4170.06,usd,SUCCESS,Entertainment,A17,Duplicate?
e23a616f-14a1-4e76-96d5-8d0a1afae45f,2025/12/23,Shell Petrol,2527.89,USD,Pending,Food,A33,Anomaly check
39f1c3eb-a87e-43d8-a848-74336453fb5e,10-09-2025,Uber India,2752.89,inr,failed,Transport,A27,Refunded
5b199e08-ff76-4b93-8f63-a609c16ea0d5,02-06-2025,Amazon,$2376.46,inr,SUCCESS,,A50,Refunded
e81b04bf-4894-4b50-baa9-88c2483b0305,2025/05/19,Flipkart,$3752.94,usd,Pending,Food,A38,
459758b0-9b08-4b70-b28b-b5966e0f66ce,2025/03/18,Netflix,425.96,INR,PENDING,Transport,A34,Anomaly check
e94da3fb-21e6-4e23-bf6f-ff7812fb8a27,2025/10/16,IRCTC,190.78,INR,SUCCESS,Healthcare,A11,Anomaly check
52ce4d12-20b8-4e8e-bf49-8cd16ac5458f,2025/07/31,Flipkart,4891.46,USD,PENDING,Cash Withdrawal,A46,
aa352b00-8979-4c84-889c-0c2cfdc8fcbb,2025/05/01,Ola,4199.79,usd,success,Entertainment,A2,Duplicate?
,2025/03/01,Amazon,$3843.69,inr,success,Shopping,A17,Anomaly check
1bea191c-3f2c-44ed-8bdf-dc7aeff0aacb,2025/05/18,Google,2877.36,inr,FAILED,Travel,A26,Duplicate?
dc8c7558-5af4-4134-ae8b-90932806db39,2025/11/14,Netflix,$2166.27,inr,SUCCESS,,A42,Anomaly check
cff8cf64-f1e7-487b-9ca0-3ab08d37732b,25-06-2025,Local Bakery,3346.06,INR,success,Shopping,A50,Anomaly check
806b74ed-4105-4ce9-86fa-c8ea308ab3f6,2025/02/07,Amazon,$2159.28,usd,FAILED,Shopping,A41,SUSPICIOUS
7fb3aefb-7d67-4095-b2af-327128c16e01,15-06-2025,Zomato,294.42,USD,success,Entertainment,A13,Refunded
30958513-bd27-454c-8b18-22d5a963cb62,15-11-2025,Flipkart,$3214.26,usd,success,,A45,Anomaly check
b2eafc72-9b4e-44de-80fd-874f9a7ef839,20-08-2025,Uber India,2477.19,INR,Pending,,A44,Refunded
9b17cbe4-0df4-4d12-aa8c-359d31c36f03,05-12-2025,Spotify,$3444.45,INR,FAILED,,A3,
19db15f5-751c-427a-8346-a17b9fb39edb,2025/02/05,Amazon,$4193.31,inr,FAILED,,A13,Anomaly check
5682d495-f1bb-48ce-a55c-6a417dd3baba,01-06-2025,Shell Petrol,1001.26,usd,Pending,Transport,A12,Refunded
917ef827-8dca-486f-8402-f7d2a0006b73,17-06-2025,Shell Petrol,3434.77,inr,success,Healthcare,A50,Duplicate?
e39d7f46-2509-4d2a-8279-b008f166ceda,2025/02/03,IRCTC,759.01,INR,PENDING,Healthcare,A44,Duplicate?
8448b824-de46-49d6-9fe7-f743c4183dab,21-03-2025,Spotify,42.6,INR,PENDING,Utilities,A49,
cdf46008-ef5d-4369-8931-ea3159fb782a,08-08-2025,Zomato,$2234.91,USD,failed,Other,A40,Refunded
b45cc163-9269-40c8-bf40-997417b852af,2025/12/29,Local Bakery,1004.24,usd,SUCCESS,Cash Withdrawal,A15,
75ab78c8-0829-4180-b505-abed6b418644,23-04-2025,Zomato,4978.87,usd,failed,Transport,A6,
47a3e124-7ce1-47d5-96f0-51612e27f8b0,27-06-2025,Zomato,1775.27,USD,SUCCESS,Food,A47,
4197cc31-92cb-4786-b4c7-377a80979b64,2025/01/23,Amazon,321.19,usd,PENDING,Utilities,A13,Anomaly check
f64190bd-1309-4a07-a811-e11dfcb040d4,27-12-2025,Zomato,3949.01,usd,failed,,A26,Duplicate?
c7374d83-89dd-42ed-9c94-9c3245d23d54,2025/06/03,Amazon,4604.9,INR,SUCCESS,Shopping,A23,SUSPICIOUS
7d8746cd-75e7-40c6-abc6-15a7013e3efb,10-06-2025,Uber India,1298.9,inr,failed,,A1,Refunded
62554e93-ede0-4dc1-b650-ac84c7a42562,18-06-2025,Swiggy,433.34,USD,success,Cash Withdrawal,A10,Duplicate?
0da4dee7-d39e-4e41-8783-fb41e5bfc1b0,08-09-2025,Apple,4165.08,usd,SUCCESS,Travel,A11,SUSPICIOUS
930eb3a5-e35a-4db6-8c95-44d3418a515b,2025/01/18,Local Bakery,4268.73,USD,Pending,,A10,Refunded
4d882bcf-0060-4f52-a02c-7616644262a4,2025/09/10,Google,3934.01,INR,SUCCESS,Healthcare,A10,SUSPICIOUS
8e24f48a-c136-42cf-a77c-3c18150374d7,04-10-2025,Swiggy,377.15,USD,failed,Shopping,A27,Refunded
6d8b791a-5ea6-43e7-8b88-463ee6a6ffcf,2025/11/30,Netflix,4510.23,usd,SUCCESS,Other,A15,Duplicate?
,2025/06/15,Ola,1813.14,USD,FAILED,,A2,Duplicate?
dffc7b60-b954-4d35-9cb3-8a3a6d517c46,10-01-2025,Local Bakery,$3640.13,INR,success,,A47,Refunded
0769dcc2-1131-4ba1-a240-931f40e8beec,20-06-2025,Uber India,2672.95,INR,Pending,Other,A37,Duplicate?
fe285e34-daa4-48ae-909a-1bd0ad45231c,05-07-2025,Zomato,1877.54,usd,failed,Travel,A38,
7f71c745-9c20-4871-8ed5-c6e0bb9d8a63,2025/07/23,Local Bakery,2706.54,usd,failed,Other,A25,Duplicate?
2f2c96ae-8126-427d-b50c-e20d1fdcd8a4,12-07-2025,Ola,1608.69,inr,failed,Travel,A43,
8874ec9a-ed82-4fa0-8f40-a3a4a8b1eb79,2025/01/23,Spotify,4200.13,inr,FAILED,Cash Withdrawal,A20,
fc3d3782-f228-470e-8ff1-7496b9a7f47b,2025/01/12,Swiggy,4006.05,INR,PENDING,Other,A44,Refunded
a8ea339e-2b99-488a-bde4-f778e8482fd0,01-10-2025,Amazon,$4377.13,inr,PENDING,Cash Withdrawal,A16,SUSPICIOUS
61cab1ed-f5c1-4b52-b445-95ae3539e3a9,2025/02/07,Flipkart,408.68,USD,PENDING,Cash Withdrawal,A14,Anomaly check
cab60596-396c-4cf7-a0df-6a0202b3ec42,13-10-2025,Google,856.81,INR,PENDING,Travel,A34,SUSPICIOUS
d132de2b-22fb-4d29-84e1-bae919caec09,2025/09/18,Amazon,3328.22,inr,FAILED,Entertainment,A14,Duplicate?
4729878a-f3df-42e7-a361-35de5cfa810e,12-11-2025,Netflix,4537.47,usd,success,,A49,SUSPICIOUS
,2025/03/15,Amazon,$3872.45,USD,Pending,Other,A6,
77683e2d-46c6-483b-83fc-794c0e07f650,2025/10/21,Amazon,2787.55,INR,SUCCESS,Utilities,A16,Anomaly check
cc660b63-1fe0-4995-8303-fa20cb7fc55b,15-05-2025,Zomato,$3363.97,usd,success,Travel,A7,Anomaly check
b733216d-d8a1-44e0-9be1-f0dcc76f11b3,16-06-2025,Ola,3199.77,USD,FAILED,Food,A8,SUSPICIOUS
2f4d6cd5-1a58-4eac-95a7-f16aba59060c,2025/05/08,Amazon,27962.47,USD,PENDING,Cash Withdrawal,A23,Refunded
473bae38-cc25-48f2-8f00-7f0f4d2deeb3,14-10-2025,Local Bakery,2467.58,inr,Pending,Cash Withdrawal,A29,SUSPICIOUS
,2025/01/31,Flipkart,4638.51,usd,PENDING,Cash Withdrawal,A46,
51b3eb4a-ff5c-4e09-9506-eef8d1dea374,05-12-2025,Apple,2880.51,INR,PENDING,Healthcare,A36,Refunded
34fbadea-fcbb-401c-9715-149338e773bf,06-02-2025,Flipkart,2518.41,INR,FAILED,Cash Withdrawal,A20,Refunded
d1877d1a-cb45-425d-b5d0-808c90819ae6,2025/02/13,Swiggy,$80.7,inr,SUCCESS,Healthcare,A14,SUSPICIOUS
2fa7c640-fd62-4a7f-b9e7-fa67c61dd493,2025/03/17,Zomato,4035.14,inr,Pending,Other,A29,Anomaly check
e9043275-93b9-4bda-87d7-375abf360a78,01-10-2025,Zomato,2769.5,USD,failed,Healthcare,A15,SUSPICIOUS
cfa820ce-4392-4454-8b64-76398929098b,16-08-2025,Ola,401.15,usd,PENDING,Cash Withdrawal,A12,Anomaly check
649c8f60-7dbf-4b9f-b0d4-4031ce6a415a,11-11-2025,Apple,860.41,INR,failed,Other,A7,SUSPICIOUS
d3cd1ca3-83e3-46f7-95fd-fcbdde1119e2,15-08-2025,Amazon,1840.33,usd,success,Other,A45,Refunded
4dde8a38-d0ea-4ee6-9f9e-4e11828750ba,2025/05/08,Flipkart,$3694.37,inr,Pending,Transport,A17,SUSPICIOUS
d1659fc2-cea4-4c3d-aaf7-2722cfc60868,01-02-2025,Shell Petrol,741.98,INR,SUCCESS,Transport,A38,Anomaly check
318ec114-1a72-4144-8582-a60f309b1897,08-07-2025,Apple,3669.47,inr,Pending,,A42,SUSPICIOUS
ebb9bc59-5a39-4336-b869-608dd9805782,2025/05/03,Zomato,2130.79,USD,SUCCESS,Entertainment,A7,Anomaly check
215e868a-7f1a-43c6-9300-f2375fd4fc96,02-10-2025,Local Bakery,4582.15,usd,PENDING,Other,A43,SUSPICIOUS
d6b5297c-f022-4345-aa1f-9abb88b3be50,11-10-2025,Shell Petrol,1664.18,inr,Pending,Food,A44,SUSPICIOUS
5bdf675d-f3b1-41b6-acee-3329ddf1f6a3,22-11-2025,Shell Petrol,$377.18,usd,Pending,Healthcare,A14,
182d4eee-ba68-441d-b2c6-df3a2270edf1,16-08-2025,Shell Petrol,4714.76,INR,Pending,,A5,SUSPICIOUS
d72ab306-52da-46af-ae86-aef7e4288dae,2025/07/20,IRCTC,4631.2,USD,PENDING,Food,A23,Duplicate?
3ff0ad0b-87f9-41ea-bec9-27fe02be4596,25-01-2025,Uber India,1691.11,inr,SUCCESS,Travel,A42,SUSPICIOUS
6dd6a546-3400-4e56-a80d-a454d47e498d,2025/12/24,Uber India,4691.69,USD,failed,Shopping,A25,
08831ac5-7b3e-4656-ab4b-c16dd5ef98cb,2025/11/08,Uber India,522.94,usd,FAILED,Shopping,A8,
9ebd090e-d9bc-4120-af2f-81f5daa72aa4,2025/08/12,Apple,252.8,usd,Pending,,A24,Anomaly check
480cc56b-3f77-46a7-aa5c-050da05c7f92,2025/01/29,Uber India,$640.59,INR,SUCCESS,Travel,A36,Duplicate?
bdfa5322-2006-4590-9df7-e4a606934f62,2025/12/15,Local Bakery,2643.81,INR,SUCCESS,,A19,Anomaly check
d34521f5-737c-4602-af38-343c89be2ada,2025/10/05,Netflix,2641.99,USD,FAILED,Shopping,A4,Anomaly check
6a765f69-a3ba-441f-9fe0-46051809a43b,27-09-2025,Swiggy,$948.03,USD,success,Entertainment,A48,SUSPICIOUS
4e66b7a9-d05c-4a91-9509-aae9c8b9386c,2025/07/06,Swiggy,1325.06,usd,success,Healthcare,A44,Refunded
8cd17b38-a470-4cb6-a3fe-5e3704b00dc8,01-01-2026,Amazon,3931.31,USD,Pending,Transport,A43,
42c50d4c-3b86-4367-bc97-c6a291f68805,17-03-2025,Google,1328.95,usd,success,,A27,Anomaly check
c9732eb1-f3a9-43dc-a399-38310f3f7b04,2025/08/01,Uber India,934.96,inr,Pending,Food,A25,Duplicate?
,2025/02/23,Google,4987.8,usd,failed,Food,A37,Anomaly check
cd42cfff-dee3-48c7-9fcc-183bea47dfc6,15-07-2025,Zomato,2777.36,USD,PENDING,Shopping,A37,Refunded
13124033-ff0d-40e7-a7cc-f1465a016ac6,13-01-2025,Spotify,$1349.74,INR,FAILED,Shopping,A25,Refunded
fd2e84ab-33c5-44f3-aafe-3d7166ef793f,07-05-2025,Flipkart,3914.73,usd,SUCCESS,Shopping,A20,
19ce30c3-8e08-4cfe-bbae-55c1a1ef6e69,2025/07/28,Amazon,$3194.74,usd,FAILED,Travel,A26,SUSPICIOUS
defba417-34fa-46e0-901a-9dece6aca0e5,2025/07/09,Shell Petrol,$2035.42,inr,failed,,A19,Duplicate?
a2c9864d-c0f6-440d-bbf2-e28cef72c8dc,21-02-2025,Shell Petrol,1525.67,usd,Pending,Travel,A6,
3aef929c-b453-49e7-9daf-31b85c3d2f05,2025/05/29,Spotify,49.78,INR,Pending,,A13,Refunded
91fda677-9e18-46bf-a039-53cc9cfa4a70,21-01-2025,Local Bakery,4082.67,USD,PENDING,Cash Withdrawal,A38,Anomaly check
fdcd10ec-48c6-4d60-bbd9-c60949a214c4,12-04-2025,Swiggy,4219.05,inr,success,Shopping,A21,Duplicate?
49c17937-60e1-43a2-8430-430a31860912,2025/12/09,Uber India,$4697.48,USD,PENDING,Utilities,A4,SUSPICIOUS
666f4346-bea7-4477-be47-0c6ef126820b,2025/10/19,Spotify,3732.16,INR,SUCCESS,,A8,Anomaly check
e354dc48-7a6c-435c-ae97-6a00c5c708cd,21-11-2025,Netflix,1297.65,USD,success,Shopping,A14,Anomaly check
3292e55c-671c-437d-9c12-7bfed47620cc,2025/04/27,Apple,2110.53,inr,Pending,Food,A43,Duplicate?
49fc5c11-7e0b-4524-97fa-26a03b10a8fd,2025/08/27,Flipkart,3730.75,USD,PENDING,Transport,A35,
a7ce6e08-7f8e-4bfa-92e9-8aa3be01eaa3,31-07-2025,Shell Petrol,639.0,USD,FAILED,Transport,A21,SUSPICIOUS
a7ce6e08-7f8e-4bfa-92e9-8aa3be01eaa3,31-07-2025,Shell Petrol,639.0,USD,FAILED,Transport,A21,SUSPICIOUS
954f8330-a1b7-4595-98ed-00b83c6fa2dd,11-09-2025,Amazon,4551.83,USD,PENDING,Transport,A45,
adccac51-b52f-4718-a7f8-f2abdb32e19a,21-02-2025,Swiggy,687.62,usd,FAILED,Shopping,A9,
,2025/06/17,Swiggy,$588.28,INR,failed,Healthcare,A16,SUSPICIOUS
95b668f8-6f24-47f5-bbfc-4d0138adee98,2025/08/22,Local Bakery,1889.49,USD,failed,Utilities,A29,
5a3f8d6c-bd96-470e-abb3-c285f3fb9b3b,05-01-2025,IRCTC,$2390.9,INR,Pending,,A41,
faeb356c-2614-4523-98e9-9b739620d790,2025/09/12,Zomato,3384.2,USD,success,Healthcare,A27,Refunded
5f779336-b8cf-4a0a-9ebc-2228d85ba13c,20-10-2025,Amazon,296.78,INR,Pending,Other,A16,SUSPICIOUS
9395a320-e373-426f-954e-0c5fd2d933ba,03-09-2025,Zomato,3245.51,usd,success,Utilities,A18,Duplicate?
8fec330d-5ada-490c-99e3-04bb19235280,07-01-2025,Spotify,3970.62,USD,Pending,Travel,A1,SUSPICIOUS
29f97fc5-6faf-4e8c-8042-506e73762b0a,2025/09/24,Local Bakery,2595.04,usd,FAILED,,A27,Refunded
93d41bf7-736f-4918-9572-57c04722a6d2,13-05-2025,Netflix,$3168.89,usd,Pending,Utilities,A49,Duplicate?
c88b64a2-4d7a-4f32-a7e0-8da02ace6ba6,2025/09/09,Uber India,$2375.29,inr,SUCCESS,Shopping,A3,SUSPICIOUS
39a26c0a-9942-4a6e-b507-fca9b80f4026,30-01-2025,Shell Petrol,1253.77,INR,success,Transport,A40,Anomaly check
dfa07bfe-7b84-477f-bdad-279741fb8db4,24-03-2025,Shell Petrol,630.84,INR,SUCCESS,,A46,SUSPICIOUS
abc03c8b-d579-457c-b675-28c2d94c8db0,2025/09/04,Shell Petrol,$1825.72,USD,failed,Entertainment,A11,Duplicate?
e8e96677-ef3c-486c-9278-4d3cf8f2f4b3,29-10-2025,Zomato,1960.73,USD,PENDING,Transport,A3,Anomaly check
cc55a983-b436-46a7-8445-176e99924109,2025/08/20,Netflix,4895.96,inr,SUCCESS,Entertainment,A27,Anomaly check
b049c6ad-3189-41e9-9e6f-f5877a67e16b,2025/07/10,Swiggy,3585.49,INR,SUCCESS,,A44,Duplicate?
e6de2514-0e56-4d4a-b089-5898b2afc3ab,15-06-2025,IRCTC,$375.12,inr,PENDING,Transport,A3,SUSPICIOUS
355455cc-29a8-4593-9b12-c9088f3b48aa,2025/09/23,Shell Petrol,2986.24,usd,failed,Entertainment,A33,
ee24f500-8b5a-42e4-a7fe-2cf498bef0c4,2025/02/05,Flipkart,4644.03,inr,SUCCESS,Utilities,A45,Anomaly check
712dce42-38be-441d-94a7-aee4981cf177,2025/04/17,Flipkart,2881.54,USD,success,,A16,SUSPICIOUS
f37a785e-ade6-4d0e-848a-d5e07f21420b,2025/11/21,Google,4404.21,INR,Pending,Shopping,A31,Anomaly check
ffb8b600-217b-4685-b3eb-7c6ce8c022b6,28-03-2025,Zomato,4545.45,inr,FAILED,Entertainment,A8,Refunded
50fe766c-3a40-4ced-a6b9-1a037a000da3,2025/04/30,Google,4842.11,USD,success,,A29,Refunded
5d89be37-6097-4093-897f-381b8ad6a488,2025/06/06,Amazon,3299.94,usd,success,Utilities,A1,Anomaly check
a60c307f-84a7-4a34-9451-656799755e02,15-07-2025,Spotify,97.54,inr,failed,Entertainment,A43,
574fd2b2-0dda-4039-a9d4-39edf06f9980,2025/02/12,Swiggy,$959.76,inr,Pending,Utilities,A8,Refunded
,2025/01/18,Zomato,2989.57,usd,failed,,A47,Anomaly check
a5106fd4-1a84-4122-a038-8f52888a4d8c,2025/02/01,Flipkart,2976.13,inr,SUCCESS,,A34,
a1f44d3b-dfc5-45c4-9e6c-ba39409baeb4,28-01-2025,Ola,1644.88,USD,Pending,Shopping,A24,Refunded
76943aab-ab26-4783-bf6f-33368d497e0b,27-09-2025,Apple,830.39,inr,PENDING,Travel,A30,Duplicate?
47c90dcf-0934-4bdb-85f3-4fe661d2d0ab,24-06-2025,Google,839.9,INR,FAILED,Entertainment,A48,Refunded
272f1070-f512-4794-8d3e-42e4110e1049,2025/06/27,Amazon,3040.73,inr,FAILED,Other,A41,Refunded
11fb1878-8ec2-48dd-93be-430ca5790cdf,31-01-2025,Swiggy,4350.04,USD,FAILED,Transport,A6,Duplicate?
0ef05374-dbe4-4c88-a185-d9a2eaccfe46,29-09-2025,Local Bakery,$3889.24,inr,Pending,Utilities,A35,SUSPICIOUS
18065037-88e1-4146-bffa-08fdde0c2ecc,20-01-2025,Amazon,2685.44,USD,FAILED,Healthcare,A8,Anomaly check
04a13260-cef9-4dc0-aec4-99bdb4ded525,02-07-2025,Apple,4698.79,INR,success,Entertainment,A38,
74f2ed26-28ce-41d4-9605-4eecca5e7166,2025/09/21,Spotify,2102.17,USD,FAILED,Other,A43,
e901f547-500c-4ed2-90d5-b59606174f31,2025/02/04,Uber India,179.95,USD,PENDING,Travel,A44,
08b28322-a213-4067-a914-7acc8b251f25,2025/01/30,Local Bakery,1896.41,inr,SUCCESS,Entertainment,A29,Duplicate?
,26-02-2025,Shell Petrol,$1657.55,inr,failed,Transport,A30,
220f6cf7-93d2-4889-a937-693150682bdb,29-05-2025,IRCTC,245.32,INR,failed,Other,A31,SUSPICIOUS
2ac9dfe0-4ef8-4044-a9d8-5fff96b735b9,26-03-2025,Zomato,4980.58,usd,Pending,Cash Withdrawal,A14,SUSPICIOUS
593beaa2-70a5-46d4-83f4-5bc29660e228,2025/12/03,Zomato,$3043.42,usd,SUCCESS,,A24,Refunded
9f7cbb35-b7ac-4900-bafe-12b85633d3ac,2025/03/21,Netflix,$4770.18,INR,Pending,Other,A26,SUSPICIOUS
cc004891-dad0-4fe5-ad82-49f3176e3044,01-03-2025,Swiggy,2424.02,USD,FAILED,Shopping,A44,Anomaly check
1a39d13d-390c-4efb-b36a-f55f938b4734,28-09-2025,Google,270.5,usd,SUCCESS,Utilities,A20,
c37ce57b-ffcf-4597-84e6-de3378b9b29d,19-01-2025,Spotify,3710.9,INR,FAILED,Entertainment,A50,
205d623e-e6d8-45fa-937c-8e4b8ebf4b3d,2025/12/17,Spotify,3383.57,inr,FAILED,Travel,A10,Anomaly check
32806786-e7f3-416f-9419-17e12304f614,03-06-2025,Amazon,2593.92,usd,PENDING,,A12,Anomaly check
,2025/11/18,Amazon,3352.77,usd,FAILED,Entertainment,A28,Duplicate?
4a0326fd-42a0-4687-9d54-b645f05c1353,2025/04/09,Local Bakery,$1880.78,usd,SUCCESS,,A2,Anomaly check
9dd69139-34f7-42ab-aae9-2e5c78a630c0,16-02-2025,IRCTC,688.59,INR,failed,Other,A45,Duplicate?
8374656f-1b73-4c2f-91b9-dfa90ac9041a,2025/06/17,Swiggy,4035.83,USD,failed,Other,A13,Duplicate?
97e33719-6045-42b8-8401-16b1f12408f1,2025/12/10,IRCTC,601.86,inr,success,Food,A39,
3f8d3702-626f-4d53-b69f-a34e8f77f025,24-08-2025,Amazon,$160.97,USD,FAILED,,A33,Duplicate?
3f8d3702-626f-4d53-b69f-a34e8f77f025,24-08-2025,Amazon,$160.97,USD,FAILED,,A33,Duplicate?
9e65327f-c715-42a7-a148-2b364a6f2054,04-04-2025,Netflix,$248.12,INR,FAILED,Transport,A13,SUSPICIOUS
e649af24-af12-4653-998f-47d8326c7ae8,23-05-2025,Spotify,$1284.14,usd,Pending,Travel,A16,Anomaly check
713c5582-141d-4984-b091-cd62097fe3a5,20-04-2025,Local Bakery,939.87,INR,FAILED,Shopping,A1,SUSPICIOUS
0969fcd0-26f6-419f-ab2f-129f088cd659,02-11-2025,Local Bakery,277.81,inr,SUCCESS,Shopping,A8,SUSPICIOUS
0d33c502-332d-48af-92fd-cb0c9dc44630,20-01-2025,Swiggy,3120.99,usd,success,,A21,SUSPICIOUS
bd3f6ffe-db3f-483f-bf4f-bbbaba418d9b,29-01-2025,Apple,3971.67,inr,failed,Other,A39,Anomaly check
,2025/05/05,Amazon,1659.54,INR,FAILED,Utilities,A48,Duplicate?
,02-10-2025,Uber India,2889.56,usd,SUCCESS,Food,A13,Duplicate?
8f0f741c-43ff-4b84-a39b-b16bf7fc29cc,2025/09/30,Spotify,$4421.31,USD,success,Cash Withdrawal,A25,SUSPICIOUS
9b2cef69-ba13-47a8-abf3-8cfe79646ca8,2025/12/19,IRCTC,$883.44,inr,SUCCESS,Travel,A24,Refunded
667a8213-1016-4755-94ab-f05c41d65353,19-10-2025,IRCTC,2679.09,USD,SUCCESS,,A19,Anomaly check
a6fec5f5-5570-4c7d-bc5c-c207639f5308,28-11-2025,Google,3044.82,usd,SUCCESS,Cash Withdrawal,A10,SUSPICIOUS
c056184d-c0f3-42ea-af6b-dd8158afc01f,2025/01/06,Shell Petrol,4853.15,USD,SUCCESS,Healthcare,A34,SUSPICIOUS
815254a5-15c5-4c5b-8192-df8bd20c2560,27-09-2025,Flipkart,437.26,usd,SUCCESS,Utilities,A23,Duplicate?
d56af4bd-ee84-4279-bbbb-b45dead01601,12-11-2025,Zomato,4535.54,USD,success,,A14,Refunded
3a431449-d040-4abf-8d02-8950bbc27a28,11-04-2025,Spotify,2221.03,inr,success,Transport,A42,Refunded
e0aa2f3a-b0c3-47e9-961a-3877dc793876,2025/11/06,Shell Petrol,4456.38,USD,FAILED,Shopping,A20,SUSPICIOUS
0a02668f-f685-4046-bafd-b5d85a8e6ab3,2025/05/07,Local Bakery,1937.59,USD,Pending,,A6,Anomaly check
,20-08-2025,Netflix,369.71,usd,SUCCESS,Transport,A46,Duplicate?
1da69651-640f-406f-b0c5-0b41647906c8,23-03-2025,Amazon,1127.87,inr,PENDING,Entertainment,A2,SUSPICIOUS
9f016a44-7223-429a-a053-e7229c4d11b4,03-03-2025,Google,128.86,inr,Pending,Shopping,A12,
38aaf6a0-7ee6-41fd-940c-5cc70ffb1b7c,2025/10/17,Spotify,3329.43,usd,Pending,Shopping,A42,Anomaly check
0f3f9a1e-be11-4d77-b318-b307bfb8f8cf,04-12-2025,Flipkart,1080.95,inr,failed,Travel,A42,Anomaly check
677b6d71-baea-4225-9950-efc51f90a869,09-09-2025,Swiggy,1446.31,usd,Pending,Food,A22,Anomaly check
5f1320dc-d4a5-4627-a34b-a7d750d76066,16-04-2025,Swiggy,2239.0,inr,PENDING,,A38,Refunded
5f1320dc-d4a5-4627-a34b-a7d750d76066,16-04-2025,Swiggy,2239.0,inr,PENDING,,A38,Refunded
,14-08-2025,Flipkart,289.23,INR,SUCCESS,Cash Withdrawal,A18,Anomaly check
9139dd0f-0d47-43d7-9c83-90e38a1f2e22,2025/01/16,Zomato,4761.1,usd,PENDING,,A15,Anomaly check
ad535f48-081c-49b5-9096-06a6e015a6c1,06-06-2025,Flipkart,275.1,INR,SUCCESS,Shopping,A25,Anomaly check
7e204148-b37d-40a0-84b8-631ae61a6eaa,16-06-2025,Flipkart,$679.63,inr,success,Travel,A7,Refunded
d3d1abaa-bff8-4f77-8a22-a88d53449a70,2025/03/29,Spotify,701.18,usd,Pending,Travel,A3,
6cfdb1d3-33b5-4871-abb2-96b41dcbea20,2025/10/16,Ola,$797.29,USD,FAILED,Transport,A18,Duplicate?
31448630-fd84-4a22-9275-b1034d0eeb19,2025/03/09,Google,4715.35,inr,failed,Entertainment,A44,
3a585e32-cef4-459e-8a0c-99381dfc4008,26-05-2025,Swiggy,314.77,USD,Pending,Utilities,A44,Duplicate?
dcb14a72-ae05-4dd9-a2d0-4cb54478d446,2025/07/21,Spotify,2911.43,USD,success,Entertainment,A4,
645dfcac-83cb-4088-accd-18119a30071d,2025/01/18,Local Bakery,4762.46,usd,Pending,Other,A30,
d576535d-f922-42dd-aa83-ede3216af762,10-05-2025,Zomato,2491.68,usd,PENDING,Food,A29,SUSPICIOUS
,31-01-2025,Local Bakery,2472.94,inr,PENDING,,A34,Refunded
cf70d1ea-fff2-4e99-92fe-24e2209c3fed,04-12-2025,IRCTC,4024.14,USD,failed,Food,A48,Anomaly check
c0d0b640-ff94-4227-a6b4-c6635cf43d63,2025/04/18,Shell Petrol,$4880.17,USD,Pending,Other,A41,Refunded
45a94f67-6bf3-462c-8c15-38f7778cc8fe,17-05-2025,Local Bakery,1912.26,usd,SUCCESS,,A5,Refunded
b43b0302-8e15-4768-b884-c1c3fd240b0b,2025/12/21,Netflix,3849.08,USD,PENDING,Entertainment,A14,Anomaly check
1a4f05bb-adf3-4606-879b-29620f0c172e,2025/01/09,Apple,$4112.54,USD,Pending,,A34,Refunded
3e6dece1-f44a-45fa-8071-59cd747271da,2025/05/01,IRCTC,$3388.35,USD,success,Other,A14,Duplicate?
f6290a81-2839-4d7a-890b-f0dcb3188ea9,2025/09/09,Zomato,2039.21,usd,failed,Entertainment,A2,Refunded
b9e3e6b4-0663-4a45-9854-68097a17b7ce,2025/10/14,Apple,1779.29,usd,failed,Other,A27,Anomaly check
d3a36288-263d-4d85-acce-69e9bf2d4953,23-01-2025,Amazon,$4203.83,USD,failed,,A5,Duplicate?
f9c98c89-0fe7-46ee-b94f-5e5f768fdffe,11-09-2025,Google,4848.92,inr,FAILED,Cash Withdrawal,A39,Duplicate?
befe8817-f9aa-4cb4-a39b-699bf40ef943,2025/02/14,Swiggy,3501.16,inr,failed,Entertainment,A34,Refunded
c30da567-d977-41eb-8a91-75b5a0a028f8,2025/11/21,Shell Petrol,4285.04,inr,SUCCESS,,A14,Anomaly check
,2025/11/13,Amazon,227.92,USD,success,,A33,
1c29409e-c385-43ec-bbcd-fee5da45b669,13-04-2025,IRCTC,1275.29,usd,success,Food,A3,SUSPICIOUS
801bdf17-ece4-4109-8eab-72d1a84f6776,22-10-2025,Zomato,577.15,USD,Pending,Food,A37,Refunded
3bd99e3f-592e-406b-b714-702c8999c5c6,2025/04/04,Zomato,2092.62,USD,success,,A20,SUSPICIOUS
caf7793f-d296-406b-b83d-2923566ba080,2026/01/01,Ola,$1070.17,USD,Pending,Cash Withdrawal,A15,Duplicate?
a1e9a611-9008-457d-b181-b1e5f401bd47,2025/10/07,Shell Petrol,4472.47,INR,FAILED,Other,A38,Refunded
fddc6fa5-2581-4c30-86c2-999efba0d536,2025/01/30,Apple,1284.83,INR,success,Healthcare,A33,Refunded
6302e1b8-a921-48c0-a7aa-fa9600bba458,23-11-2025,Google,4946.85,inr,failed,Healthcare,A13,
6302e1b8-a921-48c0-a7aa-fa9600bba458,23-11-2025,Google,4946.85,inr,failed,Healthcare,A13,
47afe845-4f9e-41e4-bfe2-1390a56a217b,19-09-2025,Amazon,4233.46,USD,PENDING,,A45,Refunded
a93303e7-1e97-49c8-b0fa-a2bf511922fa,2025/04/28,Apple,$2372.69,usd,success,Utilities,A30,Duplicate?
1d40c1a8-0f97-4e15-b5b6-336e1f8466b0,15-11-2025,Flipkart,$2328.12,inr,success,Shopping,A24,Anomaly check
140bb96c-24fa-4534-956d-15541718bd1a,2025/01/05,Netflix,171.63,inr,SUCCESS,,A14,SUSPICIOUS
179fb7fc-71a8-4f3f-a888-95fae6046c05,01-01-2026,Local Bakery,1133.69,usd,PENDING,Transport,A3,Refunded
3648f7b1-0e3e-45c3-b671-15d9f2dcf26f,2025/03/26,Uber India,3550.57,USD,SUCCESS,,A25,Anomaly check
39aca2f5-fc4f-4a0f-99c1-50b593a4f6f6,2025/05/12,Amazon,4972.14,inr,success,Food,A20,Anomaly check
925800e9-2821-4356-9c9b-e879c79123b9,2025/07/19,Zomato,2735.53,INR,PENDING,Other,A1,SUSPICIOUS
67f3e88c-bf48-4f9a-a975-4a1be0008af7,25-03-2025,Local Bakery,3015.41,usd,PENDING,Travel,A24,Anomaly check
c50f74db-a323-4bbd-a064-94cbde22481c,2025/07/27,Netflix,2355.86,USD,SUCCESS,Utilities,A5,
bbef3a78-f817-47f6-b18d-5b5f4e00d99e,12-02-2025,Flipkart,44.17,usd,success,Entertainment,A44,Anomaly check
29e5dab9-2b3e-45a0-8490-bee530015268,30-08-2025,Local Bakery,$1460.31,INR,SUCCESS,Food,A39,Anomaly check
959077e0-3c6b-43cb-bbf9-e18e8d2d5ce6,2025/02/24,Zomato,4116.39,INR,Pending,Cash Withdrawal,A44,SUSPICIOUS
213b8144-495e-4971-9cf4-c3c18bd3e9ce,2025/05/03,IRCTC,812.67,INR,Pending,Healthcare,A24,Duplicate?
aa3b7500-5308-40f2-a1cc-c2f808d084ca,24-10-2025,Flipkart,2771.24,usd,failed,Other,A4,SUSPICIOUS
1b19a24b-8e7c-4c5d-b24e-99644482c04d,2025/02/07,Ola,853.72,USD,Pending,Utilities,A17,Anomaly check
fe0cbbaf-fdf1-4d61-8dc4-26fcf57033e5,11-11-2025,Swiggy,3415.12,usd,Pending,,A45,Anomaly check
91822ac0-d50f-422f-9c8a-b3e89e022557,2025/06/26,Netflix,4702.34,usd,PENDING,Shopping,A41,Anomaly check
dff6527d-95bf-4e0c-a31b-56e76d6562d3,2025/09/12,Zomato,4174.8,USD,FAILED,Cash Withdrawal,A48,
4cea66a5-0944-4887-bb6b-62c37395105f,01-11-2025,Flipkart,2593.08,usd,FAILED,Travel,A27,Refunded
6313fe9a-9332-4349-a210-996381a6426d,11-10-2025,Shell Petrol,$3803.38,USD,success,Transport,A40,SUSPICIOUS
badd6d45-4960-4030-ba28-1fc418b0d72e,2025/08/30,Spotify,616.05,USD,success,Transport,A11,Anomaly check
d5f547a6-87f5-4967-ae7e-dd3cd57208c5,2025/06/01,Spotify,$4255.9,usd,PENDING,Entertainment,A8,SUSPICIOUS
1a1d7aa4-71f3-4433-b71d-5926970d92e4,21-03-2025,Shell Petrol,$3925.34,USD,Pending,Transport,A50,Anomaly check
08b2d58b-bd46-44d9-8af2-0c4c1692c6d6,2025/02/27,Netflix,$402.74,usd,failed,Food,A32,
5e7ac78f-4397-423b-9dc9-2de9a057a57b,2025/04/15,Zomato,4909.97,inr,SUCCESS,Utilities,A14,
40ec6f6f-c03e-45d9-8b5d-77f840a07e56,2025/01/05,Swiggy,4266.67,INR,SUCCESS,,A31,Anomaly check
2e55dd50-e49b-4619-a460-8169d7fbfab6,30-11-2025,Apple,3118.23,inr,Pending,,A6,Duplicate?
86b56754-16c8-4b3d-9b44-ec096771cbb0,29-11-2025,Local Bakery,4405.84,usd,PENDING,Utilities,A37,SUSPICIOUS
f1b3cea8-397a-4f25-9ce9-760a88b137fe,2025/07/06,Spotify,$786.43,USD,PENDING,Food,A22,Refunded
bf124dff-1990-487c-83d4-5d3b56e4dad0,12-11-2025,Local Bakery,$2234.81,usd,failed,Utilities,A29,
,2025/03/06,Spotify,1148.78,USD,FAILED,,A46,Anomaly check
32e09f7d-a084-4c38-b0ea-e50ccd978157,17-01-2025,Google,$2243.64,INR,Pending,Travel,A5,
ff2f5faf-ed0d-4eb8-a580-d5f52e5cc11b,2025/08/28,Amazon,4415.75,INR,success,Other,A23,Anomaly check
6765d1ee-ec03-4302-bab3-4c200492ffa4,2025/09/03,Local Bakery,34.24,usd,SUCCESS,Utilities,A45,SUSPICIOUS
9e10e894-7d1e-483e-8b3a-bf386025bfcb,2025/12/04,Ola,2729.91,USD,Pending,Travel,A30,Anomaly check
404c2475-1145-41f9-92da-47994830eb1c,2025/08/19,Local Bakery,390.39,USD,FAILED,Utilities,A5,Duplicate?
11ac57e5-e38e-4632-8c84-22c0c8066bd0,2025/05/24,Local Bakery,493.96,inr,FAILED,Food,A21,Duplicate?
9186aaea-ba0c-40ae-bf76-ba7463c5055f,2025/07/22,Swiggy,$3575.25,usd,Pending,Food,A42,Anomaly check
1ead4055-3bf9-409e-b34c-43af9f640919,2025/05/02,Shell Petrol,2820.44,usd,success,,A25,Anomaly check
,01-04-2025,Netflix,$3833.69,inr,Pending,Utilities,A38,Duplicate?
3a8a1255-8f22-4218-b2ff-32db4dda3816,17-12-2025,Apple,4084.81,inr,failed,,A13,Anomaly check
de520e4a-15d3-4924-917c-543450ce7128,27-10-2025,Uber India,2752.63,usd,SUCCESS,Transport,A50,SUSPICIOUS
b35bdf93-1ef1-40fc-9e80-4d96da4b7bd8,19-02-2025,Netflix,1566.09,usd,success,Cash Withdrawal,A25,
353f651d-083f-434e-a87e-a6952a9bd484,04-05-2025,Amazon,2735.55,USD,success,Shopping,A43,Anomaly check
b921f337-2457-48ed-a592-d548c8671a43,2025/12/15,Google,675.71,usd,FAILED,Other,A32,
7b681f6b-5905-425d-bf62-d29b2790539e,2025/02/01,Apple,2340.23,USD,failed,Travel,A14,Duplicate?
757c0b4c-7128-4193-a940-a3776265ccdf,18-07-2025,Swiggy,275.85,usd,SUCCESS,,A10,
757c0b4c-7128-4193-a940-a3776265ccdf,18-07-2025,Swiggy,275.85,usd,SUCCESS,,A10,
ff12d630-638f-4f98-b1c8-18c668175e21,2025/12/30,Local Bakery,506.93,INR,PENDING,,A29,Refunded
6328155e-aa36-44a5-9ded-bd0aba4ab08f,19-10-2025,Uber India,4908.46,USD,PENDING,,A21,SUSPICIOUS
f8d890b2-0b88-4d46-934b-60bed0ba22a2,24-08-2025,Spotify,1535.42,inr,SUCCESS,Transport,A24,Anomaly check
fd20a9a3-d7ab-4817-9f0f-88573fc67026,2025/01/07,Spotify,1556.61,USD,Pending,Other,A40,SUSPICIOUS
acd4cab6-b513-496f-9a4f-61bc025e8e2d,2025/04/07,Spotify,$1599.86,inr,failed,,A44,
96ec8807-9189-40a4-8ed3-536968901d24,15-12-2025,Zomato,1742.01,inr,FAILED,,A27,SUSPICIOUS
ae353bbb-79ea-43cc-aea2-1c86ac70ad4e,26-06-2025,Ola,2487.98,usd,SUCCESS,Travel,A21,Refunded
16bd38d0-0d24-4a6c-93e7-5a1ea68ca63b,2025/12/05,Shell Petrol,1762.43,inr,FAILED,Travel,A45,Anomaly check
e8cc5091-4730-422a-81d3-b90fb950d455,2025/10/23,IRCTC,$999.96,inr,FAILED,Entertainment,A2,Anomaly check
48b27560-17ef-4495-81a2-e14f7d5933e0,2025/03/24,IRCTC,$3440.01,usd,Pending,Utilities,A19,Anomaly check
def92bb0-bafc-4d56-b4f4-577ba39400bd,2025/11/11,Apple,1445.68,inr,success,Cash Withdrawal,A10,
a9874d7b-d9cd-4a2f-99e6-f922a88c2efd,20-10-2025,Amazon,3861.83,USD,Pending,,A20,SUSPICIOUS
45048d3f-4322-4177-92ae-70e72ec09580,19-03-2025,Ola,3412.61,usd,SUCCESS,Travel,A21,Duplicate?
25011932-e29a-44b8-96dc-b391519ee128,2025/01/16,Flipkart,3926.91,INR,success,Other,A47,Refunded
9bca8c10-d94d-4b08-ba63-a1cc76535ebd,2025/08/04,Spotify,4161.21,INR,FAILED,Entertainment,A30,SUSPICIOUS
3ad2b801-ac2b-4126-8a81-6b78e314a115,2025/12/02,Flipkart,927.59,inr,success,Transport,A50,SUSPICIOUS
ada72757-1a81-48b3-89ae-46a38e8a14b6,2025/10/20,IRCTC,$4486.24,inr,SUCCESS,Shopping,A29,
32ecd1d2-887e-44ee-bb3e-f90bec152607,22-08-2025,Shell Petrol,$82.97,USD,FAILED,Food,A25,Anomaly check
1d9a2bf5-1e20-4135-8032-7ad0f5f7218b,02-11-2025,Swiggy,766.01,USD,FAILED,Healthcare,A28,SUSPICIOUS
af64c5b3-6176-4dd5-9133-f1c729ee9121,04-07-2025,Shell Petrol,1430.33,INR,PENDING,,A25,SUSPICIOUS
7c350890-b2ec-4b76-afca-89e8e7690708,2025/10/09,Flipkart,4522.98,inr,FAILED,Other,A16,
3d10c412-4c5c-496c-a8ff-d6c4eaa259d1,07-12-2025,Google,4237.09,INR,PENDING,,A16,Anomaly check
ee902ed6-a801-4962-b916-ae056f98bb85,04-06-2025,Flipkart,$4368.69,inr,SUCCESS,,A18,Anomaly check
8d79a67e-aba1-4597-ac0f-b5450eb4f814,30-03-2025,Spotify,3357.49,INR,PENDING,Shopping,A15,SUSPICIOUS
10361fdc-0d6e-4e20-98f3-d621305ddbc3,2025/08/12,Zomato,2306.85,inr,FAILED,Travel,A21,Duplicate?
e79b74d0-b95b-4951-a0b0-5f88a51ade2a,2025/11/14,Uber India,1313.4,inr,PENDING,,A11,Anomaly check
581c880b-d9fd-4f84-b9ee-bf72f4227489,2025/04/29,Google,4842.67,INR,PENDING,Cash Withdrawal,A9,Anomaly check
1040e8a8-905a-47f6-917e-8e944fec6fe1,2025/05/09,Shell Petrol,3370.22,INR,success,Utilities,A46,
bbec51c0-0094-4bbe-b137-74daa0fd6940,2025/07/08,IRCTC,1636.19,USD,success,,A39,Refunded
ff7bdaa5-07ff-4d3e-90d6-d2963da50e92,2025/10/26,Apple,3377.32,USD,success,Shopping,A46,Anomaly check
0d553245-f7f1-4384-b1d4-58b3f105a8fd,02-11-2025,Ola,2163.98,inr,failed,Healthcare,A22,
c4e74ec9-f4fb-47ba-9a9d-35a089881387,2025/01/24,Flipkart,3867.58,usd,failed,Transport,A14,
b4aac0ad-b688-496d-b988-c4d294ab8db5,2025/09/09,Spotify,2134.19,INR,failed,Utilities,A34,SUSPICIOUS
1a23bbc9-5644-45a0-89c3-29bdacbdd901,27-07-2025,Amazon,2190.45,USD,FAILED,Cash Withdrawal,A26,Duplicate?
cd970ee2-0756-4fea-87b2-a43ec3fa8ac2,27-06-2025,Amazon,4629.43,INR,success,,A29,Anomaly check
1d2c2f7f-71c4-4219-a009-da2df21934e4,2025/08/01,Zomato,4804.33,inr,success,,A4,Refunded
6adf907e-093d-4c28-9cc3-0d9670de0737,2025/08/12,Shell Petrol,4864.55,usd,failed,Shopping,A45,SUSPICIOUS
482fcd90-013d-4e96-b43c-55f4260af240,2025/01/16,Local Bakery,$1830.79,USD,FAILED,Healthcare,A7,Duplicate?
35311f0b-e03e-4ab9-b96d-eab8ba7f360b,2025/01/28,Zomato,2019.73,INR,FAILED,Food,A36,Anomaly check
4d9dbcc8-5ede-4e94-bb53-21d42642165d,12-11-2025,Netflix,911.8,USD,Pending,Cash Withdrawal,A48,
91c3f2b2-fdab-45d0-8d87-aad9482563b6,15-02-2025,Local Bakery,4365.99,inr,success,Entertainment,A37,
70926313-f16b-4fc9-964b-906f0218e430,12-02-2025,Apple,$4046.54,usd,SUCCESS,Utilities,A35,
6fcc592a-aec5-4f7e-b22f-69f1f0ff6b1e,2025/12/11,Google,3368.24,usd,success,Entertainment,A33,SUSPICIOUS
6cf186d8-ed05-4ae0-bba4-240feb9e5a20,07-10-2025,Swiggy,270.59,INR,success,Food,A34,
5a278452-c124-48e0-8714-dd53a207f65a,10-06-2025,Shell Petrol,592.36,INR,success,,A4,Duplicate?
fb5b47f8-12e2-4f18-8bee-cf12516318d0,06-07-2025,Ola,2930.67,inr,failed,Other,A28,
cd17b43f-5c8d-4a82-b8c4-8e418369e949,27-06-2025,Google,4018.72,USD,SUCCESS,Food,A3,Anomaly check
71e14e80-b7bc-434f-b5ef-b43136ce7d7e,2025/07/06,Zomato,2314.95,INR,Pending,Food,A8,Refunded
95ef96a4-2748-43fd-8a88-a18ff7124fcd,2025/03/30,Zomato,1501.12,inr,PENDING,Utilities,A3,
f3f24d05-4a42-4c80-8c0e-4824c3ef019a,2025/03/20,Flipkart,3613.08,inr,PENDING,,A1,Refunded
c5f37225-655a-4422-bc35-62145edb0174,13-01-2025,Netflix,1174.26,USD,FAILED,,A45,Duplicate?
c67f4232-997f-4c1a-83a4-9762e112ee7f,2025/08/22,Ola,3184.48,inr,SUCCESS,Other,A23,Anomaly check
cb635ff2-6c4d-458c-bd4f-2746094d0af8,2025/07/15,Local Bakery,4905.95,usd,FAILED,Cash Withdrawal,A34,Duplicate?
0e03c8db-83db-4598-baac-63aaa8ba0f7a,14-12-2025,Flipkart,2694.43,usd,failed,Healthcare,A29,Duplicate?
d7fd3d3f-5375-45b6-a2b3-c8f6043998ed,2025/02/07,Swiggy,4807.76,INR,failed,Travel,A23,Refunded
9fba1e9a-a2f7-4d51-9dba-18ae622d9c86,2025/04/22,Shell Petrol,2918.47,usd,SUCCESS,Shopping,A38,Anomaly check
6b01ec5c-de52-4111-b9dc-7e4ec591596b,2025/11/10,Ola,$3695.04,usd,PENDING,,A38,Refunded
0237ad72-bce4-4cd8-959e-83b03351dceb,2025/09/18,IRCTC,1786.0,USD,failed,Travel,A20,Anomaly check
8ef8f328-18b5-4feb-b660-42f979264cc5,17-04-2025,Spotify,$4023.2,inr,failed,Utilities,A7,Refunded
c4dcd8a5-185b-4ef8-81ef-c9918faf4fc3,2025/07/07,Shell Petrol,$1296.75,INR,FAILED,Entertainment,A21,Refunded
0dea2e88-ac8b-4153-bebd-133fa5364bea,2025/09/16,Apple,3020.89,USD,Pending,,A28,SUSPICIOUS
8dbf75b1-4c5c-4b91-8d21-cd9ae69f6b01,14-11-2025,Apple,916.78,usd,FAILED,,A45,Refunded
08cbbc13-60d4-422f-946c-5a2662c20ceb,06-04-2025,Netflix,1112.0,USD,FAILED,Healthcare,A23,Anomaly check
05ab8387-296b-4c8f-8b9a-797bab36477e,29-11-2025,Local Bakery,2958.25,usd,Pending,Other,A40,SUSPICIOUS
0bf48b4c-0f00-4cab-8a36-ed9a61121cbc,2025/03/31,Amazon,$4097.14,INR,Pending,Food,A33,Anomaly check
18c1b77f-719c-4fa5-90b4-b2c06573d324,2025/12/06,Ola,168.74,usd,Pending,Shopping,A30,Anomaly check
5ca662fe-881c-4d6c-b3fa-23727d87a037,2025/01/01,Ola,3894.0,inr,PENDING,Healthcare,A41,
5e7380a0-6805-46bb-b228-6422ef60b7b2,03-07-2025,Local Bakery,378.15,USD,Pending,Food,A25,Anomaly check
be44d16a-a70c-4a3f-9842-c86afd0a00a8,07-11-2025,Flipkart,217.23,inr,SUCCESS,Utilities,A16,
3d7da5e9-da68-4fb2-a626-d450b5e0afeb,2025/01/24,Swiggy,4518.07,usd,Pending,Shopping,A43,SUSPICIOUS
69a26939-44e6-4fcd-92b4-39f504cd16a2,14-04-2025,Apple,3206.77,usd,failed,Entertainment,A37,
2aec541f-882a-4d76-90a8-6096271a1e02,05-08-2025,Zomato,3983.18,inr,success,Healthcare,A13,SUSPICIOUS
b3e1bcd1-61b1-49a2-8bbc-05ef59a04a37,2025/04/15,Shell Petrol,3928.92,usd,success,Entertainment,A27,Duplicate?
832d9f26-c6b5-4090-a912-2acc488f7dcd,11-06-2025,Flipkart,2051.4,usd,success,,A9,Anomaly check
4a5adcff-1219-4dba-890c-9dece76b3155,15-07-2025,IRCTC,4292.84,USD,FAILED,,A50,Anomaly check
31d24dfe-661e-4f85-acc6-58bd3809063b,12-07-2025,Local Bakery,2802.23,inr,FAILED,,A36,Refunded
f7e87810-0697-4ad3-a93a-8810d7ffb5ef,17-01-2025,Uber India,$21.96,INR,Pending,Entertainment,A31,Anomaly check
5e33a76d-7652-4172-8263-1fc0ab976030,12-05-2025,IRCTC,518.21,usd,success,Food,A26,Anomaly check
af983080-9401-403e-a765-88e42d5298a7,20-03-2025,IRCTC,$1057.91,inr,SUCCESS,Healthcare,A18,Duplicate?
1ce18827-924d-480f-83f8-1e6589cf88df,2025/08/20,Google,2199.72,INR,SUCCESS,Transport,A3,Duplicate?
1e82b3c2-77a3-48df-94ed-9e436cf88e30,06-02-2025,Local Bakery,3628.2,usd,Pending,Other,A5,Refunded
3f262033-9a31-40be-ae93-0232c1adbfe0,2025/06/21,Swiggy,891.95,USD,Pending,Food,A15,Duplicate?
5d8f4ea8-4814-4d17-8199-c0295f624580,2025/04/12,Local Bakery,$4514.72,INR,PENDING,Utilities,A24,Duplicate?
4df8f93c-b7d6-478b-9eab-6ad39ebf3144,03-02-2025,Zomato,4661.65,inr,Pending,Utilities,A7,Duplicate?
17d22bf3-455b-417f-839c-683ecc9e2649,2025/09/15,Shell Petrol,4157.87,INR,PENDING,Cash Withdrawal,A8,SUSPICIOUS
20e81c66-ec1d-459a-a83a-a69031460bfa,23-06-2025,Netflix,699.46,inr,success,Shopping,A29,
e27ee6c1-e318-48ce-9532-5c1317e49fb6,16-05-2025,Ola,134.13,usd,SUCCESS,,A37,Refunded
aadec5a2-77f2-447d-b3d2-fc3dbbb4092a,24-10-2025,Spotify,2166.06,INR,FAILED,Transport,A5,Duplicate?
085398bc-ad63-4989-a911-93b904b98aa0,2025/08/02,Zomato,4698.2,usd,SUCCESS,Other,A31,
950a1eda-d500-464c-a9f4-a8c1267d71e5,2025/07/12,Flipkart,3144.87,USD,SUCCESS,Utilities,A37,Refunded
,23-04-2025,Flipkart,1483.14,USD,PENDING,Other,A33,Refunded
45d84108-fc30-469d-9979-616e179c39b7,2025/08/19,Uber India,3055.9,inr,PENDING,,A41,
859140a3-5fe6-479b-aa6f-1e45422ee4db,2025/06/20,Uber India,1568.02,USD,success,Entertainment,A45,
dad4acea-26cc-4417-9ae6-8c4cbb960c83,2025/11/17,Amazon,1309.33,USD,Pending,Transport,A22,Refunded
,09-06-2025,Ola,3744.73,inr,Pending,Healthcare,A50,Anomaly check
bddaadc6-87e0-48c2-8650-09fa89d76148,23-07-2025,Amazon,4156.47,USD,PENDING,Food,A22,Refunded
5780c4f4-7832-4b29-b1f8-31c2baa87e4b,2025/12/25,Local Bakery,4299.42,usd,success,Cash Withdrawal,A26,Refunded
9afbb99a-98b4-4cef-b2c0-ee3b7bc4502b,2025/07/23,IRCTC,1704.07,INR,success,Shopping,A3,
ae5c6e96-9064-46cd-8d32-34d0948806ba,2025/03/28,Amazon,2028.25,USD,SUCCESS,Healthcare,A14,Refunded
d5095e99-e6eb-4713-bb21-6827f5b38c52,2025/06/27,Zomato,1084.62,usd,PENDING,Transport,A31,Anomaly check
207b209c-8183-49bf-85fa-cc67657141f1,24-09-2025,Ola,2758.77,usd,SUCCESS,Other,A21,Duplicate?
ab12d5e3-f523-435c-a694-98f119dff5f3,19-05-2025,Ola,3474.81,usd,success,,A29,SUSPICIOUS
48378134-05d8-4fa5-ba06-49098192d58a,20-04-2025,Shell Petrol,94.25,usd,Pending,Entertainment,A25,Duplicate?
2dc197d0-914a-4ede-8d16-c0b70fcc67db,2025/07/11,Ola,4577.56,USD,success,Food,A12,SUSPICIOUS
b9f9ce18-94e4-4fbc-abda-cb892617b20a,2025/07/07,Google,323.77,INR,PENDING,Entertainment,A3,Duplicate?
de1eb68b-43d5-42be-9fa0-925744d429ff,2025/09/02,Spotify,716.35,USD,Pending,,A39,Anomaly check
d7cca46d-f8ef-4e1c-b1ef-6ff067eaab4d,2025/08/07,Zomato,$2212.59,USD,SUCCESS,,A48,Duplicate?
c160065c-2714-4212-87c8-3b96507382c7,2025/04/15,Google,769.11,INR,SUCCESS,Cash Withdrawal,A4,Duplicate?
856ed72f-ed39-4c23-8be0-56a505b92c1f,01-08-2025,Shell Petrol,$4721.91,INR,FAILED,Utilities,A11,
6d50d8ff-7573-4558-a61f-6c73d47a7159,2025/08/28,Netflix,$4213.36,USD,Pending,Healthcare,A13,Refunded
dc34ec63-3a98-4613-9a74-121d63683fa9,25-06-2025,Ola,1628.81,USD,failed,Cash Withdrawal,A10,
1dfc29b6-1865-48d6-9dea-15fd680e559d,2025/12/21,Zomato,545.55,usd,SUCCESS,,A1,Refunded
2319d424-c53c-409e-a505-b7bc9c6262fe,2025/09/14,Amazon,947.62,usd,FAILED,Shopping,A9,Refunded
257c8d9b-5266-403e-a7dc-9587aa649612,30-05-2025,Flipkart,2393.37,usd,success,Utilities,A50,
96b35ecc-f1a4-4558-ab6e-54f107ec39ec,19-07-2025,Ola,1823.61,INR,success,Transport,A17,
2b55f099-46e6-43ff-90bf-f852b5ed4197,2025/07/13,Zomato,4335.61,USD,failed,,A47,
,2025/03/28,Swiggy,$2632.16,inr,SUCCESS,Entertainment,A30,Duplicate?
b261dd19-582c-4781-96e3-628b3773243d,27-10-2025,Flipkart,4405.96,usd,FAILED,Cash Withdrawal,A8,Duplicate?
0276e398-d4e5-4649-9a17-5362016ac74b,2025/02/11,Amazon,4985.15,USD,PENDING,,A40,Duplicate?
2a1bcac7-7c9f-4cfc-8710-5967e6cd4eb4,2025/05/12,Google,$4681.48,USD,SUCCESS,,A29,Anomaly check
4dabe085-33a5-4dfe-966e-bf52bc32b019,2025/03/06,Flipkart,4098.05,USD,SUCCESS,Food,A11,
b77abd1b-07e6-4295-b37f-f6173bad06c7,14-07-2025,Apple,4487.56,USD,Pending,Travel,A38,SUSPICIOUS
bc9c4d3e-2689-4961-bb44-b63ed6676e42,2025/10/17,IRCTC,3098.81,USD,SUCCESS,Travel,A15,
94a285d0-f014-4f56-a2cf-16bc921d2cfa,22-07-2025,Shell Petrol,$2000.34,inr,FAILED,Healthcare,A46,Duplicate?
7325b606-b093-4c44-b6ca-c445c3415455,2025/08/14,Flipkart,1285.48,usd,Pending,Healthcare,A38,SUSPICIOUS
f823f0a1-1cbe-417f-8ca6-1ccb38215cdd,01-01-2025,Netflix,2037.71,INR,success,Transport,A45,Duplicate?
9e473f9e-4267-41f1-93e7-4ef3f81ca59e,13-11-2025,Flipkart,2142.58,usd,failed,Food,A40,Anomaly check
c566a624-ac93-4041-b2d9-0c5c7795fd68,01-02-2025,Ola,2549.42,INR,success,Utilities,A19,
0c309a40-97e2-4576-9328-9099480e30d6,06-08-2025,Netflix,2753.79,inr,failed,Utilities,A4,SUSPICIOUS
51aaceb5-80aa-4d4b-aea8-28ba0cb699c8,2025/04/07,IRCTC,705.48,USD,Pending,Shopping,A29,SUSPICIOUS
15e87eed-5602-4441-b859-04eba854777e,29-09-2025,Ola,3071.86,inr,PENDING,Utilities,A30,SUSPICIOUS
1de27821-734d-45ba-8ea7-84c0e4020090,2025/09/18,Apple,1745.01,usd,PENDING,Cash Withdrawal,A35,SUSPICIOUS
44a1da1f-b0c9-4d87-a176-d1461fb49773,2025/05/19,Swiggy,4973.42,INR,FAILED,Other,A15,Refunded
88015f97-4d78-4c52-ae8e-c9ffda234fa7,2025/08/12,Netflix,$2947.54,INR,success,Utilities,A37,Refunded
673450be-6913-4300-9fb6-9a75269af90d,2025/11/18,Ola,$4421.28,usd,failed,,A24,
a3c5c395-6eef-4e78-bfd2-8e3eb0926794,26-10-2025,Flipkart,129.48,inr,SUCCESS,Other,A17,Refunded
df02950f-3119-4d0f-a19d-3a5eb7309d9a,07-01-2025,Local Bakery,2558.16,usd,PENDING,Food,A33,SUSPICIOUS
62b2ae17-7068-4797-9b97-c72e4bd047bf,02-04-2025,IRCTC,1413.4,INR,FAILED,Food,A8,Anomaly check
a779f1e3-b52e-4e7d-945f-bdec59d7628f,24-12-2025,Zomato,$2480.9,INR,SUCCESS,Other,A44,Refunded
a779f1e3-b52e-4e7d-945f-bdec59d7628f,24-12-2025,Zomato,$2480.9,INR,SUCCESS,Other,A44,Refunded
60ab6abd-cc0a-4c6f-a16d-b32db0d15b87,27-04-2025,Flipkart,895.08,USD,success,Food,A36,SUSPICIOUS
2c706ab4-ef4c-413b-93d8-635137cd6a4e,19-07-2025,Apple,199.99,INR,FAILED,,A3,
371dee80-57dd-42a2-a06b-6b934903fc27,2025/07/14,Swiggy,1822.41,usd,failed,,A28,Anomaly check
a59ef7ef-4700-4b34-8c08-6cfd6555b1c6,31-05-2025,Netflix,31626.05,INR,Pending,,A25,Anomaly check
705b53d1-57a2-4d44-b7b5-5c4b77a9aac2,2025/01/18,Spotify,4039.4,usd,SUCCESS,,A42,Duplicate?
aa357c0f-7011-4884-bc34-a4c0577dd6a7,2025/04/02,Shell Petrol,4818.04,INR,PENDING,Utilities,A11,Anomaly check
64e7d316-adc8-433d-96ff-22b220bd8ef4,02-11-2025,Zomato,3318.32,usd,success,Other,A26,Anomaly check
d16b18af-d51d-4f3a-b4e6-21d516a870b9,07-03-2025,Flipkart,98.4,INR,SUCCESS,Food,A35,
81f1d3ce-879f-4d50-994c-bb3dbbc806e3,2025/12/13,Apple,514.84,USD,Pending,Entertainment,A5,Anomaly check
46923093-f30e-446c-910d-439d653643a1,22-10-2025,Flipkart,4890.9,USD,PENDING,Transport,A4,Anomaly check
7ed5b2ce-9bb6-40b6-9dfa-2bac928523fc,19-12-2025,Local Bakery,516.76,usd,PENDING,Travel,A38,Anomaly check
c5c7bf57-8628-4a31-b695-dc160429fc07,21-03-2025,Google,2546.97,USD,success,Other,A8,Duplicate?
e5e82c17-960b-47c6-91eb-fee8808bf52c,2025/06/22,Flipkart,4837.75,usd,failed,Food,A18,Anomaly check
e73729a3-d67b-4aad-a358-d565409c46c2,05-04-2025,Spotify,$3408.49,usd,success,Cash Withdrawal,A2,SUSPICIOUS
,2025/09/03,Zomato,$2840.11,INR,FAILED,Other,A15,Refunded
f08395df-d3ac-458f-b4d2-512fe7bfda91,22-03-2025,Netflix,2922.45,inr,Pending,Travel,A15,Anomaly check
b5788385-eea3-46ca-b3ac-b26523b0d626,2025/08/10,Apple,2135.8,INR,FAILED,Healthcare,A22,SUSPICIOUS
4a362567-7372-45d3-ab72-b712abdf4a26,2025/10/15,Ola,4158.09,inr,PENDING,Food,A36,
c11df416-c12d-4691-b3a5-d62dcd9860a1,2025/09/28,Spotify,$4876.72,inr,failed,Utilities,A8,Anomaly check
0bfa9dbe-092f-4cd7-af3f-e97b78a04a09,2025/06/13,Amazon,2608.72,INR,PENDING,,A30,SUSPICIOUS
49cd267d-63e3-4ef1-ac83-df71eb61bdb4,01-01-2026,Zomato,4352.3,INR,Pending,Healthcare,A26,Refunded
cd30af15-bbb4-441a-8999-ea8a966334f5,2025/08/02,Amazon,$4692.57,USD,success,,A27,Anomaly check
3c415aac-3811-4fc1-ab86-7cfd6a21ce55,11-08-2025,Apple,3630.49,usd,FAILED,Food,A11,Duplicate?
129e4165-f719-449b-9dc2-fc2ca3c758cc,2025/08/24,Netflix,604.62,INR,failed,Cash Withdrawal,A11,Refunded
05f51f16-4efd-4362-80dc-f63bafcc39dc,2025/04/21,Google,$2753.09,USD,success,Entertainment,A10,
d2b1ff50-5b16-4cba-bba9-c33ac6a54bda,23-01-2025,Spotify,4549.97,usd,PENDING,Other,A11,Refunded
0fda4311-d671-468b-9c0a-8b052822ec5e,2025/01/13,Apple,4715.63,usd,failed,Travel,A8,Anomaly check
,2025/01/26,Google,1380.22,USD,success,,A8,
e8797ac9-e387-442d-a1df-fc842e19f489,2025/11/25,Netflix,$1363.64,inr,PENDING,Utilities,A24,Duplicate?
4acb05b8-830e-433e-b41b-44d2234f339b,2025/08/07,Uber India,1042.83,USD,Pending,,A12,Duplicate?
09628fbb-8906-4c55-9d64-d155df0ce38c,09-05-2025,Zomato,4854.56,USD,success,Transport,A3,SUSPICIOUS
09628fbb-8906-4c55-9d64-d155df0ce38c,09-05-2025,Zomato,4854.56,USD,success,Transport,A3,SUSPICIOUS
7760c5ac-21cb-4b00-8d6d-2c85f2cce943,20-04-2025,Spotify,2913.51,USD,Pending,Other,A18,
664b2b3c-6a6e-4fe4-9be7-9e7d9dd132c2,2025/11/18,Uber India,4409.19,USD,success,Cash Withdrawal,A25,Refunded
0e2e4088-a021-4cf4-b149-cf07ee801ec3,2025/07/19,Uber India,4539.28,USD,success,Travel,A19,
fd84aaec-6130-4416-bce0-2a17d70de023,03-10-2025,Amazon,3182.81,INR,failed,Healthcare,A11,Refunded
7eb24df6-e9db-4bff-85d0-94b90e2cf8c6,2025/02/20,Local Bakery,4815.72,inr,failed,Shopping,A39,SUSPICIOUS
bc867626-34d4-487d-b17d-53ce3c3cbb6f,2025/11/21,Ola,2476.85,USD,FAILED,Cash Withdrawal,A33,SUSPICIOUS
06502219-4957-4956-84eb-55a0cf88ee4c,16-08-2025,Uber India,1762.51,usd,success,,A37,Duplicate?
3581f2b5-9450-4570-b630-638bd0118c04,2025/03/06,Apple,$3097.86,INR,success,Cash Withdrawal,A39,
f23624be-0218-4e5f-9ba0-42d2e1546ef3,19-01-2025,Netflix,2516.16,INR,failed,Entertainment,A10,Refunded
73145fba-7c0c-4793-8f8b-ddb849456e8e,24-01-2025,Amazon,$3046.23,inr,PENDING,Transport,A27,
e868d47b-2a80-422c-9bf6-295602d18286,22-06-2025,Google,3593.92,INR,PENDING,Cash Withdrawal,A27,Refunded
c12f88c1-9604-446d-a9d2-a3c2a953059f,2025/03/28,Swiggy,2968.38,USD,failed,,A48,Refunded
2a53d115-4403-4542-881d-88e5351a6166,22-12-2025,Shell Petrol,3105.23,INR,PENDING,Travel,A21,Refunded
,2025/05/08,Amazon,2321.81,USD,Pending,Travel,A29,Duplicate?
460649dc-3f8d-44e4-adbb-66829c62c22f,29-03-2025,Flipkart,1929.99,INR,failed,Entertainment,A39,SUSPICIOUS
acf4ce05-e598-4a84-bb7c-e42ea9c0fd5d,11-01-2025,Zomato,2640.02,INR,failed,Transport,A42,SUSPICIOUS
00c2f810-e084-4b04-a824-ebac589f0e92,2025/01/24,Uber India,4445.38,USD,PENDING,,A36,Refunded
b7eb2e17-5a34-4406-b665-2fc38f64ce3a,2025/11/10,Amazon,1203.81,USD,failed,Utilities,A29,Anomaly check
445b01cb-08a2-44e5-8d41-df4799f0bb55,2025/04/28,Apple,2829.44,usd,Pending,,A18,Duplicate?
3058bd33-ac6a-4216-b0e0-42fa44ba110f,2025/07/12,Flipkart,1399.01,USD,success,Cash Withdrawal,A24,
3c00dcb4-d72c-433f-bb83-450789c977ba,2025/01/04,Amazon,3564.15,inr,FAILED,Utilities,A1,Duplicate?
1ebe9dff-8142-4ec4-9cec-1ca29acc337f,06-01-2025,Flipkart,3696.83,INR,SUCCESS,Travel,A5,Refunded
5a504c92-6b1f-430e-8283-e192170cd6b3,27-08-2025,Netflix,2023.43,INR,SUCCESS,Transport,A17,
0a197bb1-8712-4158-9726-b989367f2165,2025/05/07,Local Bakery,824.2,inr,Pending,Utilities,A16,
7823c825-50db-4960-8abc-350333af4f85,22-10-2025,Netflix,686.24,usd,SUCCESS,Healthcare,A13,Refunded
a4ee6eb5-9f89-47ab-9347-8f7376a1f0c8,2025/04/12,Swiggy,3626.84,USD,FAILED,Other,A15,Refunded
16d3bbdd-0b39-4f8a-bbb0-85cb6d211d1a,2025/07/04,Local Bakery,$825.75,inr,SUCCESS,Food,A36,Refunded
16d3bbdd-0b39-4f8a-bbb0-85cb6d211d1a,2025/07/04,Local Bakery,$825.75,inr,SUCCESS,Food,A36,Refunded
96bcdb63-daee-4135-879b-a7be8c2eb8db,20-12-2025,Ola,$1069.35,INR,FAILED,,A28,Duplicate?
b29d6c97-429f-4479-a3a7-809acfc27443,19-07-2025,Netflix,2618.89,INR,success,,A18,Duplicate?
7df2010f-9a58-4c72-babe-2a721c2f0feb,2025/01/01,Local Bakery,4309.81,INR,SUCCESS,Healthcare,A34,Refunded
f063feb9-9454-450c-9c6e-e0dcfd7f7897,2025/05/25,Uber India,2914.15,INR,FAILED,Utilities,A6,
25c314b8-f335-40ba-807c-7402d7fd11ef,2025/12/24,Netflix,$1884.26,INR,PENDING,Other,A22,Duplicate?
cbd2091d-0751-424c-8ba7-94a861ac8656,2025/07/06,Uber India,965.23,USD,SUCCESS,Other,A40,Refunded
a7177924-7b19-419e-9186-dfba4d02d1f5,2025/05/13,Netflix,2599.92,USD,failed,Cash Withdrawal,A17,
3df757a5-1885-40ca-8b1a-24c1e1554ad0,2025/05/27,Spotify,3113.55,USD,PENDING,Food,A37,Anomaly check
d2fc5c2f-3a24-4975-a19c-8a8737496057,30-01-2025,Uber India,$1303.88,inr,Pending,,A28,
355acdd9-b536-49bc-b9ce-234429a4a248,2025/12/18,Google,2178.47,inr,Pending,Shopping,A25,SUSPICIOUS
13acbc88-e424-48e7-b57e-0f594dca54d9,2025/07/20,Flipkart,$812.6,usd,PENDING,Utilities,A39,
6f601e9d-a37b-4101-b94f-c048d712ae46,2026/01/01,IRCTC,2773.26,inr,SUCCESS,,A45,Refunded
3040bf8a-f60b-4e7f-b061-9f1abe85595c,2025/02/09,Local Bakery,3004.97,USD,success,Transport,A50,Refunded
ccef04e3-c6fb-4cfc-85f9-20f008a607ca,2025/02/05,Swiggy,3510.49,usd,failed,Cash Withdrawal,A14,SUSPICIOUS
0dae7e41-359e-4723-8754-a9eb967cf170,04-06-2025,Shell Petrol,4816.78,inr,Pending,Utilities,A45,SUSPICIOUS
c861e825-b8c5-485e-81c5-0b3f7844c0b0,2025/11/05,IRCTC,$373.14,inr,FAILED,Transport,A17,Duplicate?
0cd1c0a0-ff04-484c-a738-60c770a9e8dc,2025/03/24,Ola,904.03,USD,Pending,Shopping,A2,Duplicate?
8a4b9b32-841f-4797-8fce-3bc97defec3c,2025/04/11,Amazon,3113.62,inr,FAILED,Shopping,A18,Anomaly check
e841ae9f-66dc-4337-af35-c654764aea0b,25-08-2025,Swiggy,1896.82,usd,SUCCESS,Healthcare,A14,SUSPICIOUS
ee97e4b2-487b-48b8-87e1-da31f66eb638,2025/02/17,Shell Petrol,$4906.77,USD,failed,Entertainment,A35,Duplicate?
ae1cfa51-a47a-4da0-a679-4b351acbce29,2025/09/03,Apple,$2382.55,usd,failed,Food,A6,Duplicate?
d2526cf5-a6fc-40ff-adc0-f2ebd7c34b35,2025/03/12,Netflix,2201.88,INR,SUCCESS,Transport,A10,Anomaly check
2565c0b6-6160-4835-95ff-70ceb203d929,2025/07/30,Netflix,$287.6,INR,PENDING,Healthcare,A45,SUSPICIOUS
118c804e-91b0-476e-a1d1-099d05dccbe3,18-06-2025,Netflix,961.82,INR,FAILED,,A29,Refunded
,2025/01/05,IRCTC,$4966.01,INR,failed,Entertainment,A49,Refunded
656e4bf2-3286-419b-9af9-fdd20b8c067b,27-06-2025,Zomato,2866.31,usd,SUCCESS,Shopping,A43,SUSPICIOUS
76160967-4137-4c4e-b2ec-f056ba75bb1e,2025/03/11,Flipkart,3602.76,INR,PENDING,,A29,Anomaly check
bb320baf-9a9e-435f-aef3-02792bb2dc53,28-02-2025,Google,1306.28,USD,PENDING,Utilities,A27,Anomaly check
a7a11bc4-cac2-4e52-b934-b2d8cc391e4b,07-11-2025,Shell Petrol,897.18,INR,failed,Healthcare,A9,Refunded
70776be6-e2cf-4db9-b704-8bef9300efd8,2025/06/14,IRCTC,1137.23,usd,SUCCESS,Utilities,A11,
8a5dcdfc-a8f3-4f60-8bba-a13564cdbbc4,14-12-2025,Apple,514.1,inr,PENDING,,A45,Anomaly check
041bb4d3-de23-45da-b6c6-06e027ca9466,2025/05/11,Flipkart,457.99,usd,failed,Food,A20,Refunded
70e76022-a583-4dac-abb6-28d2e0011fce,16-02-2025,Local Bakery,$3076.96,usd,success,Transport,A3,Refunded
80824fcf-d881-4b34-aaff-55d1879a8d17,2025/04/25,Amazon,4680.46,inr,Pending,Utilities,A3,SUSPICIOUS
,2025/01/24,Amazon,3103.47,usd,PENDING,Transport,A13,Refunded
04d3ed44-faf2-492d-802d-f2ab92fad410,2025/12/29,Apple,1946.8,USD,failed,Transport,A3,Anomaly check
04d3ed44-faf2-492d-802d-f2ab92fad410,2025/12/29,Apple,1946.8,USD,failed,Transport,A3,Anomaly check
eb4f4c08-d496-422a-adf5-123c3baf2532,05-09-2025,Uber India,$3909.2,inr,FAILED,Other,A31,Refunded
08429274-1220-4594-8a26-9be43d16d95b,2025/10/02,Flipkart,4738.23,inr,Pending,Transport,A7,Anomaly check
126c04cf-8d26-4f5d-97a7-878a7cfaddae,07-09-2025,Local Bakery,4444.49,usd,PENDING,Utilities,A36,Refunded
ef377dfe-6798-43ee-aebd-e7b511abede5,2025/06/19,Zomato,2205.55,usd,Pending,Other,A34,Duplicate?
42724791-f7ab-489c-8de5-42eb97865b69,2025/05/11,Apple,1045.02,INR,FAILED,Utilities,A44,Refunded
bfcae371-d1ff-4333-a742-427e20697248,2025/07/14,Amazon,4625.67,inr,FAILED,Travel,A6,Refunded
e19a7e00-3544-483b-b69a-f12115bb06bc,07-04-2025,Swiggy,2350.59,usd,success,,A28,Refunded
f78d9b06-f757-4783-93b8-0ea889f922b1,12-01-2025,Zomato,4961.91,INR,SUCCESS,Other,A4,Anomaly check
b44ee1b8-ed99-4179-b5df-4fffa23d85ed,2025/04/29,IRCTC,4506.61,inr,Pending,Transport,A6,Duplicate?
f2fb6b32-d218-4d7a-bfbb-cd0909bdb871,2025/08/12,Ola,$4681.17,USD,FAILED,Transport,A18,Refunded
3980aa0e-7a25-4a90-a280-82881f709dbe,2025/08/29,IRCTC,4921.66,usd,Pending,Cash Withdrawal,A22,
c8918524-a335-4a6a-bee7-662a7616542a,2025/03/25,Swiggy,1660.1,inr,Pending,Transport,A41,Duplicate?
c8918524-a335-4a6a-bee7-662a7616542a,2025/03/25,Swiggy,1660.1,inr,Pending,Transport,A41,Duplicate?
83cbb880-8dae-484e-a162-5a9e8d11e4e5,01-11-2025,Flipkart,14.6,INR,success,Shopping,A47,Anomaly check
48430566-2d6a-4859-8412-f4c2bc42a279,2025/10/13,Flipkart,1240.24,usd,success,Food,A46,Duplicate?
d33da1e6-accd-445e-a20f-c67a7a4c9bfd,2025/05/03,Ola,$787.0,inr,SUCCESS,Travel,A49,SUSPICIOUS
617cebcc-83ac-401d-9281-2c2222a5c693,2025/02/22,Flipkart,375.91,INR,Pending,Other,A18,Duplicate?
7bcc916d-fa36-4c07-b95d-6db3dd0b1db1,25-06-2025,Spotify,2138.16,INR,PENDING,,A18,SUSPICIOUS
54625f8e-02aa-444c-ab6a-d440778ba521,2025/12/29,Zomato,4171.92,INR,FAILED,Other,A35,Refunded
9da3f4ab-6ec5-4c6f-a21f-fea81cd2ebf5,2025/07/30,Spotify,2012.31,USD,FAILED,Travel,A4,Duplicate?
2f88973a-9e05-4d83-9670-85db0348f78f,2025/02/25,Local Bakery,1864.43,USD,Pending,Utilities,A4,Refunded
6675da74-ac16-416b-9925-975d907c447b,22-09-2025,Apple,690.43,USD,Pending,Travel,A20,SUSPICIOUS
5a0c2696-fb74-4c66-8bb8-de5e25bb5e7d,2026/01/01,Spotify,3970.33,USD,success,,A5,SUSPICIOUS
70b751d0-65b6-4f70-b2c7-c20322d17f37,2025/02/12,Flipkart,4424.7,INR,SUCCESS,Transport,A48,
ab69a391-d645-4d5a-99ce-ced93f6b6f92,2025/05/01,Shell Petrol,$4706.35,USD,SUCCESS,Food,A31,
f73a2ec5-e15b-44b9-a5e0-0c8998c4e21d,2025/08/09,Spotify,2760.26,INR,PENDING,,A46,Duplicate?
f73a2ec5-e15b-44b9-a5e0-0c8998c4e21d,2025/08/09,Spotify,2760.26,INR,PENDING,,A46,Duplicate?
,23-10-2025,Amazon,$3883.16,USD,success,Shopping,A41,Refunded
67b560b8-fb95-4dc5-9281-0b38fdb9b485,06-04-2025,Uber India,3331.21,USD,Pending,Utilities,A7,Anomaly check
bdd173ee-1687-4c31-afe5-ef262a6ca4f2,2025/09/06,Google,$2776.72,usd,SUCCESS,Healthcare,A11,SUSPICIOUS
8cd6d1d9-7311-41b4-a070-2a132924c7dd,2025/08/01,Flipkart,$2940.22,inr,PENDING,,A30,SUSPICIOUS
05a4f874-32a7-4a6b-97f2-7362f1a098e6,2025/09/23,Zomato,1280.29,USD,success,Healthcare,A9,
dbadcef3-2ead-49f4-8f95-2f3ebb4c7e48,26-01-2025,Swiggy,2949.61,INR,Pending,Healthcare,A33,Duplicate?
4ae612df-d60c-46e1-8d14-84510e37a1c1,15-12-2025,Uber India,2006.05,usd,success,Cash Withdrawal,A38,Anomaly check
b5458226-cdea-49e4-b1e7-c6f492000e7e,2025/10/03,Local Bakery,1565.11,inr,FAILED,Travel,A39,
19c06f9f-ff28-4675-9716-ec02e12f47e9,2025/05/23,Flipkart,603.61,usd,success,Other,A29,
5c73832c-856c-41c8-881f-9c96b51b1c40,12-10-2025,IRCTC,4649.36,USD,SUCCESS,,A3,Duplicate?
5a71774e-6a4f-47ca-a6f7-3e10634f029e,10-03-2025,Local Bakery,1011.51,usd,success,Entertainment,A5,Duplicate?
67a09c82-dea1-49be-87fc-9663629baa8c,18-01-2025,IRCTC,4551.23,inr,FAILED,,A36,Anomaly check
f8b839e0-b4bf-4ddd-ab2c-471414698cc3,04-01-2025,Amazon,3367.18,INR,success,Shopping,A32,Anomaly check
a7b7d10e-4998-493d-b3c6-bdb0f6ca1499,15-07-2025,Shell Petrol,2827.52,usd,Pending,Travel,A24,
ed4a4a92-e8cf-4b7f-8a57-17ba40e322ef,2025/01/01,Shell Petrol,$4702.5,usd,PENDING,Entertainment,A35,Duplicate?
b889ae0a-c6a1-40e7-9c15-2412459b84f5,2025/10/21,Shell Petrol,2091.46,inr,success,Other,A38,Duplicate?
3e5a189e-5d00-4fa3-95eb-88ac284512cc,24-05-2025,Amazon,3891.52,usd,Pending,Cash Withdrawal,A25,Duplicate?
803f011e-8c81-4b10-a081-a793dbdaa534,2025/05/25,Local Bakery,2763.91,usd,success,Food,A3,Refunded
2bdcd7b8-0b1c-4334-90b8-c92f9ad4b1f6,09-09-2025,Amazon,1087.32,inr,success,Travel,A42,Refunded
f6f809e4-8d52-4fe6-a9ad-c7bea673b935,09-02-2025,Uber India,2723.72,usd,success,Healthcare,A19,Refunded
a8871fcd-b353-4708-b3a6-92aee934dbed,22-07-2025,Uber India,2809.73,inr,failed,Transport,A41,SUSPICIOUS
cef9242f-75d8-49b3-a655-dbb495f06a7d,29-01-2025,Zomato,29.11,USD,PENDING,,A10,Refunded
,2025/03/21,Netflix,4332.59,USD,PENDING,Shopping,A39,SUSPICIOUS
9b987158-e476-406c-ade7-19f9be914619,22-05-2025,Uber India,3034.06,usd,failed,Transport,A24,SUSPICIOUS
3fa87339-b69b-481f-8a31-0631f507cb4a,2025/01/08,Flipkart,2542.25,INR,SUCCESS,Shopping,A36,Duplicate?
033bd9e5-066e-4041-aa2e-b8e90aa763c2,03-05-2025,Google,$1426.32,inr,FAILED,Transport,A6,Anomaly check
a597794e-f525-4b33-9163-acfab7af0df0,2025/08/24,Netflix,$1210.44,USD,failed,Other,A2,Anomaly check
a955a1ab-38d5-4c39-90d0-8700540d3bf0,2025/01/01,Uber India,4167.26,INR,SUCCESS,Cash Withdrawal,A50,SUSPICIOUS
0844b4f8-26e3-442b-8390-648d6643d1a3,13-10-2025,Zomato,1577.79,usd,Pending,Travel,A12,Refunded
a64b9d48-8dc2-4ec1-b74e-b6d349826921,19-08-2025,Amazon,2397.85,USD,Pending,,A12,SUSPICIOUS
db916a1b-3f64-405e-b6bb-9785dd518428,2025/07/30,Flipkart,807.24,INR,PENDING,Healthcare,A7,Duplicate?
3a3fd8cc-7e7d-42c0-8baf-d8bb3c97b857,2025/10/17,Netflix,691.39,INR,PENDING,Transport,A22,SUSPICIOUS
ded105fb-3fc9-4409-af8c-20bffece04dc,02-01-2025,Netflix,2250.57,INR,SUCCESS,Food,A3,
9e33fb37-99e8-4d66-924b-2097f1499901,19-02-2025,Amazon,3862.96,usd,success,Utilities,A1,Duplicate?
,2025/10/12,Amazon,$813.59,inr,failed,,A41,Anomaly check
33f7baa4-17c8-406f-be52-b39872006de7,2025/06/02,Flipkart,$4248.16,USD,failed,Food,A24,Refunded
ec14f19d-1ce8-41d2-ab5e-e9b1c83bcd2f,2025/11/06,Uber India,3894.67,usd,PENDING,,A47,
166ff4fc-d104-433f-bd7b-8d0974361fd7,03-02-2025,Apple,1586.03,INR,failed,Food,A12,
c22c1cbf-c594-4aad-afc9-2d38135d7ec7,21-05-2025,IRCTC,4356.69,usd,PENDING,Entertainment,A41,Refunded
a647f31b-4f1d-4d07-b974-940440269545,2025/07/02,Apple,4508.13,USD,PENDING,Transport,A47,Duplicate?
1bbb50da-ce63-4a7e-a88b-cf81581db769,2025/06/05,IRCTC,4544.86,usd,PENDING,Utilities,A16,SUSPICIOUS
a543b74b-5986-4503-aa56-de945103e5e0,2025/08/26,Ola,1664.19,inr,success,Utilities,A43,
f2706073-ebcb-4457-b42b-286eb695da73,2025/06/14,Shell Petrol,1805.39,inr,Pending,Healthcare,A46,
0a4dc947-980c-4c7c-aa8c-a87774298aee,09-04-2025,Uber India,3895.23,USD,PENDING,Entertainment,A32,Anomaly check
c31e24d3-6953-4181-8ef5-755d429ba49b,2025/08/29,Ola,502.81,usd,SUCCESS,Cash Withdrawal,A25,
4b974652-aef1-44d7-ac1a-2420dfc6449a,2025/01/13,Uber India,1351.42,usd,PENDING,Utilities,A37,Duplicate?
,08-06-2025,Shell Petrol,4428.83,USD,Pending,,A36,Duplicate?
9603a014-f503-40ea-be12-279d455aaf44,26-03-2025,Amazon,4827.71,usd,Pending,Shopping,A30,Duplicate?
a767618a-3873-422e-86c9-c25358b9adc5,26-07-2025,Apple,$184.74,usd,FAILED,Utilities,A36,SUSPICIOUS
1dfa0beb-c9da-4cf0-accd-90de95fd3c7d,23-01-2025,Flipkart,2995.83,usd,FAILED,Other,A21,Refunded
c8fe8d2b-4997-4b66-9096-6c820c9c0079,2025/12/05,Swiggy,1237.6,inr,SUCCESS,Utilities,A44,Anomaly check
3c88973b-8a96-4a85-aaab-c6b1d9e2473a,29-08-2025,Swiggy,1085.81,USD,FAILED,Healthcare,A46,Refunded
,2025/03/17,Google,4404.35,usd,SUCCESS,Food,A50,Duplicate?
16d423f1-bc75-45d3-bd3d-922ce38c6a79,26-09-2025,Flipkart,3551.28,inr,FAILED,,A50,Anomaly check
,2025/07/17,Google,575.07,INR,SUCCESS,Food,A32,Refunded
,17-02-2025,IRCTC,594.28,usd,success,Food,A11,Anomaly check
b98e24ab-6d18-4898-82cd-1722d3a141a7,18-07-2025,IRCTC,3522.91,inr,FAILED,Travel,A16,Anomaly check
2a60c28b-a24d-4289-b914-cc2bfeaf2c94,2025/11/30,IRCTC,201.07,INR,failed,Utilities,A37,Duplicate?
ccd414a1-1529-430d-926e-92b730640da0,2025/04/03,Spotify,$2733.27,INR,SUCCESS,Entertainment,A7,Duplicate?
dc1afb34-b5b5-482e-adb7-9211ebd8f9d7,09-01-2025,Spotify,$982.7,usd,Pending,Transport,A26,Duplicate?
,19-10-2025,Zomato,$2691.89,USD,failed,Healthcare,A9,
62a62e91-d9c2-4330-a95a-f853d38078b2,2025/09/04,Swiggy,$3508.3,USD,FAILED,Shopping,A6,Refunded
,2025/01/14,Local Bakery,999.95,usd,success,Travel,A18,Duplicate?
2c9e2446-a399-41c2-984e-342819df7d36,2025/03/13,Uber India,169.95,USD,success,Healthcare,A42,Anomaly check
709bccb9-5292-497a-9b78-1f4705d1d7e2,25-03-2025,Spotify,$4940.9,USD,SUCCESS,Entertainment,A33,Anomaly check
cf355ed3-d826-4a19-a7e4-ad9c401a0c31,2025/07/27,Swiggy,768.06,USD,failed,Other,A35,Refunded
,27-12-2025,Local Bakery,737.05,inr,Pending,Other,A6,SUSPICIOUS
97557b47-95a9-4f1d-abe4-5a8130c9e9b1,2025/06/10,Ola,788.6,INR,SUCCESS,Cash Withdrawal,A41,Duplicate?
c0db661a-b870-4809-b559-c1d20721e842,05-10-2025,Flipkart,4083.62,INR,success,Transport,A39,Duplicate?
55fb74dc-b8f2-4136-bc2a-681a75ad5949,12-09-2025,Local Bakery,2922.94,usd,PENDING,,A49,Refunded
7b62acbc-cf5b-4c59-aeda-a990b1be89b2,10-10-2025,Amazon,895.07,INR,failed,Other,A24,Duplicate?
f80c93d7-54bb-4f3f-bffa-0172dba89a47,2025/10/06,Spotify,4287.62,INR,SUCCESS,Entertainment,A3,Duplicate?
12a3b347-395f-4dca-a82e-0283be114278,2025/07/10,Swiggy,$4245.02,USD,failed,Other,A13,Duplicate?
f7f04d0c-76b6-48df-9d1c-50cd5b378d28,30-06-2025,Google,3097.05,INR,success,Shopping,A26,Anomaly check
5d2be926-5383-4176-b49d-619cb57755e0,2025/06/21,Swiggy,879.64,USD,Pending,Transport,A18,
177cd46f-1190-4e01-a444-f193d9d666a6,14-11-2025,Flipkart,$1587.62,usd,Pending,Healthcare,A39,
52582319-61ed-4153-be99-c68e5002e72d,18-03-2025,Netflix,3254.16,inr,PENDING,Entertainment,A28,Anomaly check
,27-12-2025,Uber India,$4098.34,usd,success,,A14,Duplicate?
5797d87c-c481-4914-a387-cf34e28f4536,07-04-2025,IRCTC,$914.6,usd,failed,Travel,A6,Refunded
,2025/04/28,Google,4601.46,usd,success,,A12,Refunded
ad5b06b3-49bd-487b-bf36-de461cea6ac4,03-09-2025,Local Bakery,3026.47,INR,failed,Transport,A36,
23d23ae6-fefa-43d5-be4f-506edfaceaf0,2025/03/15,Google,$2667.03,inr,failed,,A27,Refunded
9e6aa026-4b54-400f-974a-0193b895fa74,2025/01/30,Apple,4253.69,USD,Pending,,A11,SUSPICIOUS
e9eab249-9e09-4ae4-8e2c-c56d033a127c,19-08-2025,Zomato,2816.02,usd,success,Travel,A50,Duplicate?
,2025/06/16,Uber India,2731.42,USD,Pending,,A29,Refunded
66240576-6bc0-4e59-90d8-172cc3479e98,23-08-2025,IRCTC,4086.76,INR,failed,Utilities,A7,
38ac00f9-bcf6-456b-ae37-fb297b6d65aa,06-04-2025,Apple,$2547.22,inr,failed,Shopping,A11,Duplicate?
2e17a471-794f-4c2e-8bef-b54da9025aa3,2025/07/03,Netflix,4189.71,usd,failed,Shopping,A30,Duplicate?
c971e879-4d9b-4b3c-a9da-68ff3eb43397,2025/06/12,Local Bakery,$1156.72,INR,failed,Other,A18,
,2025/09/30,Amazon,3711.87,INR,SUCCESS,Other,A7,SUSPICIOUS
6f19ec28-bf56-4212-889b-4384d8452429,03-01-2025,Swiggy,3584.8,USD,failed,Cash Withdrawal,A27,
b3de80fb-4642-49c3-aca2-8549f1f143ee,2025/02/16,Apple,4100.15,USD,FAILED,Healthcare,A25,Duplicate?
124b67a3-9a36-4d06-b7b4-33215228cf29,08-02-2025,IRCTC,945.77,usd,PENDING,Healthcare,A7,
abbce7d7-8e0a-4f03-8c3a-9d90d190882c,07-03-2025,Spotify,2769.48,inr,failed,Utilities,A23,
abbce7d7-8e0a-4f03-8c3a-9d90d190882c,07-03-2025,Spotify,2769.48,inr,failed,Utilities,A23,
9c3f4a7c-5a74-40b6-9208-c7ed804df6fd,2025/07/03,Swiggy,4635.58,usd,success,Healthcare,A23,SUSPICIOUS
6df4eadc-9fac-4a7b-a157-e7a985cac44b,04-06-2025,IRCTC,4520.31,INR,failed,Transport,A20,Refunded
324f295b-c340-4f8d-b8d7-9a0951b34f17,2025/11/04,Zomato,3283.62,inr,failed,Food,A13,
c70b831c-1c4e-4248-9eb3-9ea5d4972ae7,13-06-2025,Apple,719.42,usd,PENDING,Cash Withdrawal,A49,
4c133b0c-0c72-49c5-a582-d773e8d0862a,03-07-2025,Google,$4002.67,INR,success,Utilities,A5,Refunded
37d51c66-b0db-493a-9aa3-170977d36f1d,2025/04/27,Apple,$4650.18,INR,failed,Cash Withdrawal,A15,SUSPICIOUS
5e81a99b-0a55-425c-b70f-37dcc873126c,2025/08/11,Shell Petrol,2467.53,usd,SUCCESS,Shopping,A34,
c1b4d071-7abd-4791-b957-0fa88540555b,2025/01/11,Local Bakery,$764.07,INR,success,Cash Withdrawal,A29,Duplicate?
f98dfe55-110a-4d10-ab0e-d9a7c1c378a6,2025/09/25,Uber India,4627.27,INR,success,,A40,
b55b2e2b-06ef-4d82-9b86-4c986e0d6311,2025/12/03,Flipkart,237.8,USD,success,Utilities,A44,SUSPICIOUS
d627c1e2-09fb-4c64-a121-605293229a0f,23-07-2025,Uber India,$2560.68,USD,Pending,Shopping,A17,SUSPICIOUS
dc60c7fa-c9df-4ebc-b6bf-339fd6d03d3f,07-03-2025,Swiggy,$4176.51,USD,Pending,Utilities,A2,Anomaly check
cee474cf-1553-4118-9aba-9f196b18d597,20-05-2025,IRCTC,$4074.39,inr,failed,Healthcare,A17,Anomaly check
4a3315a4-ba11-4b91-9547-4c8404755e1f,03-02-2025,Spotify,3091.25,inr,PENDING,Shopping,A8,SUSPICIOUS
,13-03-2025,Ola,$3529.82,inr,failed,Travel,A43,Duplicate?
df7a5640-fe5a-4ade-9a94-2b9fdde0bf1c,2025/03/09,Flipkart,4207.73,USD,failed,Travel,A42,Refunded
de258592-20fd-4b6b-8a04-81879bb382fc,2025/07/30,Shell Petrol,4603.16,USD,SUCCESS,Travel,A41,Anomaly check
,23-06-2025,Swiggy,1485.57,inr,FAILED,Cash Withdrawal,A36,SUSPICIOUS
67ea4fc8-e057-42e6-9556-aba8590a2b67,2025/11/15,Zomato,110.25,usd,success,Transport,A36,Anomaly check
6ec6cd5a-0afb-4368-81cf-3d919897f6bc,2025/08/13,Amazon,3220.15,INR,FAILED,Shopping,A35,Anomaly check
cb7c6eff-09ae-4b0b-855f-9c73e8f60f51,23-03-2025,Spotify,$3215.74,INR,failed,Other,A18,Refunded
889053e4-0cf1-497d-a72e-1ff70f7450f3,2025/04/21,Uber India,$1007.22,INR,SUCCESS,Food,A50,
1bcb9c85-5fcf-40f1-b329-ae560751a281,2025/03/19,IRCTC,2232.04,USD,success,Utilities,A5,Duplicate?
8eed39b7-6ea9-48e5-9879-e3bb23064ee2,2025/11/26,Shell Petrol,3702.21,USD,SUCCESS,Utilities,A27,SUSPICIOUS
721a7522-eef9-4383-bf80-db7269724ed3,01-08-2025,Swiggy,$1541.01,USD,failed,Healthcare,A39,Refunded
9835e54b-6472-4b76-80c6-387d983bbfce,2025/02/28,Spotify,3083.52,inr,FAILED,Food,A50,SUSPICIOUS
,2025/02/08,Spotify,4863.64,inr,SUCCESS,Travel,A29,Duplicate?
cf9fbda6-8397-445f-bbad-b1df0f4a2e01,28-02-2025,Shell Petrol,4380.66,USD,PENDING,Travel,A5,
499fbcc4-dd92-4b1d-a59c-8f42c665408f,2025/11/21,Ola,2882.75,INR,PENDING,Entertainment,A23,Duplicate?
0af5803e-bdc2-42a6-bee9-e7a06fa00695,29-04-2025,Local Bakery,2029.98,USD,SUCCESS,Food,A27,Anomaly check
,2025/07/09,Local Bakery,3260.48,USD,SUCCESS,,A5,Refunded
,03-02-2025,Apple,2095.6,USD,success,Food,A38,Refunded
381d91aa-d839-416c-8160-d0b391fa0e94,2025/02/17,Zomato,1715.23,USD,FAILED,,A30,SUSPICIOUS
61504853-add3-4bcf-ac34-8ea481192a81,2025/08/05,Shell Petrol,3660.23,usd,PENDING,Entertainment,A7,Duplicate?
4bb45943-abe0-4d33-a1df-faf999fe65c9,2025/08/25,Zomato,1246.21,inr,success,,A17,Duplicate?
8122c6a5-5687-42ff-a373-3f14b1c22c95,2025/01/25,Flipkart,444.65,INR,FAILED,Food,A49,Anomaly check
8174546d-e244-4693-949f-b1b9a60fce8a,26-10-2025,Google,93.77,USD,FAILED,Transport,A12,Refunded
0db59eb6-670b-487a-be90-7b26a5f62d19,2025/11/28,Flipkart,4203.72,usd,failed,,A30,SUSPICIOUS
2954bd56-81cb-4596-b964-c30c3ada3c9e,2025/02/08,Amazon,3800.93,USD,Pending,,A41,
a5869f94-4a85-47f6-8aaa-3f59f9aaf140,03-09-2025,Swiggy,3934.1,USD,SUCCESS,Utilities,A3,
9d635de7-9331-41eb-bf62-ffa0e2133060,2025/10/19,Amazon,$2333.1,USD,SUCCESS,Cash Withdrawal,A36,Anomaly check
8336a940-c10d-4464-8946-be74f6d283ac,17-05-2025,Uber India,2130.07,inr,failed,,A37,Duplicate?
85d3c31e-3d9a-4eb0-8226-ee9769528b8d,08-06-2025,Netflix,2292.28,inr,failed,Transport,A49,Anomaly check
dec056f7-5442-41bc-9759-52e97c06a879,2025/06/28,IRCTC,4026.46,usd,failed,,A7,
b1e16b35-15a5-4349-8e1f-3922d1b537d2,2025/09/06,Netflix,4412.34,USD,failed,Shopping,A40,
1215075a-c1be-4c6b-896c-953fa70c7c6d,12-06-2025,Amazon,$2235.47,usd,success,Other,A5,
b976920e-0c5b-444c-8610-6a4c7985e3c1,2025/04/08,Google,3914.18,inr,SUCCESS,Cash Withdrawal,A1,SUSPICIOUS
b0350d90-8d12-4c0a-a3eb-4f8c90d32b30,2025/04/03,Google,60.14,inr,PENDING,Transport,A47,
cb0c761d-ef33-41f1-8630-2c3334154568,2025/11/11,Uber India,$4118.78,inr,Pending,Transport,A27,SUSPICIOUS
35299d43-1195-4221-bb4b-0fac0e16a6b7,08-05-2025,Spotify,3549.6,INR,success,Travel,A9,SUSPICIOUS
d2a06641-da25-45ea-b644-5556d3b26162,2025/11/02,Flipkart,3420.0,INR,PENDING,Healthcare,A44,Duplicate?
a400ef64-042c-4087-bf1b-75766c0df14f,2025/11/11,Swiggy,488.6,USD,PENDING,Cash Withdrawal,A10,Duplicate?
16409634-24d4-4182-89d5-f51832ddd698,06-09-2025,Spotify,1051.81,USD,SUCCESS,Other,A17,
de564015-22ed-4ce4-b4f3-ec145e2c32de,09-08-2025,Shell Petrol,$357.67,usd,PENDING,Other,A28,Anomaly check
691c08f8-5bb4-4925-9c5f-c0c120e9f176,2025/11/02,IRCTC,352.0,usd,success,Travel,A35,SUSPICIOUS
1add6af8-8dfe-479d-a56e-0686abad7ae7,2025/08/24,Shell Petrol,1460.88,INR,PENDING,Healthcare,A35,Refunded
1add6af8-8dfe-479d-a56e-0686abad7ae7,2025/08/24,Shell Petrol,1460.88,INR,PENDING,Healthcare,A35,Refunded
5abb93f1-66ca-4fb0-af30-b16af170e441,02-03-2025,Spotify,2078.42,INR,Pending,Other,A13,Refunded
5abb93f1-66ca-4fb0-af30-b16af170e441,02-03-2025,Spotify,2078.42,INR,Pending,Other,A13,Refunded
59ec4f31-6f68-4ba6-bc22-f19028e4bd33,2025/12/22,Uber India,2549.86,USD,FAILED,Travel,A16,
d77696fa-292a-4621-b541-4cfec05a0791,27-02-2025,Spotify,1863.4,INR,Pending,Shopping,A35,Anomaly check
5165bd90-d33a-47f5-a111-894806f29c51,22-01-2025,Zomato,2665.19,USD,success,Entertainment,A33,Anomaly check
20735c78-9828-4413-ba90-968133b6baa0,2025/08/31,Uber India,$1579.34,INR,success,Shopping,A8,Refunded
989a7c2d-1aec-4a02-b934-224dbeff60f3,2025/05/08,Swiggy,1264.52,USD,Pending,Healthcare,A47,Duplicate?
4aec7082-7677-4db5-859f-5b1e72b859e8,2025/10/27,Amazon,2144.42,inr,Pending,Food,A39,
,2025/09/26,Swiggy,1739.98,INR,FAILED,Entertainment,A43,SUSPICIOUS
11239d30-1235-4ef8-963b-9fec16b128f6,07-03-2025,Local Bakery,4335.58,inr,SUCCESS,Utilities,A5,SUSPICIOUS
79b73949-344a-4f71-b2f5-923653c35405,2025/10/03,Local Bakery,2456.48,INR,success,,A50,SUSPICIOUS
27cb65c8-318b-47df-88cd-482524ddcfd8,17-01-2025,Spotify,$3079.01,USD,PENDING,Travel,A21,Refunded
84937b6d-3a91-4666-9c31-9632c99f5bea,2025/11/20,Spotify,631.42,inr,failed,Healthcare,A9,Refunded
2b502d9b-0dde-4333-8227-626bf98762bc,2025/03/28,IRCTC,$3126.47,INR,failed,Travel,A4,Refunded
c8259365-ff10-4742-a3eb-7b3a56ed8290,31-05-2025,Zomato,949.69,inr,PENDING,Food,A41,Duplicate?
c0dcdc23-2f6d-426f-93d8-c9c4bf8129d9,25-02-2025,IRCTC,2154.01,INR,failed,Other,A36,Duplicate?
3657042d-6027-450b-877e-d298ecf4e0d2,18-09-2025,Swiggy,935.56,inr,failed,Other,A6,
c40d8dd3-38a2-4cd8-83cc-bfd2b1e16dfb,18-08-2025,Local Bakery,4565.42,USD,failed,Travel,A23,Anomaly check
dc2f7e56-8e66-4731-8eff-e37648444e0b,30-07-2025,Google,4966.27,inr,FAILED,Utilities,A45,Refunded
dc606856-3992-4fd4-9d58-2d33cb7cc316,05-04-2025,Netflix,2439.89,inr,PENDING,Other,A29,Duplicate?
,21-10-2025,Netflix,$1745.75,usd,PENDING,Entertainment,A17,Anomaly check
bb0567f2-264e-46c4-b3db-f3bb382c061e,2025/01/09,Spotify,3379.95,USD,PENDING,Entertainment,A21,
8149cc5e-899f-462a-8973-7a15b1d77668,02-05-2025,Netflix,2547.52,inr,PENDING,,A40,Duplicate?
b45e3ea1-4d1c-467f-96af-53622c541f10,2025/05/02,Ola,$2563.93,usd,FAILED,Travel,A44,Duplicate?
08fbb1fd-e135-4a2d-8544-161b70717377,2025/03/28,Uber India,196.21,USD,PENDING,Other,A24,SUSPICIOUS
3966ecaf-e3da-4909-b37c-bda6051adec0,25-03-2025,Amazon,216.06,INR,FAILED,,A2,SUSPICIOUS
2abf0fae-2c56-491e-8d1f-2d16ab39233d,2025/02/23,Swiggy,$2432.0,INR,PENDING,Travel,A14,Anomaly check
e7a7fbbd-622c-4da3-b503-a187f23d450c,10-06-2025,Swiggy,29051.57,INR,Pending,Transport,A2,Anomaly check
0cac0c53-5f2f-4b02-a7f5-05a5195b3eda,2025/04/12,Shell Petrol,2479.71,INR,success,Other,A1,Duplicate?
5a522ac0-b217-4661-bedf-0cb69b532e9b,25-01-2025,Shell Petrol,1853.21,usd,PENDING,Cash Withdrawal,A24,Duplicate?
332769c9-04a4-4ca3-aa1c-6c7170ffc32c,27-06-2025,Uber India,2843.7,usd,SUCCESS,Healthcare,A28,SUSPICIOUS
5d433c00-f408-4af2-8246-8745d26583ad,22-03-2025,Flipkart,1036.57,inr,Pending,Travel,A26,Anomaly check
0dd95ee1-b21b-43db-80d2-fe4c7a197cdf,10-05-2025,Ola,$1134.74,inr,SUCCESS,Food,A41,Refunded
aef85b60-efff-42de-85ad-b71fd068487b,2025/03/21,Amazon,143.14,inr,PENDING,Entertainment,A50,SUSPICIOUS
912df5e4-acf3-4eeb-8705-20e7fff2ca3a,01-03-2025,Swiggy,4675.19,INR,success,Entertainment,A2,Anomaly check
745b4b7c-da81-4150-a17e-d5a91aa04eee,2025/12/26,Apple,2146.4,usd,SUCCESS,Cash Withdrawal,A31,Duplicate?
73032150-b869-43a7-870e-028d2f02ff80,2025/10/26,Apple,3970.67,INR,SUCCESS,Shopping,A1,
64b76823-8dcb-4ed5-a523-45790079069a,2025/06/07,Spotify,73.67,inr,FAILED,Transport,A26,Duplicate?
0fc7eb77-8ed5-42f2-b696-be0b6ac3e85d,2025/02/05,IRCTC,2172.23,USD,success,Cash Withdrawal,A24,Duplicate?
96b09ed4-364b-4069-8a15-55fe9eb87ea3,01-07-2025,Google,4803.5,usd,PENDING,Cash Withdrawal,A39,
ea35a807-b81c-48ce-bee1-5ecf56cc7fa1,2025/07/18,Amazon,1562.22,USD,SUCCESS,Travel,A10,Duplicate?
,2025/03/06,Amazon,4528.32,INR,Pending,Healthcare,A16,Refunded
78c21cd7-8f4b-495b-912b-b328c1dfb103,2025/10/06,Ola,3325.81,INR,PENDING,Utilities,A47,Duplicate?
21c67be8-be00-41fb-9490-a511ce27d275,2025/04/28,Uber India,938.85,inr,Pending,Transport,A34,Refunded
9188f299-848d-4cd5-a879-b53cefdc9e2b,2025/05/17,Swiggy,1064.31,usd,PENDING,Shopping,A39,Duplicate?
c83469a4-0041-4762-b5db-75bd7fcf1e31,2025/12/26,Uber India,2319.25,INR,PENDING,Shopping,A4,Refunded
bf330c3c-6c21-4a92-9464-ae7a65e895fa,14-04-2025,Shell Petrol,4404.89,INR,PENDING,,A30,SUSPICIOUS
a385d241-2f10-4c69-886a-7299886d2295,07-05-2025,Spotify,2898.25,inr,SUCCESS,Utilities,A12,
,31-12-2025,Apple,4445.41,usd,Pending,Healthcare,A22,
f88430de-2fcb-40b6-ab17-1a8d1d39820c,2025/11/06,Netflix,860.2,USD,Pending,Entertainment,A6,
3c8aaba3-3b42-4ce8-a7f0-8ac5fa9646ae,08-05-2025,Google,4921.19,INR,success,Shopping,A30,SUSPICIOUS
349fc677-3c21-4aef-959e-6fa07cbbd1c1,2025/08/29,Uber India,4374.73,USD,Pending,Utilities,A20,Duplicate?
1cf862f4-4273-473c-bea5-68c564d76215,2025/10/16,Zomato,3220.38,usd,failed,Shopping,A47,SUSPICIOUS
bf52e83c-4722-4c51-b0ef-988e3d8fead7,07-12-2025,Google,1398.69,usd,Pending,,A24,Refunded
64728171-3057-4d0d-87aa-9c78572256b7,31-05-2025,Ola,4715.02,usd,Pending,Healthcare,A36,Refunded
6632debd-0cd3-49c7-b15b-3646f0c547f8,08-08-2025,Ola,57.29,USD,failed,Shopping,A48,Refunded
7e575985-050c-4435-a937-42ed55f57df7,2025/08/01,Amazon,598.41,INR,FAILED,Entertainment,A41,Refunded
6cb8fc97-a68a-4010-973c-7414616861f2,2025/08/28,Local Bakery,3706.84,usd,SUCCESS,Utilities,A2,SUSPICIOUS
a344ec49-efd1-4f66-a71e-821fe383f2e4,03-11-2025,Apple,4339.43,inr,Pending,Other,A40,
d203dcd1-af9d-49c8-b9e4-2c05133cc1d6,2025/05/12,Ola,$1222.56,USD,FAILED,,A48,
f2b3ad50-d25f-49df-8a67-c167981402c6,12-08-2025,IRCTC,$4611.65,usd,PENDING,Travel,A16,Refunded
a6b0fb61-9fe1-4566-a518-8cce32f7513f,2025/11/07,Zomato,1270.63,USD,PENDING,Travel,A27,Anomaly check
c65cefdf-5e68-42a3-98ec-faa0aa334e2e,2025/11/22,Zomato,116.02,USD,PENDING,Utilities,A11,
c435b253-24c4-49ea-a196-65ac8ea61218,2025/01/02,Zomato,4682.48,INR,PENDING,,A16,Anomaly check
f2172577-88b0-4365-bcc1-225d23f101db,2025/08/20,Shell Petrol,3743.05,inr,PENDING,,A27,SUSPICIOUS
f2172577-88b0-4365-bcc1-225d23f101db,2025/08/20,Shell Petrol,3743.05,inr,PENDING,,A27,SUSPICIOUS
46629ca1-31fe-43e0-9219-57729c5c4cc1,12-09-2025,Local Bakery,4625.01,inr,FAILED,Shopping,A23,SUSPICIOUS
a8dc2c05-a1d4-4124-9f26-fd73ab14e96e,04-03-2025,Spotify,4753.56,inr,FAILED,,A22,Refunded
82af6d10-853b-4cf8-b05e-12c080952053,07-12-2025,Swiggy,387.69,usd,failed,Transport,A12,SUSPICIOUS
90b47a2d-784d-490e-bbc6-d6cba6112494,2025/05/24,Google,4399.32,inr,Pending,Food,A47,Anomaly check
06dd6fd7-bfc1-4953-ad4a-5862b9931b95,2025/03/25,Google,4226.53,USD,FAILED,,A29,SUSPICIOUS
878013d0-1848-4e50-8598-2cce588b7189,05-05-2025,Swiggy,2934.06,inr,FAILED,Utilities,A40,Refunded
305caa9d-08b3-4c1f-9568-0146ae89574f,2025/03/20,Ola,2471.91,inr,failed,Utilities,A41,Duplicate?
b58d7012-ae8b-40be-b1f4-e0cce80e86d5,05-11-2025,Zomato,2228.05,usd,PENDING,,A35,Duplicate?
b99d732b-ae34-4276-a666-62bcb231f10b,19-04-2025,Uber India,1671.21,inr,SUCCESS,,A32,
40e3aa18-488d-40a4-9d94-e16ef2fd90d3,04-11-2025,Shell Petrol,$2164.08,INR,failed,Utilities,A8,SUSPICIOUS
40e3aa18-488d-40a4-9d94-e16ef2fd90d3,04-11-2025,Shell Petrol,$2164.08,INR,failed,Utilities,A8,SUSPICIOUS
92a2bd1d-b616-437f-8ce3-a8f191d183ab,2025/12/13,IRCTC,$2217.38,inr,failed,Transport,A12,SUSPICIOUS
099d5402-cf5a-4955-9a49-0f451be52b96,2025/07/13,Google,4593.08,USD,failed,Food,A40,Anomaly check
,2025/01/14,Spotify,141.86,USD,failed,Entertainment,A49,SUSPICIOUS
,2025/03/30,Zomato,1998.56,USD,Pending,Cash Withdrawal,A39,Duplicate?
452d073a-1a73-424f-a3eb-0cf56b835198,30-11-2025,Apple,3136.44,usd,FAILED,Transport,A38,SUSPICIOUS
2b292696-7141-4707-a7ee-8d1195625778,2025/12/06,Netflix,1974.53,usd,failed,Travel,A2,Duplicate?
16bdd0d2-e701-406a-81eb-369c949a1dd2,2025/02/12,IRCTC,3798.1,inr,Pending,Cash Withdrawal,A15,
4f94d8d1-0d26-46a5-9c04-3c8b01392d73,14-01-2025,Zomato,3594.26,USD,success,Food,A38,
5ffbeaff-e612-4995-a50e-1f5586875623,24-04-2025,Shell Petrol,2216.37,INR,SUCCESS,Travel,A37,Anomaly check
87f4fd7b-8d42-4ff7-9564-411ad39f0003,09-07-2025,Uber India,4166.83,USD,failed,Cash Withdrawal,A36,Refunded
9469ac51-d803-4d78-aea1-d1d0c0c16643,03-04-2025,Apple,2697.14,inr,PENDING,Transport,A46,SUSPICIOUS
090deda8-d238-4343-a33b-9f4dab8e98ed,04-08-2025,Spotify,2364.49,USD,Pending,,A34,
53c2e8b3-4eb2-49a1-bc0e-e1a35804c350,23-06-2025,Uber India,4386.33,usd,success,Transport,A25,Refunded
29a1ca62-ca3b-4002-85e9-145bd6716169,2025/11/08,Netflix,2066.31,INR,failed,Transport,A43,Duplicate?
206516a9-8dab-4908-b25a-e75d99774783,25-09-2025,Apple,1191.11,INR,SUCCESS,Cash Withdrawal,A5,
97550c4d-8d9a-474d-9424-cbf46707e7f4,06-11-2025,Shell Petrol,1354.32,USD,SUCCESS,Shopping,A44,SUSPICIOUS
97550c4d-8d9a-474d-9424-cbf46707e7f4,06-11-2025,Shell Petrol,1354.32,USD,SUCCESS,Shopping,A44,SUSPICIOUS
90cf4792-4e5b-40b5-9756-d209ea855632,01-12-2025,Swiggy,4821.98,USD,FAILED,Travel,A33,Anomaly check
e5dae608-1c13-41a0-ac0e-f2339d0a0e30,2025/12/01,Netflix,$1516.26,INR,PENDING,Entertainment,A40,SUSPICIOUS
cc297242-e5aa-4ea0-beae-28b6feb2376e,2025/11/20,Shell Petrol,1654.0,inr,SUCCESS,Transport,A25,
735b3205-15a4-4880-9124-621cb5be200e,27-02-2025,Zomato,$2284.03,inr,SUCCESS,Food,A20,SUSPICIOUS
11f13a57-24e6-41dc-b0d0-d62d8bc9841f,27-03-2025,Local Bakery,4909.34,usd,Pending,Food,A7,Refunded
7e0039eb-d687-4d8d-b93f-42480470b67e,2025/10/05,Amazon,1907.34,INR,Pending,Healthcare,A13,
a47c9cd2-3766-48e7-b3b8-c2892cbb9fe1,30-04-2025,Swiggy,4981.65,USD,success,Food,A9,Anomaly check
e2f31330-3e94-4496-8973-d7fc1a8c47d9,2025/04/03,Apple,$3113.05,INR,Pending,Cash Withdrawal,A45,Duplicate?
d9257516-3bf5-4fe1-90fe-6e59c6252ad7,10-02-2025,Uber India,120.99,inr,SUCCESS,Other,A20,Refunded
4f06ca5c-eda2-4888-a718-7fffed58f398,2025/12/04,Apple,2115.92,INR,PENDING,Travel,A16,SUSPICIOUS
6638baa5-b6ee-4e23-8844-1c7a77d8fb5c,2025/11/17,IRCTC,4094.1,INR,failed,Travel,A37,SUSPICIOUS
da1dea56-bcc0-4de1-8467-e9e7a7dc2e99,21-01-2025,Flipkart,638.57,inr,success,Other,A21,Anomaly check
095477cd-2275-430f-a43e-0f1864daacda,16-07-2025,Apple,4320.04,USD,PENDING,Entertainment,A30,Duplicate?
d63b7caa-9924-4d07-ab34-9fe306551fef,02-06-2025,Shell Petrol,31.37,INR,Pending,Travel,A21,Refunded
a1aa20ea-3695-4579-8d1a-0890594db4c9,2025/07/21,Apple,2748.87,INR,PENDING,Utilities,A44,Refunded
4b29ace0-accb-42d9-9a9e-eabaf88477b5,2025/01/04,Netflix,$2057.17,usd,FAILED,,A2,
92c9432f-0437-4b3c-a932-9a38a66675dc,2025/08/11,Shell Petrol,934.97,USD,FAILED,Other,A45,
d73858f3-ddbc-46a0-8db3-31845d219f23,2025/02/18,Uber India,3250.69,INR,Pending,Healthcare,A37,Duplicate?
788735be-f42b-4709-88bb-445d07372877,23-04-2025,Apple,1268.34,USD,success,Transport,A22,Refunded
,08-05-2025,Zomato,755.19,USD,failed,Cash Withdrawal,A27,SUSPICIOUS
,18-07-2025,Netflix,2112.61,INR,Pending,,A50,Anomaly check
b5606d7f-e0c8-4e5e-9e77-90772e9e8973,2025/08/11,IRCTC,1936.64,INR,success,Transport,A40,Refunded
,2025/07/27,Ola,$3205.49,USD,failed,Transport,A38,Duplicate?
43aaef77-4946-49be-91bf-6481f364a3f1,08-03-2025,Apple,4317.85,INR,failed,,A22,SUSPICIOUS
610e6423-1a88-4d52-8b87-453db1a33058,2025/07/07,Amazon,$4242.13,USD,FAILED,Travel,A46,
1aabb420-1da8-40e2-88c3-3491675c6e27,2025/06/03,Amazon,2269.52,INR,Pending,Cash Withdrawal,A32,
878cd139-3524-4bff-b568-a025f4a844d3,2025/03/21,Spotify,3496.92,INR,PENDING,Transport,A2,Duplicate?
5ef4493c-6302-412d-9e0d-71b55173b7e1,05-11-2025,Swiggy,$3066.1,usd,PENDING,,A38,Refunded
2388d5a1-6547-4c76-b488-c68bf877a58d,2025/11/04,Ola,2721.04,inr,failed,,A2,Refunded
3d59bb41-f325-4211-b403-67db400dbe88,2025/02/23,Amazon,384.92,inr,SUCCESS,Healthcare,A15,Refunded
a145fded-ce2a-4904-903c-5b63529df180,02-07-2025,Uber India,4544.83,usd,Pending,Utilities,A5,Refunded
1b1861bb-77d6-45e8-bdb1-00ce25ce6285,14-01-2025,Amazon,1627.33,USD,PENDING,,A2,Duplicate?
ce15701e-6df5-4fb4-9ac5-68e65f40bb84,2025/04/24,IRCTC,3007.91,INR,SUCCESS,Shopping,A12,Anomaly check
,2025/07/02,Swiggy,1565.1,USD,failed,,A39,Duplicate?
f982f953-2732-4ae2-a564-cf1eb4a771f4,16-08-2025,Amazon,2732.77,USD,Pending,Healthcare,A18,Duplicate?
ba5d814a-7927-4b35-acd6-6e6c66049926,01-09-2025,Spotify,2518.68,INR,FAILED,Travel,A3,
02dbd9b2-0ebd-4be2-8151-46f115698431,2025/06/30,Apple,2363.04,USD,PENDING,Shopping,A3,Duplicate?
cd9c62ec-15b1-4476-a01a-0723849d00a4,2025/03/04,Local Bakery,1320.94,INR,Pending,Shopping,A9,Refunded
9d9b4a43-1e91-4449-a258-b21ead39e848,16-12-2025,Uber India,2851.54,usd,FAILED,Food,A36,Refunded
1f50333b-e070-482e-8d6f-449567d73f1b,2025/07/28,Shell Petrol,76.48,usd,PENDING,Food,A28,Duplicate?
ad10ed7e-954e-4be6-b042-c5cb5a688723,06-11-2025,Spotify,4379.38,usd,failed,Travel,A21,Refunded
,2025/06/09,Shell Petrol,848.24,USD,failed,Entertainment,A46,SUSPICIOUS
ee123336-3bb7-4ebe-a71a-4c9d028418a0,27-02-2025,IRCTC,2239.64,INR,SUCCESS,Transport,A6,
456866d5-9dfc-4164-ac97-6dd33d0b4599,2025/05/19,Local Bakery,$3763.92,usd,SUCCESS,Travel,A4,Anomaly check
3b79c398-46db-432c-9f6d-d114e77c5899,2025/04/07,Uber India,$375.55,inr,success,Shopping,A20,Duplicate?
0e9f6dcb-4995-4309-ae0c-ae61eb9a86ee,28-04-2025,Zomato,4375.32,INR,FAILED,Travel,A1,Refunded
4c2cda3b-4559-41b8-9e16-12a948bf3d31,2025/09/26,Netflix,1217.99,usd,success,Food,A43,Duplicate?
2b0af1aa-7808-47fc-a069-4e433bd17978,2025/04/10,Shell Petrol,$1627.84,USD,PENDING,Food,A1,Refunded
82baf0d5-7f4c-41c5-b366-9a66516267cf,2025/11/07,Ola,3164.0,USD,failed,Transport,A22,Refunded
8accd824-1f1b-4cae-85fb-73ca1bd1ac47,26-01-2025,Swiggy,$3031.4,USD,PENDING,Entertainment,A32,Duplicate?
912faf1a-b327-4d23-a89f-13e293f18303,08-07-2025,Swiggy,2601.15,INR,failed,Cash Withdrawal,A28,Anomaly check
f29d38b9-28f6-4576-a4c6-f431f3510d22,25-11-2025,Local Bakery,1753.61,usd,FAILED,Other,A23,Duplicate?
e46879cb-ccee-4baf-a4a6-441be6003d48,2025/03/03,Uber India,3189.15,USD,FAILED,,A36,Duplicate?
adc0edf5-7626-4c37-bdee-fa7e1af1a43e,26-10-2025,Amazon,$56.68,INR,Pending,Transport,A36,SUSPICIOUS
502c8105-5a65-450b-a4d1-323964ae34f2,2025/04/11,Uber India,1302.2,inr,success,,A3,
5d06c3e6-8880-48a7-8cdf-719e213a8652,28-07-2025,Google,1362.29,USD,PENDING,Cash Withdrawal,A2,SUSPICIOUS
e7c3fd7d-6d6d-4429-a3c9-45fae16ccec6,27-03-2025,Apple,$4867.86,usd,FAILED,Food,A25,
ce7b3731-4c8e-4535-88b0-bc11198d795b,2025/08/16,Zomato,$240.11,inr,success,Healthcare,A3,Duplicate?
ed6d69e6-5b20-4f24-a000-1543c60fc941,2025/03/16,Uber India,162.66,USD,FAILED,Travel,A33,
398817bf-fc81-4e63-9fa9-a3d84ef2bc70,2025/11/30,Zomato,3693.25,inr,Pending,Travel,A32,Refunded
1882eb1d-d434-4658-8f00-88c6b82b58b2,05-03-2025,IRCTC,$3007.07,INR,SUCCESS,Utilities,A40,Refunded
c0542d96-de30-4670-9791-2e3eefd8b8d9,2025/05/10,Uber India,2562.47,inr,failed,Shopping,A46,Duplicate?
e2e6bb99-c63b-4e13-af46-ef84a15f0b81,08-05-2025,Shell Petrol,1015.78,inr,failed,Entertainment,A19,Anomaly check
00b10188-0dc9-44ad-a52a-bc3d611bd828,30-06-2025,Spotify,$1052.8,USD,SUCCESS,Travel,A28,Refunded
a5cf44b8-6834-4d62-a395-6b2d6c6d4c8e,2025/04/11,IRCTC,2167.01,inr,FAILED,Food,A22,Anomaly check
bc4eed1a-018b-4ca3-a47b-101a2fed0f95,11-10-2025,Flipkart,3599.04,inr,Pending,Utilities,A30,Anomaly check
255ea707-85b8-44ac-bc1f-857353bf014f,24-05-2025,Google,$2518.2,usd,FAILED,Other,A1,Anomaly check
,13-08-2025,Shell Petrol,463.29,inr,Pending,Healthcare,A43,Duplicate?
576476cb-0325-48d1-a68d-47d26e9780e0,13-03-2025,Local Bakery,$284.32,USD,Pending,,A49,Refunded
0bdb3814-78c1-47c1-96b4-e2431e819599,13-04-2025,Apple,4463.3,inr,success,Shopping,A39,SUSPICIOUS
7915979a-fdbf-4b4f-833f-fd6067c521c9,2025/05/27,IRCTC,1030.42,usd,PENDING,Utilities,A28,Duplicate?
eaf7a7db-a363-49d3-9f85-9b89c8bcfb96,21-09-2025,Netflix,2941.54,USD,Pending,Other,A29,Duplicate?
,16-01-2025,Flipkart,4649.49,USD,failed,,A16,Refunded
f2f4c46c-061c-4b41-b8fd-25b476052ea7,2025/05/18,Flipkart,4076.0,USD,SUCCESS,Travel,A50,Duplicate?
0586162c-f6f2-4e08-9563-2bf498783c83,09-07-2025,Zomato,1798.89,USD,FAILED,Shopping,A12,SUSPICIOUS
32f9a09c-df70-4623-b65f-b0ad41ea2dce,13-02-2025,Spotify,2130.27,INR,failed,Entertainment,A42,SUSPICIOUS
5b4c2387-3316-4b6d-a041-41d4a8dfb0cc,30-04-2025,Apple,$349.48,USD,SUCCESS,Cash Withdrawal,A20,Duplicate?
39520d33-bd23-4e47-a328-a0b0cb996c4a,2025/03/25,Spotify,4609.99,inr,SUCCESS,Shopping,A8,Anomaly check
c2fcdb3d-2f51-4e99-a2c1-8389cba99152,2025/11/13,Ola,1006.94,INR,FAILED,Transport,A6,Anomaly check
537afd85-e505-492a-a8db-deee53bf02af,31-08-2025,Local Bakery,3750.76,INR,FAILED,Food,A26,
5eeccc2a-5c5f-4685-9738-9a9396b68413,02-02-2025,Google,2065.46,usd,success,Entertainment,A29,
cfc05ce9-d134-46d5-844c-397ea28806fc,2025/12/26,Google,477.7,inr,SUCCESS,Entertainment,A37,Anomaly check
,2025/02/21,Ola,$4583.3,USD,FAILED,,A42,
94262e0f-f4f1-4db2-869e-aacc2041684b,17-07-2025,Local Bakery,767.53,usd,Pending,Entertainment,A24,SUSPICIOUS
92da8d43-90ef-4234-be77-72eaf00d25eb,2025/07/09,Shell Petrol,4429.0,USD,SUCCESS,Shopping,A14,Duplicate?
7ae45cc8-47a2-4bed-9ba9-283eb080f20b,2025/11/19,Spotify,$692.21,USD,failed,Healthcare,A40,SUSPICIOUS
74809ac9-9499-406b-8b3a-e9a0dfbbab33,12-08-2025,Amazon,4302.66,USD,Pending,Food,A42,Anomaly check
2363fbae-9ea6-4636-b0f4-03e8d752ae49,2025/10/05,Amazon,4468.67,USD,SUCCESS,Entertainment,A25,Refunded
01619bc0-0c25-4836-80e3-1a81ccb55a83,04-02-2025,Shell Petrol,$3354.46,USD,success,,A9,SUSPICIOUS
2d408997-3706-4a46-a794-1784f48cd316,2025/07/22,Swiggy,2904.62,usd,PENDING,Other,A19,Duplicate?
ceb204a0-dac7-46f9-b32f-bb37a5dba861,17-01-2025,Zomato,4067.25,USD,PENDING,Shopping,A38,
62e0fc50-18dd-4fd7-a7bb-9ec90a3129bd,06-10-2025,Apple,4197.95,INR,PENDING,,A8,SUSPICIOUS
c8e5ca19-07cf-4671-9ee2-0e0fcfa58a81,2025/04/16,Apple,1622.47,USD,success,Healthcare,A4,Refunded
be0fcec1-56bf-4c40-a27c-8d3f67177266,06-03-2025,Swiggy,3299.19,INR,PENDING,Utilities,A43,Anomaly check
7633a6e6-28a3-42f0-9020-69f532dbef6d,27-08-2025,Zomato,2212.98,USD,Pending,Food,A41,
902328b7-6786-49da-867e-cef40659a429,11-01-2025,Amazon,326.71,INR,failed,Travel,A23,
,10-05-2025,Apple,4012.89,inr,FAILED,Entertainment,A31,Anomaly check
d26f5b20-5fe9-4292-a180-25316a36ce1d,27-11-2025,IRCTC,3820.27,USD,failed,Food,A25,Duplicate?
a136236f-f19f-4c61-bf7d-cfd47030e275,2025/06/28,IRCTC,1609.13,USD,PENDING,Utilities,A18,Refunded
0db01788-17ab-474a-9f18-4848014e1777,27-08-2025,Flipkart,2104.04,inr,success,Entertainment,A43,Refunded
a167f24c-fb81-4666-b082-2ec36d6fc2d7,2025/11/29,Flipkart,1099.98,USD,success,Transport,A36,
0b0dc7b4-1cca-4e6c-8c1a-6159c909c822,19-10-2025,Uber India,4813.98,usd,PENDING,Healthcare,A40,Duplicate?
dcbc39b2-39c1-4078-91a3-7d1f2f4540f8,01-06-2025,Google,2141.03,USD,FAILED,Food,A31,SUSPICIOUS
1887488f-8b11-4dd3-aee8-5e52820c8705,13-11-2025,Uber India,4644.9,usd,FAILED,Food,A19,Duplicate?
7929a022-5388-4e00-93ae-ff1115a8ef57,19-05-2025,Ola,3477.45,INR,failed,Cash Withdrawal,A10,
073eb945-1f2d-4997-b960-5e354b4390de,05-01-2025,Spotify,3542.18,inr,PENDING,Entertainment,A43,Refunded
5d33bebf-a0c0-4c22-a777-68a735d1d4ab,25-08-2025,Swiggy,$3117.59,inr,FAILED,Shopping,A40,Anomaly check
1bf3e422-1252-4e5b-b898-28e0541a541b,2025/01/21,Uber India,3323.03,USD,success,Cash Withdrawal,A11,Anomaly check
c977312a-544e-4614-b121-cd27b2082cd6,11-12-2025,Swiggy,849.29,inr,failed,Cash Withdrawal,A12,
8742102e-3ed3-417a-b1ef-1b6f23d0c7f5,2025/01/19,Shell Petrol,566.33,inr,FAILED,Travel,A21,Refunded
35ca43b3-8fa2-43be-bcf3-28e8206dd4f4,26-06-2025,IRCTC,3744.91,usd,SUCCESS,Cash Withdrawal,A4,SUSPICIOUS
7df618c1-814f-4506-9ac3-98a9b4fbec29,05-09-2025,Spotify,2462.88,INR,success,,A47,Anomaly check
fc10430b-c365-4806-bb49-59e420cc5552,08-03-2025,Shell Petrol,$4515.79,inr,FAILED,Entertainment,A8,
ade2ddea-455b-4ff6-9321-1d6a26da1529,21-01-2025,Amazon,769.97,USD,failed,Food,A23,Duplicate?
bca42b71-1679-445d-88e5-8a1b9b777976,25-08-2025,Netflix,3516.46,USD,SUCCESS,,A2,Duplicate?
0d3990b8-6958-4f72-8674-41d2c4eb49db,2025/07/20,Swiggy,4456.6,USD,PENDING,Utilities,A27,SUSPICIOUS
de575007-b9da-439a-b20e-cd378b5a7901,2025/08/14,IRCTC,4744.89,INR,Pending,Healthcare,A14,Anomaly check
f343b573-ce77-46f8-b28b-a98d28dc129d,12-10-2025,Shell Petrol,3119.91,inr,FAILED,Other,A35,SUSPICIOUS
e6658672-f0e7-4981-8639-0bd7107dcfe3,2025/10/10,Local Bakery,$738.92,INR,SUCCESS,Travel,A8,Anomaly check
25c62568-eec8-4be6-8370-f585347b6506,25-10-2025,Apple,3872.29,INR,PENDING,Cash Withdrawal,A40,
fa1ea29e-07e7-46ff-b647-340bb27dbf12,09-09-2025,Local Bakery,3465.22,inr,PENDING,Cash Withdrawal,A21,
b5ec3243-a414-4411-a344-7195dcdb33eb,2025/04/08,Flipkart,1095.74,INR,FAILED,Travel,A31,Duplicate?
b9a6aa89-a7e9-4b58-acd6-5cb20225cf6f,20-01-2025,Shell Petrol,3554.31,USD,FAILED,,A36,Anomaly check
b167fff0-b4a0-4216-ab04-c8620d680824,2025/06/03,Flipkart,$3589.03,USD,FAILED,Entertainment,A26,Duplicate?
db635b03-eb2f-48cc-ae06-4eb448197387,2025/12/23,Swiggy,2438.26,inr,SUCCESS,Entertainment,A23,
e1d21dcb-5b6e-46f4-a782-9e6cdb205c96,19-03-2025,Ola,1995.76,usd,SUCCESS,Food,A23,Anomaly check
fe1dd537-3519-4a4e-9116-4ab7b47a0d82,22-02-2025,Spotify,3561.15,inr,PENDING,Healthcare,A15,Anomaly check
6be93817-bc8f-437a-a329-ec5f205d60b6,25-02-2025,Amazon,4143.84,usd,PENDING,,A36,Duplicate?
4a87e71c-35f1-453d-90cc-052197751aeb,2025/08/21,Amazon,4281.57,inr,success,Healthcare,A3,
d97e8e4e-7ef4-4304-aba2-c7b9861810d4,08-01-2025,Netflix,3899.7,USD,Pending,Utilities,A40,SUSPICIOUS
0cb171c7-a3cd-42c0-bd11-adf116a44383,2025/08/15,Shell Petrol,951.06,INR,SUCCESS,Transport,A22,SUSPICIOUS
716b0090-0914-46fd-b2f1-96854f339465,29-01-2025,Local Bakery,1956.24,inr,SUCCESS,Travel,A28,Anomaly check
1a99560d-9aac-4062-b7b7-c0521bb7d7ad,03-10-2025,Google,1497.76,inr,PENDING,,A23,Refunded
9790fd1b-2536-4aa4-aa10-18e045e9af66,18-12-2025,Netflix,1650.93,USD,success,,A6,SUSPICIOUS
ce1e045d-d413-4a06-adaa-bc24d4ffeb1d,2025/11/19,Uber India,4929.45,INR,PENDING,Travel,A9,Refunded
992e4e06-fbf2-49c1-9161-7c609bba9cb2,14-01-2025,Google,$1565.39,inr,SUCCESS,Healthcare,A47,Anomaly check
b3b42ad5-ff1b-4001-85da-22b2b54715d1,2025/09/12,Zomato,640.06,USD,failed,Food,A35,Refunded
091cf2a5-cb73-45f3-b70a-e48d3b827c45,14-12-2025,Amazon,3366.91,inr,PENDING,Travel,A10,Anomaly check
4b18e313-c301-4ff2-be71-8f17b73a0b15,07-11-2025,Uber India,2061.82,INR,Pending,Entertainment,A34,SUSPICIOUS
002917cc-35df-416a-9dfd-287d0bdd56ed,2026/01/01,Shell Petrol,4199.11,usd,PENDING,Utilities,A34,SUSPICIOUS
008baf05-a271-4978-b207-c67b6f625d6b,09-07-2025,Amazon,34.04,inr,failed,,A27,Anomaly check
7a921d93-3412-4f94-94aa-a9249d44671b,09-09-2025,Amazon,1015.41,INR,FAILED,Transport,A8,Anomaly check
007e1413-949a-4424-aaf5-8328d6b16e3c,23-04-2025,Spotify,4603.14,inr,SUCCESS,,A37,SUSPICIOUS
702a17a5-3fd3-4c58-8007-56e1e8a4230d,2025/04/27,Netflix,$3486.85,INR,success,Cash Withdrawal,A28,Refunded
deff3044-e8ee-4dfa-80b0-00d2ae7f6ce9,05-10-2025,Zomato,4487.94,USD,failed,,A36,Anomaly check
541db1ac-755c-4df0-ae28-a98a7cca0e32,2025/04/21,Google,865.48,inr,FAILED,Other,A35,Anomaly check
b9e7cdf6-ceae-4902-84bb-c3681e64e35a,2025/11/17,Google,3768.25,INR,Pending,Healthcare,A7,Anomaly check
b0a9a8d5-3738-4906-8656-1260c3bfa382,29-07-2025,Flipkart,3133.23,USD,PENDING,,A12,SUSPICIOUS
1ae4b8f0-a27c-4af7-be17-f039c0cdf066,2025/01/14,Netflix,3432.82,inr,PENDING,Shopping,A27,Anomaly check
7dfdb226-02d9-4742-b627-95444b4e5fb1,2025/01/19,Flipkart,4190.0,usd,Pending,Utilities,A48,
511e63e9-11f6-4680-a746-2e97e7422405,2025/12/26,Amazon,273.14,USD,SUCCESS,Entertainment,A42,SUSPICIOUS
281e46f9-79b8-48ce-987e-ea8c9fb9ec2f,2025/06/28,Apple,195.18,USD,Pending,Shopping,A31,SUSPICIOUS
49583b45-030b-4556-92f3-f1eb0c27e5d9,2025/06/13,Swiggy,3182.79,inr,PENDING,Entertainment,A38,
764b7a58-2723-41a1-bf5f-47c107579ef0,26-05-2025,IRCTC,338.81,INR,success,,A14,SUSPICIOUS
8330ff2f-169e-4456-b996-4ce05087d86a,2025/10/22,Local Bakery,2755.51,inr,Pending,Food,A28,Anomaly check
38539a95-70f8-4731-a729-94836b6b8e66,05-01-2025,Local Bakery,934.28,usd,SUCCESS,Entertainment,A13,Duplicate?
792b1ee2-7307-4d61-995e-26d4b70fc3fc,2025/05/01,Shell Petrol,378.03,usd,SUCCESS,Entertainment,A23,Anomaly check
64ac3e36-c0af-4324-89bc-7ee32ca255c0,04-10-2025,Amazon,2150.52,usd,Pending,,A7,Duplicate?
22aa8707-83e8-4f16-b52f-80628acc31b8,2025/12/01,Spotify,4002.39,inr,Pending,Travel,A47,Anomaly check
3514b6cd-77fa-4aec-867c-144854237bce,2025/09/18,Ola,2370.54,inr,PENDING,Utilities,A16,Refunded
7d2220da-4b92-4755-9dd5-0869cbb3ee59,12-05-2025,Spotify,1163.56,usd,FAILED,Utilities,A11,SUSPICIOUS
679efded-b6f7-4f4f-a188-c4b7bb79a1c2,2025/09/25,Netflix,4859.31,USD,Pending,Travel,A17,Duplicate?
,2025/06/09,Google,$1830.17,INR,success,Travel,A41,Refunded
c6e41ede-a2aa-4f14-80d8-00b2734af9f1,2025/03/05,Spotify,$2615.63,usd,Pending,Other,A2,Refunded
61b3f3fc-eb69-44b1-a7f2-3c9752ca9fd7,2025/06/24,Spotify,2625.21,inr,failed,Healthcare,A49,Anomaly check
2f7b2e91-6c13-463c-a8c0-b4f0885e7131,2025/04/20,Zomato,2817.51,USD,FAILED,Shopping,A11,
6f19d77b-b096-4c04-ac73-475797171dc9,2025/09/27,Uber India,117.62,usd,failed,Transport,A15,Anomaly check
5192a8bb-c34a-418b-afed-da32b14fccae,09-10-2025,Amazon,1923.57,usd,SUCCESS,,A7,Refunded
94226ce4-5f19-4089-9bcd-d84d372522ef,2025/07/12,Spotify,1428.86,USD,PENDING,Food,A2,
9fdda9a1-e54e-40c9-bf59-1c2110be8f4d,2025/02/20,Ola,4698.56,USD,PENDING,Cash Withdrawal,A41,SUSPICIOUS
82fae519-fbe6-4357-b842-dd0ce8407d71,10-04-2025,Flipkart,787.87,USD,success,Other,A3,Anomaly check
5e447867-009a-4066-9dcf-cb6be2f9b9df,24-02-2025,Ola,3163.72,INR,success,Transport,A24,Anomaly check
33859510-34c1-40a5-90e0-081281bcd995,2025/05/13,Google,$2656.85,usd,failed,Utilities,A47,
4fb1f65b-327d-4f36-b3cb-9354cd49d2dd,22-12-2025,Netflix,4919.62,INR,PENDING,Travel,A34,
88fbbc6a-bb89-47d4-8722-10bb856d0ec8,15-04-2025,IRCTC,3243.35,INR,Pending,Utilities,A37,Duplicate?
52c1f237-0897-41ec-9b89-ddde9ee77d78,2025/03/30,Amazon,2902.66,inr,success,Entertainment,A4,Refunded
d40c08ed-0f79-429e-b878-506404d59db0,19-03-2025,Google,1573.05,INR,failed,Shopping,A39,Refunded
,13-07-2025,Zomato,4322.55,usd,failed,Entertainment,A26,SUSPICIOUS
f7a57b83-5d47-4458-9948-e46deb70d398,17-03-2025,Ola,$807.91,INR,FAILED,Travel,A41,SUSPICIOUS
ab8d2392-6bb1-4f79-8eb6-76eef34552a2,13-03-2025,Apple,$447.12,usd,success,Entertainment,A46,Refunded
d569fd6f-5a60-4aba-a518-2c2f04f02b39,18-03-2025,Ola,307.41,INR,failed,Transport,A44,Anomaly check
aeac4f92-2764-4c47-b939-7755f53d9187,07-07-2025,Shell Petrol,$4578.76,inr,Pending,Transport,A29,
92bccfa1-17f9-4ba7-ad22-ef8339065aea,08-05-2025,Spotify,2277.42,USD,PENDING,Entertainment,A42,Refunded
16743790-a305-4926-8f14-dd6e2ec0f396,17-12-2025,Flipkart,3170.37,inr,success,Transport,A2,SUSPICIOUS
7c170153-d41e-44b5-a761-2d8086384ad5,01-05-2025,Shell Petrol,2884.37,USD,Pending,Utilities,A6,
b99aa6d0-77d1-46d4-8e8b-756c5a45aaaa,05-04-2025,IRCTC,1287.0,inr,failed,Travel,A13,Duplicate?
a412ba88-3a5e-43fd-8879-1476d5f87fae,2025/05/01,Apple,$1288.75,INR,Pending,Shopping,A1,SUSPICIOUS
a08eea3f-f498-4bc8-a58b-ed690c7c1f87,2025/07/13,Amazon,3168.87,usd,PENDING,Travel,A11,Refunded
66d35320-3d3d-44ca-8d80-c87572f6aacb,2025/10/17,Zomato,$120.31,USD,PENDING,Cash Withdrawal,A25,Duplicate?
000b8c1e-0371-490b-a860-c15632d8be11,2025/05/04,Uber India,$1027.98,USD,FAILED,Transport,A40,Refunded
64f2edef-0005-4513-9b53-7ad1364d4ea5,2025/01/17,Spotify,790.75,inr,Pending,,A35,Duplicate?
f0fd2123-0b08-4916-bcea-edb19d085318,03-05-2025,Local Bakery,2458.72,INR,success,Healthcare,A43,
1fcc5987-4d26-4e1e-95c3-9f5d879d88c2,10-02-2025,Spotify,1583.99,USD,success,Utilities,A21,Duplicate?
a7e10ec3-69ff-40b6-b35c-1c2267844fb3,2025/02/04,IRCTC,1010.2,INR,failed,Travel,A5,SUSPICIOUS
80487dfa-919c-475e-9dc5-8e4b25106657,2025/09/01,Google,$1976.8,usd,failed,Food,A8,Anomaly check
41b9d07f-2944-4553-860e-5c5739f0201f,2025/02/27,Amazon,4688.38,usd,FAILED,Travel,A18,Duplicate?
5239b60b-e3d3-4f37-842d-8da1d42d7bb3,21-05-2025,Uber India,1611.85,INR,SUCCESS,Healthcare,A36,Anomaly check
f5739dfb-afe1-4718-aedd-5deb1ea45ff3,29-10-2025,Shell Petrol,1615.67,usd,SUCCESS,Cash Withdrawal,A15,Refunded
4fb3a024-aa5a-4c6a-83d2-1086ce2d8d93,2025/07/10,Ola,22.95,usd,SUCCESS,,A30,Anomaly check
2ef40ede-1332-4d13-bb33-bfd735404dfe,2025/02/23,Flipkart,1414.67,INR,FAILED,Food,A40,SUSPICIOUS
e78b182b-cdb9-4724-bd2d-8ff8ca76fb53,2025/01/30,Google,2942.74,INR,failed,Utilities,A47,SUSPICIOUS
1e58b437-c842-40c0-be41-edbe02ad9ed2,04-07-2025,Swiggy,2070.87,USD,failed,Food,A41,Anomaly check
8bf619db-f172-411d-8355-1d1404c1ede9,20-08-2025,IRCTC,1927.53,USD,failed,Entertainment,A14,Anomaly check
efb95f36-9606-400c-b948-02f71eaa2177,2025/06/13,Google,2587.33,USD,failed,,A9,SUSPICIOUS
efb95f36-9606-400c-b948-02f71eaa2177,2025/06/13,Google,2587.33,USD,failed,,A9,SUSPICIOUS
67b90073-cc85-4c9a-ac5d-e3181d1f5dd5,2025/04/08,Google,3954.53,INR,success,Cash Withdrawal,A11,Duplicate?
7e84661f-0a60-4ce2-9ef8-f42b73e93bfc,13-08-2025,Flipkart,2271.04,INR,failed,Travel,A44,Duplicate?
,30-05-2025,Spotify,3942.48,usd,Pending,Healthcare,A47,Anomaly check
c51732a0-1c0b-4840-a2ef-28d75b247872,19-08-2025,Swiggy,4193.14,inr,PENDING,,A43,
6678d144-0e34-43d1-91a0-73c85050ddd9,05-09-2025,Flipkart,1485.26,usd,Pending,,A31,Anomaly check
b91f6469-c168-4237-bd54-fb9b3d233913,06-04-2025,Ola,142.07,inr,PENDING,Utilities,A49,SUSPICIOUS
653f8e9b-bbc7-4286-88c9-c14feef904b2,08-11-2025,Shell Petrol,1206.98,inr,success,Utilities,A30,Duplicate?
ec894518-93b6-4666-a786-8c47b6ea891b,19-01-2025,Google,193.3,usd,failed,,A43,Duplicate?
5dc42717-c8d0-4b02-8c7d-498da5810fd1,2025/01/19,Apple,$4250.83,USD,FAILED,Shopping,A42,SUSPICIOUS
00d9305a-db99-4786-b5cf-48c6f3bdfe03,2025/12/24,Ola,4782.14,inr,FAILED,Healthcare,A20,Refunded
8e7740bb-0320-4efd-981b-d850d6638ced,01-01-2025,Google,$432.33,INR,PENDING,Shopping,A39,Refunded
2cef7c74-c9a4-4a6e-a795-94c37b5bf043,2025/08/15,Shell Petrol,3683.31,inr,SUCCESS,Food,A18,Refunded
15eec676-916b-423a-9139-e5a46898f845,24-05-2025,Google,3151.75,USD,PENDING,,A3,Duplicate?
77576ef7-bbfb-4931-954d-7e06ecc01f7d,22-06-2025,Apple,888.53,usd,SUCCESS,Transport,A46,Anomaly check
60463c03-3bc8-4052-a009-39484e055e0b,15-04-2025,Amazon,$2444.46,INR,SUCCESS,Cash Withdrawal,A17,Duplicate?
d646e279-d12d-49a6-9c60-aa88cea06f05,2025/03/05,Google,2129.2,inr,SUCCESS,Shopping,A46,Anomaly check
7c25014c-4a96-4158-9eaf-c887b541f3f5,2025/01/07,Ola,3630.12,inr,failed,Other,A26,Anomaly check
bd4e778e-415a-4906-822e-0e3f8dca8095,08-02-2025,Uber India,281.06,USD,failed,Entertainment,A49,Anomaly check
48d0d396-bbb3-4a1d-b4e4-e41edff79221,17-05-2025,Uber India,3142.62,usd,success,Healthcare,A4,Duplicate?
0cbbbe7b-8a4b-42be-bf65-bf4c627eb0f5,14-12-2025,Swiggy,1218.39,inr,success,,A36,Refunded
cf0dc7b4-6f72-4a30-a279-7f5e1f6746f6,2025/05/18,Spotify,$233.96,INR,PENDING,Other,A47,Anomaly check
5d00263f-67b9-4e52-bad9-995ffba77e35,25-09-2025,Spotify,$4557.75,USD,FAILED,,A2,Duplicate?
40401663-56e0-446d-b9fa-2bad559308e4,03-02-2025,Netflix,3411.25,USD,failed,Entertainment,A6,
fe097ba8-829b-4e67-b4b6-0139eb2c8bbe,2025/12/25,Uber India,1823.32,USD,failed,Utilities,A47,Duplicate?
780e55af-0869-4025-be07-56631c071f94,07-09-2025,IRCTC,92.41,inr,Pending,Food,A44,Refunded
f656636d-7bd3-434e-9fe6-19ee976e708a,06-11-2025,Apple,$3289.54,USD,FAILED,Other,A46,
7d3c1363-655e-467c-86da-116786e9d865,2025/05/04,Ola,781.26,inr,SUCCESS,Transport,A27,Anomaly check
4ca48b62-f60c-489e-ba52-988a540de488,2025/04/26,Local Bakery,4682.97,inr,success,Utilities,A25,Anomaly check
a7c7a1ef-9009-454b-8e9c-e573dfcb871e,15-03-2025,Spotify,1421.62,usd,Pending,Healthcare,A43,
f4eb5cc3-c61d-4ff4-85ed-fc8a26cdab35,2025/01/31,IRCTC,4771.57,usd,Pending,,A10,SUSPICIOUS
ab39d22f-643a-41a0-b59e-9d621e2ddc7c,26-04-2025,Amazon,190.03,inr,Pending,,A50,Anomaly check
b1c95227-9a8e-4ada-bd8d-52573105aa4e,05-06-2025,Ola,3615.52,usd,Pending,Transport,A9,Duplicate?
5e54334a-db79-48b9-b40d-6d989dc95a80,11-03-2025,Zomato,$2515.84,INR,FAILED,Entertainment,A33,SUSPICIOUS
2e62a29b-2b83-4bc7-a4af-b313cd7b7478,2025/09/30,Netflix,4414.99,usd,PENDING,Food,A37,SUSPICIOUS
e6a1e7b3-a131-414f-8f33-8a8d9020fbb2,2025/02/11,Amazon,3176.65,INR,failed,Shopping,A28,Duplicate?
c89e746a-3b33-4db6-a604-9a1b4836b3aa,2025/03/06,Apple,82.35,INR,PENDING,Entertainment,A5,
3bcc3f04-3509-44bc-96e9-c6887aab4fcc,2025/07/09,Netflix,4278.1,USD,PENDING,Shopping,A40,Refunded
4671eca0-41fe-4995-8a76-a9e1951d8876,2025/06/23,Zomato,4102.86,USD,SUCCESS,Food,A5,Refunded
4671eca0-41fe-4995-8a76-a9e1951d8876,2025/06/23,Zomato,4102.86,USD,SUCCESS,Food,A5,Refunded
e51f8c39-4d19-438f-8f7b-2eb66c638deb,2025/03/24,Local Bakery,3524.74,usd,success,Entertainment,A32,SUSPICIOUS
451f3770-b370-4a86-915d-6a4428f94022,2025/04/25,Netflix,483.69,USD,Pending,,A38,Anomaly check
fa163cdb-c4da-478b-ae4c-e61397e1b244,2025/07/07,Uber India,38677.74,USD,FAILED,Entertainment,A48,
f879911a-e952-469e-a139-9f0e197b2700,02-06-2025,Flipkart,2088.88,INR,PENDING,Healthcare,A28,
9bae3847-1a9e-4b57-92d6-7e86ddf0e873,09-05-2025,Netflix,4111.05,INR,PENDING,Shopping,A26,
af63cff0-7285-43f3-b782-46971b846316,2025/12/13,Amazon,4923.11,INR,FAILED,Shopping,A32,SUSPICIOUS
54c8cb0c-74d3-4514-919e-1bfda8218147,04-05-2025,Swiggy,$4725.87,USD,success,Travel,A3,Refunded
39100727-06ad-4b57-847d-1bdf6b24ca7b,2025/06/23,IRCTC,169.03,usd,Pending,Utilities,A36,Refunded
a3aa3217-9810-4fb0-a64d-06ea5dd0e94b,2025/12/22,Google,4180.14,inr,FAILED,Healthcare,A11,Refunded
cd4ee1b4-6b51-4a32-9f85-6c5eb56df48a,2025/07/05,Flipkart,4529.36,USD,SUCCESS,,A11,
cd4ee1b4-6b51-4a32-9f85-6c5eb56df48a,2025/07/05,Flipkart,4529.36,USD,SUCCESS,,A11,
,18-03-2025,Amazon,1135.83,INR,SUCCESS,Transport,A1,SUSPICIOUS
1795c2db-893c-4a0b-9e00-bc239eeae45e,2025/09/27,Uber India,4540.49,usd,PENDING,Utilities,A29,Duplicate?
c13e2530-e199-4ed6-976c-0680036be565,25-05-2025,Spotify,4361.01,USD,FAILED,Transport,A9,Duplicate?
740b0313-f0a9-4444-93b9-c56864f2af32,2025/03/06,Uber India,$58.28,USD,PENDING,Transport,A38,Anomaly check
3f1c4b95-751e-4c04-9031-d1d499bbf3f6,18-08-2025,Apple,$3853.05,INR,success,Healthcare,A41,Anomaly check
6e958433-3556-416f-8721-34bed0a15b7b,2025/10/25,Zomato,3359.63,USD,PENDING,Food,A13,Duplicate?
a0c0515c-05d9-4f3f-874c-d9b00f98aa8a,2025/06/22,Swiggy,3316.15,USD,failed,Shopping,A42,SUSPICIOUS
5f4e5789-7017-48b1-9172-cfb5a8599be8,2025/08/31,Spotify,1815.22,USD,Pending,Shopping,A20,
e4c7c2f7-dd1a-4779-a957-6acd9c5e4493,08-12-2025,Ola,3460.07,inr,failed,Shopping,A6,Refunded
e7cedbd3-8449-400b-b1a2-828b45da97be,21-02-2025,Spotify,777.65,inr,success,Travel,A44,
0f6b9908-9433-47ba-9e79-f89a1f58622b,17-08-2025,Spotify,$3392.45,inr,SUCCESS,,A4,
4de1ef9f-337d-412e-8ab1-c5d4627d9608,2025/11/12,Zomato,2730.18,INR,success,Cash Withdrawal,A5,Refunded
72eed948-1458-4218-8e44-c0c1235476a4,2025/08/10,Uber India,2613.29,INR,Pending,,A37,Refunded
0ec3787a-f3f6-4455-8b2f-14dbe0ddbced,21-11-2025,Swiggy,1730.79,USD,FAILED,Utilities,A40,SUSPICIOUS
ce4b50db-9aa9-4144-9525-7f0ccb9ae548,15-01-2025,Apple,3488.59,USD,PENDING,Travel,A31,SUSPICIOUS
f81c8d4e-aa94-4df1-8faf-55f145aa2415,11-01-2025,Swiggy,3075.71,USD,success,Entertainment,A10,
,2025/08/25,Apple,2332.1,USD,FAILED,,A6,
6909cebe-b326-4b08-9b2e-5d8865d51a51,2025/06/16,Zomato,$4794.56,USD,SUCCESS,,A33,Anomaly check
c53b2077-e8f7-4454-aa7b-e2dc59b4445c,2025/12/24,Flipkart,$3231.64,inr,SUCCESS,Utilities,A15,Duplicate?
d8cf4811-2692-4316-81d7-d93d2c7b9180,19-02-2025,Apple,318.54,USD,success,Food,A39,Anomaly check
0ad3c6c2-b8e5-4a6a-9ff2-6dc337963481,2025/12/02,Spotify,1229.39,INR,failed,Cash Withdrawal,A20,Refunded
61450464-a1c9-4596-bb0c-e1abf43a8fb7,23-05-2025,Uber India,369.1,usd,PENDING,,A34,Refunded
b8b14b3a-a3de-461b-9426-153fdd346b0b,02-04-2025,Uber India,1774.65,USD,SUCCESS,Entertainment,A29,Duplicate?
1837e27f-cd92-40cc-98a1-a3f82e63e961,2025/05/25,Spotify,4422.05,USD,failed,Entertainment,A32,Refunded
8a74ca10-ca25-4ba2-aed8-40f0cd3fbb14,17-03-2025,Google,$2680.38,INR,SUCCESS,Shopping,A7,SUSPICIOUS
08c00997-2c3d-4e74-a589-fe814e4c7003,2025/06/07,Uber India,1362.69,usd,Pending,,A31,
,2025/02/22,Amazon,170.86,inr,SUCCESS,Transport,A42,Anomaly check
1a7491b4-24d6-4025-a1f0-a1e990d9f7b1,01-01-2025,Local Bakery,3887.41,INR,PENDING,Food,A46,Duplicate?
b742ac50-146b-4e60-bed3-6f59c7fd8408,31-03-2025,IRCTC,2372.37,usd,Pending,Travel,A8,Anomaly check
00804a7c-701a-490e-a82f-f071c6984c6d,2025/04/15,Flipkart,2202.72,inr,PENDING,Travel,A44,Refunded
ca3d987f-1ce4-4db5-8dc1-510eb5d2c626,2025/07/25,Spotify,$1232.45,inr,SUCCESS,Transport,A29,Duplicate?
6cd5310b-33c0-4a20-9dd8-2398ac67ae30,20-03-2025,Apple,$1475.9,USD,success,Entertainment,A23,SUSPICIOUS
d8575080-5f44-4027-88a0-52de6e56103a,2025/06/19,Ola,$36411.4,USD,SUCCESS,Other,A49,
324619de-ed84-4a88-8b96-8c3b5748da3c,31-03-2025,IRCTC,2226.96,usd,SUCCESS,,A30,SUSPICIOUS
,09-08-2025,IRCTC,$4840.91,inr,SUCCESS,,A41,Duplicate?
7605dcea-1cc3-4818-b7d0-7261c886646d,2025/07/14,Apple,2725.7,INR,Pending,Travel,A22,
dd9fe5d1-d67b-4f4e-abfd-206f6459980c,27-07-2025,IRCTC,2112.18,USD,failed,Utilities,A25,Duplicate?
e5817fef-afbb-497e-85e1-5828ec665a23,2025/02/09,IRCTC,1179.39,inr,SUCCESS,Cash Withdrawal,A8,Refunded
52e2b68c-67e3-4a2b-a0d2-57e2a20ee0fa,11-06-2025,Netflix,1685.76,INR,PENDING,Shopping,A21,Refunded
b06be13c-b451-4043-bb43-8ba739f65f79,2025/12/21,Swiggy,3016.82,usd,FAILED,,A18,Duplicate?
2d607051-45be-4a4b-9c5e-931a24d7c693,21-05-2025,Ola,3928.74,usd,FAILED,Cash Withdrawal,A33,SUSPICIOUS
07dee5a6-d6d8-4cd6-aa55-2b9c29726432,25-08-2025,Netflix,4296.55,usd,SUCCESS,Travel,A47,Duplicate?
3e6983bd-5e02-4471-af6c-0e89a2a052b7,2025/04/09,Shell Petrol,423.86,inr,failed,Healthcare,A20,Anomaly check
0f164785-a846-4f01-9620-c9ced55feac7,01-11-2025,Shell Petrol,64.15,INR,SUCCESS,,A15,Anomaly check
aaf17085-4671-498f-bb10-06c5c22c115c,13-10-2025,Spotify,3818.17,usd,SUCCESS,Transport,A43,Anomaly check
c5ec029b-3fb9-4621-b448-fc817b38f7a5,2025/05/26,Swiggy,4669.66,usd,failed,Healthcare,A33,Refunded
06d5dc72-e8c0-40b2-8171-bd6ae2d22e9c,22-12-2025,Ola,1508.11,usd,success,Cash Withdrawal,A44,SUSPICIOUS
a904aec3-70ba-4722-947f-319e5cbc6a46,31-05-2025,Local Bakery,3803.96,USD,PENDING,Cash Withdrawal,A5,
1eea8ce0-7ad9-4cca-a76f-9b2c766a4fe2,2025/02/02,Netflix,$25189.75,USD,FAILED,Shopping,A6,
ce721d32-eee2-4fc6-91ff-b79daa81604c,12-02-2025,Swiggy,4057.86,INR,failed,,A34,Anomaly check
78134630-c9bd-4716-99a3-893160604f56,2025/03/29,Flipkart,253.13,inr,failed,,A47,
591b01a4-7458-4811-ade3-3ed962f76607,2025/04/12,Uber India,1286.2,USD,PENDING,Travel,A25,Anomaly check
c5914ff7-9044-49cb-876d-691c6b6cc742,2025/03/23,Swiggy,2898.14,inr,FAILED,Cash Withdrawal,A16,Anomaly check
0c3b0f04-7252-4794-96ca-89e6f221446b,25-08-2025,Uber India,3508.17,usd,PENDING,Utilities,A26,Duplicate?
f6fa3422-02eb-4ee4-85d4-1e3b23248150,2025/01/07,Spotify,1534.35,USD,success,Cash Withdrawal,A27,Anomaly check
24c05242-4f49-4e71-aac6-acc1f944c4af,07-01-2025,IRCTC,235.91,INR,PENDING,Food,A21,Anomaly check
ac53cae4-eb91-43a7-b4f7-688fc7533c3f,2025/03/19,Shell Petrol,1619.1,USD,Pending,,A34,Duplicate?
97024a3d-bf42-432b-8d07-728cd7fad69d,2025/04/01,Swiggy,334.87,usd,PENDING,Utilities,A14,Refunded
519f7ae0-55dc-485e-85e7-11105934a8dd,2025/05/24,IRCTC,1532.94,INR,FAILED,Shopping,A24,
b0cd1163-9fcf-4d8d-aeed-dcaa6cdadd92,2025/05/25,Zomato,4586.96,inr,Pending,Cash Withdrawal,A26,SUSPICIOUS
c87ab30c-524f-4916-84d6-6edf0cda3c7f,2025/12/23,Netflix,2086.27,inr,failed,Travel,A39,Refunded
e7678dda-368e-4325-96a3-885aa682356f,23-11-2025,Shell Petrol,$3723.66,usd,failed,Entertainment,A50,
6a24a928-acc3-4003-8d99-7336a5b4f08d,2025/04/01,Local Bakery,$438.93,INR,PENDING,,A10,Duplicate?
ac2a5218-d444-41ba-9a53-e8c38d6ce080,31-03-2025,IRCTC,507.75,USD,success,Healthcare,A50,Refunded
cf8d7e72-0ff8-414a-b1d5-a53681709398,2025/04/13,Amazon,491.26,USD,SUCCESS,Shopping,A27,Anomaly check
72ba53d6-2bb5-4d01-a7c3-c34bf357672b,31-07-2025,Shell Petrol,2248.6,usd,failed,Entertainment,A4,Anomaly check
1f12fdc3-6c94-418c-b81e-2318140ffeb7,12-08-2025,Local Bakery,3788.95,inr,Pending,Cash Withdrawal,A42,Anomaly check
75080608-17cc-4ff6-8afa-2be651848ee4,09-04-2025,Flipkart,4315.45,usd,PENDING,Entertainment,A22,
378a55af-554e-44c9-90d9-1550cfda1872,03-09-2025,Uber India,4095.02,USD,failed,Entertainment,A7,Duplicate?
2ca27b4b-5c56-42ae-9aa7-22d067efa1fb,11-06-2025,Local Bakery,950.45,USD,SUCCESS,,A49,Refunded
382fd5c3-2ab8-4f92-87f6-3e2c975a04ac,02-12-2025,Zomato,249.11,inr,failed,Travel,A29,Anomaly check
8b710598-5917-4b3f-b7af-275eddf9d3a8,09-07-2025,Spotify,25115.25,inr,Pending,Food,A2,Refunded
9f5b5cdc-a7d5-4565-9d1e-7f59dd87b391,28-03-2025,Local Bakery,1250.18,USD,Pending,Shopping,A47,
efaeacaa-2c63-431c-a90d-c703f08d4845,02-04-2025,Flipkart,100.24,USD,FAILED,Entertainment,A5,
9ab85b00-2fd2-4155-a169-ba50386c6ae1,17-12-2025,Google,774.08,USD,Pending,,A38,SUSPICIOUS
83b73041-a643-402f-b623-1bde7b3070c3,16-02-2025,Uber India,1832.13,USD,success,Shopping,A10,Duplicate?
8a3feea8-5131-443a-819f-887758cd6ba6,01-04-2025,Flipkart,$4677.93,USD,PENDING,Utilities,A13,SUSPICIOUS
81eeb860-8a69-47ac-ae8e-913f68b8bead,21-04-2025,Swiggy,2818.44,usd,success,Transport,A4,SUSPICIOUS
3b08653f-bd5e-4897-9b5b-9f6f27a09c61,2025/09/18,Shell Petrol,801.7,USD,PENDING,Food,A2,Anomaly check
f44f4d3c-38ad-451a-8c7a-e432dc832b10,28-12-2025,Amazon,4906.96,INR,failed,Shopping,A42,Anomaly check
2d757024-938d-452a-8676-5aa368265390,30-12-2025,Flipkart,29044.75,USD,FAILED,,A19,SUSPICIOUS
5168fea8-1c74-42a9-be3b-44c9820ec496,2025/01/22,Google,4029.22,INR,FAILED,,A4,Duplicate?
4fc01c51-eb9e-42a2-a55b-eaa56787bfbc,15-01-2025,Uber India,2961.22,usd,success,,A39,Anomaly check
045a022a-59b9-417f-bbee-a739580fb23f,30-08-2025,Uber India,2738.59,USD,SUCCESS,Transport,A44,Anomaly check
569e646f-aa67-44d3-8aac-1af681856895,07-09-2025,Local Bakery,$2407.44,INR,failed,Cash Withdrawal,A23,
02d4ba11-a2b8-4b16-a77e-ad1a8c5a89f9,20-08-2025,Swiggy,4710.75,USD,failed,Shopping,A27,Anomaly check
1b12aa20-2a8b-4970-972d-5e386ac69846,2025/01/10,Apple,1047.44,inr,failed,Other,A33,Anomaly check
2474b16e-6f71-408f-afaa-9e0a219d12fa,2025/12/21,Local Bakery,608.39,usd,SUCCESS,Travel,A46,Anomaly check
45960972-7097-4a8d-b619-5e96279c7cd7,2025/03/29,IRCTC,4353.05,inr,failed,Travel,A48,Refunded
59b86caa-5baa-4db4-9b29-81b43c9d2e7c,2025/03/17,Zomato,488.56,USD,PENDING,,A50,SUSPICIOUS
,02-08-2025,Shell Petrol,26.03,usd,SUCCESS,Food,A1,Duplicate?
929349e3-b994-4e50-a215-7b4e9a1a88d6,2025/09/13,Ola,4797.0,inr,SUCCESS,Shopping,A49,Refunded
265451d8-c6b9-4943-a0fa-82fc96fe8f3e,16-07-2025,Shell Petrol,3644.99,INR,SUCCESS,Food,A41,Duplicate?
41e44234-4de7-421b-815b-ac505a63c872,2025/05/21,Uber India,$2792.11,INR,FAILED,Travel,A20,Duplicate?
851bc2d0-8a88-4103-8388-5d4181165123,2025/02/25,Netflix,3637.05,INR,SUCCESS,Entertainment,A41,Duplicate?
bddc5806-5057-465b-846f-877f9b8eef2b,29-10-2025,Flipkart,2063.52,INR,SUCCESS,Travel,A45,
c523b59f-5b63-4dab-a37b-74194955da4c,11-07-2025,Ola,404.46,usd,failed,,A36,
c847eb34-6a10-4521-94af-df55ed038d43,2025/10/14,Spotify,1891.76,INR,Pending,Healthcare,A45,Anomaly check
0392336e-1485-48c7-bace-6b952a54a878,2025/08/31,Spotify,4609.64,inr,PENDING,,A13,Duplicate?
b87b918f-d0df-422a-88f6-f85edac965f1,2025/04/21,Uber India,1402.01,usd,SUCCESS,Food,A44,Anomaly check
eeb7b1fa-658e-462f-9269-0dcc92c8257d,2025/03/23,Ola,4829.27,usd,success,Utilities,A6,SUSPICIOUS
16a91a7f-8c61-4799-8750-2e7664f9d954,16-04-2025,Zomato,$3038.14,INR,Pending,Shopping,A12,Anomaly check
d67286a1-ae80-454e-b810-db2f3fb0f515,2025/06/02,Google,372.12,USD,failed,Utilities,A16,Refunded
218777f3-57f0-49df-bf23-3b6b1793514b,06-04-2025,Netflix,$1855.4,USD,success,Food,A3,Duplicate?
2e5c0073-2b07-4884-8f97-9d20673eeed6,2025/11/10,Local Bakery,1257.99,inr,Pending,,A21,Anomaly check
ab6722a3-d8e8-4ec3-a256-1f581b7d5f87,11-03-2025,Swiggy,$1289.11,USD,Pending,Entertainment,A3,Anomaly check
4ee036e1-f8b3-4c35-9631-edecd2739d86,30-11-2025,Swiggy,2101.78,inr,success,,A13,SUSPICIOUS
c14e274b-79e4-43e1-b414-d69e25e4a78b,02-12-2025,Uber India,$3856.58,USD,FAILED,Shopping,A22,Duplicate?
62e06ee0-6250-45f1-9e82-baa69cd67960,2025/09/15,Apple,2115.51,usd,Pending,Transport,A39,
29cbaf37-8c7d-4078-a4e2-48128d236b5f,27-09-2025,Zomato,262.83,INR,success,Utilities,A13,Duplicate?
d01ef2b2-508d-4573-9690-6e25232587e3,2025/09/01,IRCTC,4596.8,usd,failed,,A32,Refunded
,2025/05/14,Uber India,2028.1,inr,Pending,Transport,A6,
2d7e5bb9-8e84-4435-b56f-f884788c8d09,19-02-2025,Netflix,3481.28,INR,PENDING,,A46,Refunded
6fcfdc1f-cf4a-4e53-b68b-7064686a08ca,2025/05/26,Local Bakery,1784.53,inr,Pending,Healthcare,A45,Anomaly check
f60353e3-f280-4219-8651-72186ccf8df6,2025/12/25,Shell Petrol,941.82,USD,failed,Shopping,A1,Duplicate?
594c4ace-dd0b-46d6-8e9a-ba1b873cc500,2025/04/19,Zomato,$3165.38,inr,FAILED,Travel,A3,Anomaly check
f790bd63-d008-4a87-bc45-91033d47bb03,25-07-2025,Ola,3830.14,inr,SUCCESS,Transport,A5,Refunded
,08-05-2025,Zomato,2338.37,usd,SUCCESS,Utilities,A1,Anomaly check
2900e2ca-6ce1-40ab-8051-03a13aac761a,23-12-2025,IRCTC,4897.58,usd,success,Other,A40,Refunded
f7a0010d-1ad1-49bd-998b-9cd5af9b2fdc,2025/09/21,Netflix,3566.35,USD,Pending,,A5,Anomaly check
bdca4a21-bcff-4fc6-bf9b-e5362d295af6,2025/11/12,Ola,1938.16,usd,success,Utilities,A15,SUSPICIOUS
2bc03591-e5b6-4f7b-a44b-1bc43f9215d3,31-07-2025,IRCTC,982.58,inr,PENDING,Cash Withdrawal,A21,SUSPICIOUS
975ca92f-1581-4ab1-b0ed-8a6bf0a0ddd0,2025/01/17,IRCTC,4174.75,USD,PENDING,Travel,A37,SUSPICIOUS
3a086023-2e8e-4b11-a7f0-bd0022b4adf1,04-02-2025,Local Bakery,2851.62,INR,PENDING,Utilities,A1,Refunded
478d1127-b6bb-4775-85f5-9fbb754e9ea9,2025/10/23,Google,3910.33,inr,FAILED,Cash Withdrawal,A13,Refunded
96e665a7-f843-4e02-8794-1546a750704b,21-10-2025,Apple,3595.79,inr,FAILED,Food,A33,Anomaly check
0fc1be76-df36-40e0-8db3-19790baf24be,2025/06/26,Shell Petrol,1021.04,USD,Pending,,A39,Duplicate?
b8423092-421c-4258-988f-6593d8701f2d,2025/12/27,Local Bakery,$1538.84,inr,Pending,Food,A18,Anomaly check
b9341a95-4867-437f-b432-148ec8b432e6,2025/01/23,Amazon,4159.37,INR,FAILED,Entertainment,A15,
f3e72f37-ea0b-4f01-95f6-a18f1669763a,27-07-2025,Apple,34796.42,inr,Pending,Transport,A49,Duplicate?
,2025/12/19,Flipkart,3507.24,inr,FAILED,Cash Withdrawal,A45,
e203a9a6-f5ec-44dc-803f-ec2438cbdde1,2025/12/30,Zomato,2572.52,INR,success,,A44,SUSPICIOUS
7c317f49-f146-4722-99ea-99e528b1657e,05-03-2025,Ola,1979.22,INR,failed,Food,A41,Duplicate?
7001d940-1288-401a-9d66-546a89f98ad3,2025/05/14,Amazon,3214.44,usd,PENDING,,A6,Anomaly check
c3647ce4-83a3-418f-b26c-05fee62cfaed,20-10-2025,Spotify,2529.92,inr,PENDING,,A39,Duplicate?
b3edda95-b5d6-4191-a993-07bd4aa59c85,01-06-2025,IRCTC,$1752.46,USD,FAILED,,A35,Anomaly check
fd77c3c2-abae-4d6f-a2b8-d4cac023f3ed,2025/04/01,Shell Petrol,4441.0,usd,Pending,Travel,A9,
4fa4d23c-f0eb-454f-a148-190c3d38283f,03-06-2025,Ola,$2663.09,USD,PENDING,,A39,Duplicate?
7b13c586-bd14-4e17-bbae-78fb7fa9bfcc,10-10-2025,Swiggy,3714.5,INR,failed,Shopping,A27,
862d96a6-e6cb-47b6-abe0-32e48ea66a19,2025/12/23,Amazon,3777.23,usd,SUCCESS,Cash Withdrawal,A46,SUSPICIOUS
f154b30e-773c-43ba-9458-7e742d0838e8,20-10-2025,Spotify,1186.89,INR,failed,,A44,Anomaly check
f6cae443-bc83-4c5b-b47f-2deeeaef89d6,07-10-2025,Netflix,$3552.04,USD,FAILED,Food,A5,Anomaly check
fcb5f4f6-0a89-4b7e-ac74-b2e95e12655f,2025/04/13,Google,2612.27,usd,success,Cash Withdrawal,A19,SUSPICIOUS
38721e51-358f-43b1-a2d4-9b7c7fc6fdb4,16-08-2025,Netflix,$3161.35,INR,SUCCESS,Food,A13,Duplicate?
571e25e6-d157-4eae-a27a-a3226520616d,2025/03/22,Flipkart,3086.04,USD,PENDING,Healthcare,A2,
707fd5ad-0dad-4d37-a7bd-16dc2ab8830f,23-09-2025,Shell Petrol,427.66,inr,Pending,Food,A23,SUSPICIOUS
1ad0d73a-ab42-4447-a631-bc8f6755ede0,2025/03/19,Apple,4671.63,usd,Pending,Food,A20,Refunded
2ba3011f-c04c-42ac-9361-3cb734e133be,16-10-2025,Apple,89.04,usd,FAILED,Other,A16,
1d8bd5c8-95c3-4cc6-be9d-ce033fe8d015,19-11-2025,Local Bakery,1662.37,usd,Pending,Utilities,A13,Anomaly check
a7552542-8a6c-4ac2-94a8-3e10db06c024,2025/05/24,Flipkart,1441.82,usd,failed,Other,A26,Duplicate?
75429642-2c29-4c97-88b3-cb5bc01794d9,2025/01/05,Uber India,48278.23,inr,Pending,Other,A26,Refunded
aef88e87-221f-4788-93bb-448f5c437b12,12-10-2025,Flipkart,467.77,inr,FAILED,,A44,SUSPICIOUS
1ce22e75-1a99-4a24-b63b-b97d5718485e,27-11-2025,Ola,2005.97,inr,Pending,Entertainment,A22,Anomaly check
83d8d216-05c5-41de-8d21-871e3ece593b,2025/03/16,Google,3344.38,usd,Pending,Other,A18,
83d8d216-05c5-41de-8d21-871e3ece593b,2025/03/16,Google,3344.38,usd,Pending,Other,A18,
712dfe31-647c-4020-b8a1-c3e299cb642b,2025/12/03,Swiggy,2694.16,usd,failed,Travel,A18,
d05e0c6b-2609-4c64-90c7-612d0373d423,2025/05/18,Apple,327.83,USD,FAILED,Healthcare,A31,Refunded
37f83584-c4cd-4656-ba43-5db16950302d,2025/05/19,Netflix,4115.34,inr,PENDING,,A22,Anomaly check
534d48ba-6fe5-4337-8da0-636627682c3c,2025/09/13,Ola,$1299.95,USD,FAILED,Food,A6,Refunded
6bfbf196-a02f-4bad-9521-81348ce0f235,19-09-2025,Ola,2791.65,USD,PENDING,Entertainment,A28,Duplicate?
fbf117c8-1de5-46d6-a930-2645d17c7483,2025/02/25,Spotify,$94.08,usd,FAILED,Food,A40,Refunded
19689d72-1213-445a-9067-a4d9ee423ca8,04-04-2025,Shell Petrol,$4941.88,inr,SUCCESS,Travel,A25,
,26-07-2025,Flipkart,4741.02,INR,FAILED,,A5,Duplicate?
0fb7bc25-b400-4b90-8262-92d8de4772b4,11-10-2025,Zomato,4456.95,inr,SUCCESS,Food,A36,Anomaly check
b1d93e60-909b-4f20-895d-98ee22fe29e8,2025/07/26,Shell Petrol,$1944.06,inr,failed,Food,A18,Anomaly check
7f3a6f9f-593a-480d-94a1-a892259fb12c,2025/07/25,IRCTC,$4105.94,inr,PENDING,,A24,Anomaly check
8cfe7fd4-5028-441b-839e-568c9cc028f8,16-01-2025,Local Bakery,1214.9,usd,failed,Food,A17,Duplicate?
9052dc9d-5026-4050-a978-f5f4dfe01a62,20-08-2025,Flipkart,2451.33,inr,success,,A27,SUSPICIOUS
d9da8829-4548-4f04-9ff8-7038420e76e1,2025/03/17,Uber India,$853.51,USD,PENDING,Entertainment,A37,SUSPICIOUS
3d8046ec-4c4d-4968-a189-404bd96ec18b,04-08-2025,Local Bakery,893.34,USD,FAILED,Travel,A32,Duplicate?
461375fe-4b7b-438b-80e6-3ab47e3f68ce,21-09-2025,IRCTC,$777.22,INR,SUCCESS,Food,A19,Duplicate?
73adbea5-1ca3-494b-86b8-70998a2185e2,2025/08/25,Google,3331.12,INR,PENDING,Travel,A14,Duplicate?
570d6b60-18a8-4bfa-8ae5-1f88f3c617be,12-07-2025,Flipkart,2681.35,inr,PENDING,,A9,Anomaly check
c7527446-7761-4c8d-b1d2-eb253b217102,28-09-2025,Netflix,4903.63,INR,success,Utilities,A4,
3288e1e4-b282-469e-bcc5-f5b6dbcb6877,2025/01/04,Spotify,4156.51,INR,Pending,Utilities,A41,SUSPICIOUS
b75b4185-af39-41b5-a9df-899b6da9396e,29-11-2025,Ola,1982.64,usd,SUCCESS,,A7,
f6dca4ba-e70e-4332-8921-93bb80ea3d9b,2025/01/02,Ola,3194.98,INR,FAILED,Cash Withdrawal,A25,Refunded
b2998fcc-417b-4452-a914-d0afaef91308,2025/08/31,Shell Petrol,1572.35,INR,success,,A10,Refunded
401cd4cc-ae25-4d52-a318-47ab0df35600,2025/03/09,Ola,2991.65,inr,Pending,Entertainment,A7,Anomaly check
50c715d1-c48b-4553-9d13-01b0f5899bc3,2025/05/05,Spotify,1635.89,inr,success,Transport,A8,Anomaly check
9c4cf2c5-e3b2-49cf-af52-3bea99a73cf0,2025/01/13,Ola,2028.14,usd,failed,,A34,Duplicate?
,2025/12/04,Shell Petrol,3123.74,inr,Pending,Other,A20,Anomaly check
,2025/12/04,Shell Petrol,3123.74,inr,Pending,Other,A20,Anomaly check
35fa1513-3120-4956-959f-ee002a695dcf,06-02-2025,Zomato,3049.33,usd,success,Healthcare,A5,Refunded
f3ec264d-1f76-48b2-ad16-170ca3b9ef07,2025/01/15,Apple,2530.7,USD,PENDING,Healthcare,A45,Duplicate?
210ae0ca-54dd-43d4-b27f-6ab9ce209d92,2025/02/25,Local Bakery,1254.42,INR,PENDING,Shopping,A50,SUSPICIOUS
1b218648-8658-4605-9365-2ef5268118e7,2025/07/26,IRCTC,1804.69,usd,PENDING,Entertainment,A27,Anomaly check
6d9d56e6-d47b-43ad-a52c-b8b727f4748e,2025/10/23,Local Bakery,4060.61,USD,failed,Food,A31,Duplicate?
c32a453f-ca5c-4c6e-9dbb-ba2d3dc6d12f,2025/12/21,Uber India,3229.86,USD,SUCCESS,Other,A9,SUSPICIOUS
53dffacd-816a-49fd-8f12-c63acccf9bd1,2025/03/01,Uber India,2019.87,usd,SUCCESS,Cash Withdrawal,A33,
0eeb6104-9ff3-44ad-8a23-d2d1417893b1,04-09-2025,Spotify,$2727.39,USD,SUCCESS,Food,A23,Refunded
11a3fc90-3737-4b7d-bad7-2734fca6f6f3,22-12-2025,Ola,1709.91,inr,PENDING,Transport,A21,Duplicate?
cf2a6f73-94c6-4880-b559-07fab18835e1,2025/11/12,Swiggy,4333.27,INR,failed,Transport,A38,Duplicate?
288b88ca-a80a-4ae8-916a-663c138e2e5a,2025/09/09,Netflix,1141.74,INR,failed,Other,A38,
02cd76c0-1afe-415b-95cf-13e2b6bc6da4,09-04-2025,Shell Petrol,2876.16,INR,FAILED,Other,A35,Anomaly check
e03c868b-9016-496b-b472-1b1bb74fda43,21-05-2025,Google,290.86,USD,PENDING,,A38,SUSPICIOUS
a337a18c-a02d-4fb3-9228-111745e77457,2025/07/22,Zomato,2281.3,INR,PENDING,Cash Withdrawal,A45,Anomaly check
8520ba85-debe-414f-82c1-f30546e0b61d,2025/06/25,Flipkart,21.65,usd,SUCCESS,,A4,Anomaly check
d8d30e39-4bf6-46a6-998b-dc250720fba9,15-07-2025,IRCTC,$4772.49,USD,PENDING,Food,A9,
a99dae9c-6c34-4bbc-bdc5-09489a9efce8,04-09-2025,Shell Petrol,102.68,usd,failed,,A6,SUSPICIOUS
2101510d-24cf-477a-960b-e07c6cef7157,2025/12/09,Shell Petrol,2986.68,usd,SUCCESS,Healthcare,A35,Duplicate?
7bad8e2a-96f3-4c3c-86b5-6e677d714e2b,07-01-2025,Apple,48367.18,usd,Pending,Travel,A32,Anomaly check
38521369-9030-42dc-8c53-260a4cb57e2e,20-04-2025,Zomato,2781.97,inr,SUCCESS,Healthcare,A43,Duplicate?
96a6b84d-2e0f-4207-8322-c9038e8c3677,03-10-2025,Google,146.48,usd,FAILED,Transport,A7,
db714ad1-440f-4686-9fee-a6ee45418a6e,2025/02/08,Local Bakery,107.19,usd,success,,A9,
be5448d8-8219-4587-9243-0b4d7ae52553,01-06-2025,Swiggy,1339.44,INR,SUCCESS,Other,A2,
d1c8c88a-c305-4d21-b72c-a9c23649242a,04-02-2025,Swiggy,$899.39,usd,FAILED,Cash Withdrawal,A18,Refunded
6d3ca1c3-f34c-4294-8336-e5ed394d3e75,20-02-2025,Apple,3779.44,usd,failed,,A42,Refunded
a4b72476-d7d1-409d-962a-6619818e3d71,2025/08/21,Netflix,1974.64,USD,FAILED,Utilities,A27,SUSPICIOUS
04243452-91cf-4f5a-89a9-fef2b3a608ca,22-06-2025,Ola,$4269.1,usd,FAILED,,A24,Anomaly check
bfd6adfa-843a-472a-b3af-be0d8151d7ce,2025/04/11,Uber India,3956.94,inr,FAILED,Cash Withdrawal,A11,SUSPICIOUS
781eeb23-9f2f-4b29-8ae4-6eab1cdee6ad,2025/11/21,Netflix,1091.55,usd,success,Shopping,A4,
e5bb22e4-06b8-4043-b2bd-4a068d547539,2025/02/13,Amazon,3453.19,usd,PENDING,Transport,A46,Duplicate?
c0a1a409-7dc8-43a3-be89-51382d42a4f1,2025/09/04,Local Bakery,703.22,USD,SUCCESS,Entertainment,A23,SUSPICIOUS
44e9a9cb-4da3-4f89-b2ac-2d811bc70a4a,21-02-2025,Flipkart,3056.11,INR,failed,Entertainment,A43,Duplicate?
2a267d1f-218e-4963-aba7-35a15f022cc0,2025/09/18,Shell Petrol,4020.99,usd,Pending,Travel,A50,Refunded
2baa7472-d8ba-4f27-b7c2-090b9a00f595,2025/05/07,Netflix,2455.67,INR,SUCCESS,Other,A7,Duplicate?
109bac0f-7250-4c79-bd09-cd57eb8e5509,2025/06/07,Netflix,4824.83,inr,success,Food,A25,SUSPICIOUS
e40121a7-7cd3-40d4-9d13-b3efbbc16c02,02-01-2025,Swiggy,4786.09,USD,PENDING,Transport,A22,Duplicate?
b961ae84-6c02-4e1c-82de-e65e9e11c9a2,2025/08/31,Swiggy,4979.37,inr,FAILED,Cash Withdrawal,A43,SUSPICIOUS
317eb525-a6a7-4e03-8e29-7349e80f2db9,19-03-2025,Netflix,2231.16,usd,failed,Transport,A26,Anomaly check
a1e333b9-97a8-4cbc-b54b-d8089a0e95d7,07-09-2025,Netflix,1749.74,inr,PENDING,Utilities,A31,
ef10517d-69a8-47de-91a2-ef5e82688820,2025/02/06,Uber India,3354.78,inr,SUCCESS,Other,A4,
26fb47a4-4415-4e4b-aee7-2ce4cad3542c,2025/05/03,Uber India,1952.27,inr,success,Other,A49,Refunded
f5971de0-8e28-43be-96ec-9e41487fd892,2025/02/19,Netflix,3215.3,INR,SUCCESS,Transport,A12,
f5dfbd15-e9a8-4c6e-ad27-d0f2af80cb6e,24-07-2025,Ola,2960.49,USD,PENDING,Travel,A18,Refunded
98155238-dfb4-45bc-aca2-cf61d3f90a89,16-03-2025,Ola,1666.04,inr,failed,Food,A39,
fb1a2017-e844-4c48-8baa-49848ddc28e4,28-10-2025,Amazon,4779.1,USD,success,Shopping,A26,SUSPICIOUS
,25-10-2025,Local Bakery,2913.67,INR,PENDING,Entertainment,A49,Duplicate?
a3eb684b-1e9a-4fd1-9d31-df43332d981a,06-06-2025,Zomato,983.95,USD,success,Healthcare,A14,Refunded
381861ec-2a7d-4cbd-871c-374aade75ef9,2025/03/20,Local Bakery,4107.49,usd,success,Entertainment,A44,Refunded
2adc5ded-2240-4a76-9191-e0f5b88b934b,2025/09/29,Netflix,3105.39,INR,failed,,A46,Refunded
64f6e629-6e96-4fa7-8c4a-751c1e6cd6be,2025/06/18,Amazon,1451.56,USD,SUCCESS,Food,A10,SUSPICIOUS
d9b31502-12bf-458a-960f-422974e4d1cd,2025/11/21,Uber India,$2718.57,inr,PENDING,Other,A32,
491c508d-1b8c-46e1-8685-0d307b1721cf,01-06-2025,Spotify,$2629.78,USD,failed,Travel,A18,Anomaly check
6d5e19a6-9d33-4b8d-9d3e-329a5bb32ff5,20-07-2025,Local Bakery,3354.27,INR,FAILED,Travel,A14,Anomaly check
e56dba8f-2873-4458-90a7-b9e018016ceb,09-06-2025,Amazon,2075.8,USD,failed,Other,A49,SUSPICIOUS
7e629c44-d4e0-494d-90f2-7ea7e57ad974,23-12-2025,Netflix,3000.09,INR,FAILED,Healthcare,A10,Refunded
cff2911f-9931-4160-ba92-cf0e4cedbe5a,2025/03/23,Ola,4890.4,inr,PENDING,Food,A34,Anomaly check
0ebe74f8-4f4c-4455-875c-fe2107100acb,2025/07/12,IRCTC,703.21,USD,PENDING,Food,A38,Duplicate?
cd2b75d6-3579-4488-9eab-57b8491d78a8,2025/07/30,Local Bakery,177.12,INR,Pending,Healthcare,A23,
cd2b75d6-3579-4488-9eab-57b8491d78a8,2025/07/30,Local Bakery,177.12,INR,Pending,Healthcare,A23,
3e63142f-ed7c-4b3a-8ccd-5d15010bbf70,2025/03/21,Google,2352.09,usd,SUCCESS,Cash Withdrawal,A12,SUSPICIOUS
b0919529-486d-40b5-8906-3b92b001e1ec,2025/06/07,Shell Petrol,3906.43,USD,success,Transport,A26,SUSPICIOUS
abf2d9b0-ba2b-4bb8-993f-633a217c92d6,31-07-2025,Uber India,508.33,usd,FAILED,Cash Withdrawal,A47,
8f049532-da45-492a-a875-9ce42d478e12,2025/12/05,Shell Petrol,761.14,USD,SUCCESS,Healthcare,A48,Refunded
01822f12-0223-4185-9cac-338c973f1e6c,01-07-2025,Swiggy,1374.46,INR,FAILED,,A39,
dabc8e53-729f-4d46-b229-682856543043,19-06-2025,Flipkart,$2156.2,usd,PENDING,Food,A2,Anomaly check
cb2b4943-9dcb-4e1b-aae7-214175640fa7,2025/12/29,Apple,$2012.5,usd,failed,,A40,Refunded
37343493-c91e-406c-b3e2-db8baebd7c3e,23-04-2025,Google,$1702.13,inr,PENDING,Shopping,A18,SUSPICIOUS
a2b4545e-eb39-4959-86a3-aa942344e6d1,2025/10/07,Netflix,4660.83,inr,failed,Shopping,A36,Duplicate?
372cf1f0-8f7e-405f-af66-99da505e42ac,2025/10/18,Shell Petrol,3892.32,INR,failed,,A5,Duplicate?
fc8db220-eb48-459a-a977-c02b696f6771,2025/05/05,Google,4294.02,USD,PENDING,Food,A7,Refunded
df2202e1-6d0d-4fe8-8d8c-41930fb20260,2025/01/04,Local Bakery,1180.36,USD,Pending,Utilities,A17,Refunded
98f2bae8-a379-4ab1-a4c3-aebf001fa41d,2025/02/04,Uber India,1848.29,inr,Pending,Travel,A33,Refunded
ec0d1287-5841-48c5-852d-3c1c41408e56,2025/10/04,Apple,1317.72,usd,failed,,A46,SUSPICIOUS
ccc2377a-83a6-4a5c-8aa8-a205db3cd431,2025/02/08,Flipkart,416.69,inr,PENDING,Healthcare,A31,
439326c5-e637-47c8-9c98-445129df6f35,2025/06/12,Apple,1650.0,usd,failed,,A50,Refunded
62d25525-6787-4068-b125-961e795a59a4,08-11-2025,Zomato,1996.89,usd,success,Food,A48,SUSPICIOUS
12442bc0-92be-406d-9c90-bf517ef638b9,26-09-2025,IRCTC,$4895.87,usd,SUCCESS,,A50,
bd2cc888-1622-4bff-8fcf-836a704a90f0,12-12-2025,Netflix,1377.13,inr,Pending,Utilities,A15,Anomaly check
83108d53-7b51-45c7-96b1-a3fae8e8e936,2025/01/16,Local Bakery,2846.88,INR,SUCCESS,,A28,Refunded
ab349d26-ee9e-4f4d-8eec-e339588ec75e,17-09-2025,Amazon,215.19,usd,success,Utilities,A43,Refunded
95d632e4-0e9f-4ead-aeac-9ce3f50e05fa,2025/04/02,Ola,$2696.15,inr,SUCCESS,Travel,A7,SUSPICIOUS
,2025/12/15,Spotify,3725.47,INR,SUCCESS,Healthcare,A49,Duplicate?
76496ae7-c98f-4d90-ad6b-9216b15a5b1a,15-07-2025,Google,744.02,usd,success,Other,A21,SUSPICIOUS
6404886f-cb17-4f90-98f7-ac5d254c26fc,2025/12/15,Swiggy,3109.09,USD,failed,Healthcare,A31,Anomaly check
c5af4038-507e-44d2-b15a-b278192c0d85,2025/01/08,Swiggy,310.58,USD,Pending,Other,A38,Refunded
adc02742-bfad-4676-b56f-d64f440065a2,2025/07/29,Shell Petrol,4317.11,INR,PENDING,Travel,A41,Refunded
89a4611e-0b14-4320-8bf8-7b7c1ea54ba9,25-05-2025,Amazon,3632.61,USD,FAILED,Food,A18,
4ae0636a-aa07-45ac-b968-1a98273f31f1,30-09-2025,Flipkart,4386.47,USD,PENDING,Transport,A46,SUSPICIOUS
aa69ee27-d4ee-49c3-ad26-3ce33f02e06b,2025/05/04,Ola,3844.14,USD,success,,A8,Anomaly check
e033d7c4-22b2-4e20-b63e-9d8f6492fdc2,05-01-2025,Swiggy,2970.49,USD,FAILED,Travel,A19,SUSPICIOUS
bfa5f3fc-4902-485f-b030-226c2fe7fb34,16-06-2025,Shell Petrol,1477.2,USD,failed,Cash Withdrawal,A6,Duplicate?
9db50c96-7784-4629-b2fb-537898a2a147,25-07-2025,Flipkart,282.17,inr,FAILED,Shopping,A40,Duplicate?
d0ba036f-116a-4022-b1f9-f1e61365bc72,2025/10/29,Shell Petrol,461.81,USD,failed,Transport,A21,Refunded
,2025/01/16,Swiggy,459.95,INR,PENDING,Cash Withdrawal,A45,
e0e98819-d762-49a8-bde3-aa18f47ba6d2,26-05-2025,Zomato,$3273.49,inr,success,Entertainment,A21,Anomaly check
fd52a49d-4a20-4fa0-9b6b-2e40c29514e2,2025/08/16,Local Bakery,1802.63,inr,failed,Utilities,A46,Anomaly check
e1b1e80a-1a4c-4716-bd94-9f6071610dd1,08-04-2025,Flipkart,4760.28,INR,failed,Travel,A11,Duplicate?
17929c90-29bf-4e55-b2e7-e8c8c86da779,2025/03/23,Swiggy,$1721.28,USD,PENDING,Other,A5,Duplicate?
,2025/10/23,Amazon,$1857.31,usd,success,Food,A20,
245aed3f-ab89-493a-bd0b-563f93874930,2025/02/26,Shell Petrol,3092.22,usd,PENDING,Shopping,A43,SUSPICIOUS
aecaa796-7aa4-4013-86fe-83b4ce868737,15-02-2025,Ola,3285.68,USD,Pending,,A10,Refunded
dc3dc395-5995-4052-bcc1-84f8307df82a,2025/12/13,Netflix,3050.99,inr,Pending,Food,A12,Anomaly check
4f883d9e-ee3e-41bb-a02c-5c60d2ab624a,2025/05/18,Shell Petrol,3706.54,INR,success,Cash Withdrawal,A32,Anomaly check
dcb3c276-71f3-4250-83fe-a9f9fb431252,12-11-2025,Spotify,3679.73,inr,success,Utilities,A34,Anomaly check
cec6333b-6ff3-4341-af35-55afc81d7cea,18-12-2025,Uber India,3139.16,inr,failed,Entertainment,A18,SUSPICIOUS
715be761-1f72-4603-8254-a48c91cd1bae,2025/01/01,Netflix,4146.44,USD,success,Entertainment,A11,Duplicate?
4f266c03-c475-4331-a5e3-eadb4eb5944d,04-12-2025,Swiggy,3331.49,USD,success,Cash Withdrawal,A34,Refunded
7f241402-81ba-438f-9206-c330cfa29675,2025/05/27,Zomato,4388.05,inr,failed,Utilities,A43,Anomaly check
,2025/05/29,Flipkart,847.62,usd,FAILED,Travel,A2,Duplicate?
19f087c9-4a77-46be-ae1b-c850ee9d7f95,27-09-2025,Spotify,1954.88,inr,FAILED,,A7,SUSPICIOUS
1806d0c3-f914-4d81-ba2e-490fceebc7de,16-07-2025,Zomato,3594.87,USD,SUCCESS,,A23,Anomaly check
,22-07-2025,Spotify,3023.53,INR,PENDING,Travel,A35,Duplicate?
4466fc30-b1b4-46a1-a0ee-c24de526f632,22-10-2025,Amazon,357.18,inr,Pending,,A1,Anomaly check
6858c829-a731-4cdb-97a2-3049733a211f,2025/09/21,Local Bakery,$1839.32,USD,SUCCESS,,A21,Duplicate?
bbffa2e7-8f2c-41ed-a333-671e0cb8ecb0,28-05-2025,Netflix,$3944.08,inr,success,Other,A15,
8de8ed9c-c32c-4366-89e5-581b4e914991,2025/08/23,Zomato,$3686.1,INR,failed,Cash Withdrawal,A9,SUSPICIOUS
625bf482-dbed-475a-a0d3-5dfda2bb035f,27-03-2025,IRCTC,1336.58,inr,failed,Transport,A13,SUSPICIOUS
c92c83ea-36d7-4a22-8f9b-3ea7da50b01f,2025/04/17,Uber India,3798.52,USD,PENDING,Cash Withdrawal,A46,SUSPICIOUS
c92c83ea-36d7-4a22-8f9b-3ea7da50b01f,2025/04/17,Uber India,3798.52,USD,PENDING,Cash Withdrawal,A46,SUSPICIOUS
ef255101-9c64-426a-a77e-cb14657fcce0,01-01-2026,Uber India,4379.12,USD,success,Travel,A13,Anomaly check
a3dba6e8-d68a-4500-8706-d1a9c8a2636e,26-12-2025,Swiggy,3538.69,INR,success,Entertainment,A49,SUSPICIOUS
586f307b-8235-4ca0-8fb9-95d1513fdbf4,2025/08/14,Flipkart,3692.67,usd,SUCCESS,Cash Withdrawal,A11,SUSPICIOUS
e995f9f7-75ac-4e0d-be50-0ee952e78112,2025/03/18,Shell Petrol,$3506.17,usd,SUCCESS,Cash Withdrawal,A18,
52fb890c-be02-4a94-9189-522dce0ea6a8,2025/08/12,Zomato,1819.59,usd,Pending,Other,A28,SUSPICIOUS
f6cfd47f-b80a-44fd-956b-4f564b12d6cf,2025/05/30,Uber India,4108.28,USD,failed,Cash Withdrawal,A15,SUSPICIOUS
8f091f8a-f88b-4e7e-a598-3f79bca914c9,24-10-2025,Netflix,2611.27,USD,PENDING,Food,A44,
6c726c70-bfa9-48c0-ad1e-a95d2d867f69,05-06-2025,Amazon,4275.31,USD,success,Entertainment,A43,Duplicate?
1554db01-46ed-4d46-ba64-e8b6ca15e225,25-03-2025,Apple,2214.42,USD,success,Food,A42,Refunded
,2025/03/06,Spotify,1586.94,inr,failed,Shopping,A17,
7c0b3727-81f2-4c32-87a1-419e1990b449,2025/02/21,Spotify,2504.66,inr,SUCCESS,Transport,A39,Anomaly check
8495bcec-8408-4974-8986-f905b857f89e,2025/07/01,Shell Petrol,809.67,USD,success,Cash Withdrawal,A26,Refunded
06c7f852-cf3d-4c86-bfb9-95b443583e4c,2025/04/20,Ola,4886.29,USD,SUCCESS,Healthcare,A31,Refunded
4e299edc-d0bf-43fd-aafc-757598fa6614,2025/06/20,Zomato,173.04,USD,SUCCESS,Other,A43,
aa708c81-b199-449b-83d0-5f8b2688cd49,2025/06/09,Uber India,2870.93,inr,SUCCESS,Utilities,A48,Anomaly check
0d6c00e5-1efc-4127-badb-9b74726daef2,2025/10/29,Flipkart,38128.57,usd,failed,Shopping,A48,
5fd8fcd2-670c-4291-9f24-326194411d31,29-09-2025,Uber India,4875.35,INR,FAILED,Entertainment,A13,Refunded
86bd8ff3-82e7-46c2-94bf-b6210d76724e,09-04-2025,Spotify,2940.04,usd,PENDING,,A31,Anomaly check
a0a711d4-898e-4e0e-9324-c664b09e5065,2025/12/20,Spotify,2663.4,usd,success,Entertainment,A8,Refunded
d957bb09-4ff9-41a4-bece-e93f3635bc6e,10-10-2025,Zomato,1056.38,inr,SUCCESS,Other,A41,
a59e81ce-cdc3-4931-b8ea-ef249c6a5f2b,2025/06/09,Ola,3707.0,usd,PENDING,Healthcare,A2,Duplicate?
7ad4e466-a2fb-457f-bc11-f5b2c31fc9b9,2025/09/17,Google,$91.21,USD,failed,Cash Withdrawal,A30,Anomaly check
dd63cc4d-b1a6-4c24-87fb-32b13c66c5b0,2025/07/23,Swiggy,432.57,usd,failed,Travel,A25,SUSPICIOUS
10e7cefc-a2f9-4ceb-b21e-f40be4094688,2025/09/26,Shell Petrol,4690.65,USD,failed,Healthcare,A22,Anomaly check
7f6f118b-c46b-42c2-a679-9bc5bad66850,2025/01/12,Spotify,1485.4,USD,failed,Food,A42,Refunded
d725af6a-fafe-4627-8324-b1420623a462,2025/07/14,Spotify,1494.24,INR,failed,Other,A7,Refunded
cc8df7fa-f53b-4201-aa74-8c36bb27c697,10-06-2025,Zomato,2247.77,inr,SUCCESS,Other,A24,Duplicate?
adbd0b6b-ede7-4c09-afab-01c01163870f,2025/06/03,Swiggy,3712.12,INR,failed,Food,A3,Refunded
63490c86-66c5-434d-a4cb-40125a16c065,2025/09/30,Ola,1773.55,usd,FAILED,Utilities,A2,
17e50b1c-9c2a-414a-83da-b23eb2f5963b,2025/09/04,Flipkart,4302.54,usd,SUCCESS,Healthcare,A7,
bb07d50e-eae8-497c-8200-7eceefcd1a02,25-12-2025,Local Bakery,3765.41,USD,success,Transport,A23,
174e7822-0115-452f-bb8f-9ad4845b28c3,09-03-2025,IRCTC,3729.67,USD,PENDING,,A22,Duplicate?
053b723e-58a8-4056-9c7c-de188dd36eb4,2025/08/03,Shell Petrol,3738.71,usd,success,Cash Withdrawal,A10,SUSPICIOUS
858c0b7a-ba19-4791-a3e3-ce222f4410e9,24-03-2025,Flipkart,1603.43,INR,Pending,,A43,
94aaad3a-29d0-4539-878b-f2b2100035a5,23-08-2025,Apple,3521.88,inr,PENDING,Food,A36,Duplicate?
7880b078-f0d5-46d5-9577-473f7971c2d7,07-11-2025,Local Bakery,3402.27,usd,success,Transport,A28,
1f8c0b5b-d447-4fa6-a7da-18c12fc76d5a,2025/10/09,Amazon,1609.98,inr,SUCCESS,Healthcare,A15,Duplicate?
948c5847-70e2-42f5-b36b-2956045f3085,2025/06/25,Flipkart,336.35,usd,PENDING,,A24,Anomaly check
31e480c0-b7ce-4908-8cca-1c8c7eb2650f,03-01-2025,Zomato,423.96,USD,SUCCESS,Utilities,A13,Duplicate?
cec71aed-db25-4823-8d61-3c10f53dec5c,29-06-2025,Google,2221.75,inr,FAILED,Other,A2,Duplicate?
5a669c22-3ce6-4362-85a4-98338e47213c,05-08-2025,Netflix,1167.32,usd,FAILED,Other,A38,SUSPICIOUS
,2025/11/25,Netflix,2865.15,inr,FAILED,Entertainment,A28,
18c56219-07fd-4b79-b91a-f8e7e28cc1cc,26-04-2025,Ola,3256.78,usd,FAILED,Other,A28,Duplicate?
de8ad483-d00f-43c7-9a69-be0063260c70,2025/03/26,Zomato,$463.72,USD,FAILED,Healthcare,A4,
b52d268b-1334-4597-8d3b-06405f9cbc9b,13-03-2025,Apple,3754.5,inr,SUCCESS,Utilities,A32,SUSPICIOUS
114bdf7b-f5f5-42b6-9bc5-df83bc7fccbd,08-07-2025,Swiggy,756.75,USD,success,Travel,A18,Duplicate?
2215add0-7dbf-44ad-94ab-8dc2c683082f,05-04-2025,Shell Petrol,4713.7,inr,failed,Travel,A7,Anomaly check
9c7b0040-641b-4af3-85d2-07d06bdc4014,2025/03/16,Local Bakery,765.46,inr,FAILED,Travel,A19,Refunded
9c73bde8-f6a1-4295-b7bc-27f107872008,11-06-2025,Uber India,$1733.85,usd,Pending,Transport,A31,Refunded
f2427f23-5fd0-4560-bd32-f19e37e62ad3,2025/02/27,Ola,4098.85,INR,FAILED,,A9,SUSPICIOUS
57116211-7a34-4608-8ef5-5839fe77f64f,08-06-2025,IRCTC,3196.69,INR,success,Shopping,A28,Refunded
e4b8f881-e5a0-42d5-8799-834aa9e39762,29-10-2025,Zomato,$4909.78,INR,Pending,Utilities,A47,SUSPICIOUS
ac897875-4b25-4924-beb2-1cd12cedb89e,2025/12/03,IRCTC,$4998.04,usd,FAILED,Cash Withdrawal,A5,
990fbc3f-ff80-4ff9-8b2a-40d2d331c5dd,23-04-2025,Local Bakery,3512.7,inr,success,Entertainment,A28,Refunded
66300f7b-bf4e-409e-a038-65097549df96,2025/11/17,Swiggy,$598.17,USD,SUCCESS,Food,A26,Anomaly check
8e8937cb-8595-49e3-aac7-2d6e2b32ec6f,2025/01/01,Apple,3354.31,inr,Pending,Transport,A32,SUSPICIOUS
0944ac61-2ac2-4c6e-9504-789cec8935af,2025/10/31,Local Bakery,2478.54,INR,failed,,A31,SUSPICIOUS
e682c5aa-d0f0-4d00-bcf2-4c8864529534,18-10-2025,Apple,4801.73,usd,FAILED,Transport,A32,Anomaly check
9afdff11-11ef-41f5-95da-c2145d8648d3,12-08-2025,IRCTC,2361.55,INR,failed,Food,A13,
ac3a4da3-2a71-4357-855d-8913b814d9a8,2025/02/21,Zomato,2857.58,INR,Pending,Utilities,A14,SUSPICIOUS
0ab1d390-3ff8-4345-92d3-a7de596050ad,05-03-2025,Apple,3227.55,inr,Pending,Entertainment,A15,Anomaly check
3047ebcd-927f-4ae6-a1de-704308ac1f41,2025/08/13,Ola,2557.31,INR,PENDING,Entertainment,A14,Duplicate?
5b7fcb5b-b85d-4ca5-a88b-182fb7f0b54b,31-07-2025,Shell Petrol,3358.15,inr,Pending,Entertainment,A24,SUSPICIOUS
9a1e59a9-c4f1-4fe9-9ace-9c818b73a3ef,2025/05/28,Amazon,1724.24,inr,success,Cash Withdrawal,A38,Duplicate?
99674f6f-0c8b-4c28-be31-7483171f1b9a,15-11-2025,Apple,2175.66,inr,success,Healthcare,A43,
99674f6f-0c8b-4c28-be31-7483171f1b9a,15-11-2025,Apple,2175.66,inr,success,Healthcare,A43,
bc58dc84-9e85-4c37-9425-62be2a0ac21c,2025/10/16,Apple,$4731.11,USD,PENDING,Shopping,A39,Refunded
8dba24d7-ab5e-4135-800c-c7f660f27905,15-03-2025,Spotify,2951.69,inr,success,Cash Withdrawal,A33,Duplicate?
40e84398-82df-41dd-be82-7ff6152975dd,20-02-2025,Ola,692.07,INR,SUCCESS,Food,A21,SUSPICIOUS
43fe44cf-2da1-4ba3-8a48-a9de71ab2c6d,2025/11/27,IRCTC,211.5,USD,failed,,A44,
6a07d01d-3413-4c19-8e73-14d3cc8ac734,2025/01/13,Google,4941.2,usd,failed,,A45,Refunded
a678b09a-d91d-4a9d-aa44-0854ebf871d6,2025/08/28,Uber India,$1398.15,inr,FAILED,,A31,SUSPICIOUS
84f058da-b10b-4eb0-a90c-4348da2f9ac0,25-05-2025,Local Bakery,4057.23,inr,FAILED,Entertainment,A18,Refunded
,2025/07/15,Apple,3036.62,USD,SUCCESS,,A33,
816b51d5-4fb7-4652-bd3e-24dcadccc67c,01-04-2025,Google,2192.92,INR,failed,,A25,Anomaly check
4c8a81e0-9226-470e-9724-87c42eb1332f,18-09-2025,Uber India,1286.7,usd,FAILED,Other,A21,Refunded
015eae81-8669-4652-903e-613ce960bc24,08-12-2025,Flipkart,3202.14,INR,failed,Food,A48,
cfa0a9b0-a355-4bf7-930c-352134817431,2025/05/19,IRCTC,2784.43,USD,SUCCESS,,A44,
6cef13fc-0d04-4c0c-a8cb-6ab61ab748fd,17-12-2025,Netflix,2694.87,inr,FAILED,Travel,A32,
9b28202b-c270-44a7-bde4-694c5bfdb8b9,19-09-2025,Netflix,3151.2,inr,Pending,,A30,Duplicate?
25476391-6583-4046-b725-9a89d979c743,2025/12/07,Zomato,3645.73,usd,Pending,,A29,Anomaly check
d892b4d0-dfc6-4892-ad38-724cc1b3f413,13-04-2025,Ola,3305.36,USD,Pending,,A48,
a3a3b5be-2340-49d2-bd9b-aac1a6009bdd,2025/02/24,Shell Petrol,4853.19,USD,failed,,A29,Refunded
a763dbea-e268-4eb8-8920-7089e5fe2517,23-08-2025,Google,746.12,INR,failed,Shopping,A11,Duplicate?
a8b5118d-f70e-40a9-ac48-f3ad4abb2766,25-05-2025,IRCTC,3231.45,USD,Pending,Food,A46,Duplicate?
35e92334-b060-4c39-ab18-2d3fbb414813,2025/11/22,Spotify,685.18,usd,SUCCESS,Transport,A22,Refunded
656c1c59-fb18-4ee0-a1f8-6e898b1425a8,19-04-2025,Swiggy,3467.27,USD,PENDING,Travel,A21,
da8e233b-d8a4-42d4-b5be-9c86c8ea60f5,13-09-2025,Shell Petrol,1919.09,inr,success,Food,A17,Refunded
340813fd-220c-4be9-a412-d91efb21337c,2025/08/05,Spotify,4871.53,INR,failed,Shopping,A34,Refunded
255f54eb-926e-4296-9b23-7a64996bbb25,26-10-2025,Apple,2910.01,inr,Pending,Shopping,A41,Refunded
014ccb97-a3d3-44af-87ad-760772c38f5f,10-07-2025,Swiggy,1742.86,inr,FAILED,Transport,A7,
,2025/01/05,Amazon,130.13,usd,FAILED,Entertainment,A37,Anomaly check
52be11c6-646d-4dd4-83a7-3289c024b770,25-05-2025,IRCTC,$405.54,usd,failed,Other,A25,Refunded
55852d3e-81b3-4908-aa1f-b3b225615474,2025/02/04,Amazon,1468.89,inr,FAILED,,A5,Anomaly check
c0d8a7ae-b49d-453d-a37e-945b667e7cc1,2025/11/12,Zomato,4477.54,usd,PENDING,Shopping,A27,Duplicate?
7af794c2-391a-4881-8ef0-9a9fc0c28339,2025/01/07,Spotify,4375.78,USD,PENDING,,A19,
61559a9e-a41e-4345-9244-23658f598a8f,09-03-2025,Uber India,3138.3,USD,PENDING,,A50,
f6ec316b-6c7f-440f-88e9-e6ad304559a3,01-09-2025,Swiggy,2285.5,USD,success,Transport,A16,Anomaly check
68e30d67-a322-4305-a120-efd8a36f9fb4,2025/05/01,Uber India,3031.81,INR,SUCCESS,Shopping,A12,
20404bff-1252-4118-a682-8100ef20ffe7,2025/03/27,IRCTC,$1101.61,USD,PENDING,,A22,SUSPICIOUS
d04a9dc1-6ffe-49fd-8d95-fc304d334390,29-04-2025,Zomato,888.51,USD,SUCCESS,Utilities,A32,Duplicate?
97c66f7a-90f1-4a77-8eb7-9b0c5fc0f580,2025/07/02,Spotify,$3998.18,inr,FAILED,,A1,Refunded
acb99a43-b42e-4db1-9a08-87c725708e88,2025/05/18,Netflix,$4105.84,inr,Pending,Healthcare,A44,Refunded
a9fcdbda-01fd-44a3-a291-6195c007da08,2025/03/13,Amazon,1508.59,USD,success,Transport,A48,SUSPICIOUS
4f46ce87-4781-411c-b98c-af87c6b0ce3a,05-02-2025,Spotify,1967.45,inr,FAILED,Cash Withdrawal,A13,
58311a93-b3b7-445b-b0c3-de4083c47033,13-04-2025,Apple,978.94,inr,failed,,A19,Anomaly check
f6734eb0-66b2-4851-852c-e61d096ef5ae,24-07-2025,Ola,2172.51,usd,success,Other,A11,
863bbafc-46c9-43dc-a4ac-53c1a7b38f52,16-07-2025,Flipkart,$4299.35,USD,PENDING,Food,A28,
907baa34-3245-4212-829a-8426f5743746,16-06-2025,Apple,744.14,INR,FAILED,Travel,A50,Duplicate?
6b03ba63-c571-4c07-9be8-fc99c5c12a2a,12-11-2025,Uber India,$3163.45,USD,success,Utilities,A42,Anomaly check
,2025/12/17,Ola,174.83,inr,failed,Healthcare,A13,
48297857-4d7f-4b1e-a61c-4079b4dbe2df,04-09-2025,Local Bakery,3850.47,USD,PENDING,Travel,A4,Refunded
db412d10-6a71-42fb-abd5-97d4cb88490c,15-05-2025,Local Bakery,3747.36,USD,success,Transport,A45,Refunded
dd56bad1-3ba6-4fef-995d-6198bb72bf01,11-08-2025,Netflix,$3324.51,USD,failed,Healthcare,A29,Duplicate?
8b998ae4-e8e6-4b02-bffa-0f2bd659cc1d,2025/03/19,Google,2890.47,INR,failed,Entertainment,A42,SUSPICIOUS
,31-12-2025,Netflix,139.68,USD,Pending,Other,A47,
2d1a5759-f05c-48fe-bb88-14a1f92140d1,25-11-2025,Swiggy,2072.2,inr,Pending,Travel,A32,Anomaly check
6c1faf0c-e2c9-469d-a265-435fe57766c4,09-07-2025,Apple,$1554.34,usd,SUCCESS,Travel,A2,
f843c23b-e8bb-4908-be68-dcc52123f8f9,07-12-2025,Flipkart,$4715.21,usd,PENDING,Food,A41,Refunded
648dd9fb-8952-404c-91e1-affb67528c93,21-10-2025,Ola,2867.04,usd,success,Travel,A38,Refunded
673da796-454c-448e-8250-9d984c59d8d2,2025/07/01,Google,$3785.29,inr,failed,,A47,Refunded
11697089-90c0-4fa3-ad5a-7ca645092801,2025/06/16,Amazon,4177.34,USD,failed,Utilities,A32,SUSPICIOUS
,11-06-2025,Apple,3971.52,inr,SUCCESS,Utilities,A27,
785620a1-3691-4d4c-92ce-8b770e0d7413,2025/04/29,Ola,3258.3,USD,failed,Travel,A19,SUSPICIOUS
722b93df-0358-44fd-995e-21eb46d4a357,22-10-2025,Uber India,4182.22,USD,SUCCESS,Entertainment,A19,Duplicate?
5f973099-ac68-465e-9212-1a542b674fe9,07-05-2025,Google,2659.22,inr,Pending,,A16,Refunded
01709334-b68d-47cf-9e42-a98277ccf361,09-02-2025,Netflix,$1524.41,inr,failed,Travel,A7,Anomaly check
12c05b9f-3d9e-4c06-95e4-4f1c886495d9,2025/11/06,Spotify,3716.12,USD,success,,A28,Duplicate?
fa22de02-35bb-4265-bd00-26841cfceb2b,10-11-2025,Local Bakery,642.35,inr,Pending,Shopping,A42,Anomaly check
57327743-0021-43cd-b289-2ade7934b145,2025/11/21,Zomato,$268.62,USD,FAILED,Travel,A5,SUSPICIOUS
9c2f60d3-6a26-4b07-97d4-762fc5fc9ab5,15-06-2025,Spotify,158.27,INR,Pending,Healthcare,A18,
ad5bd3fb-19e3-4c9e-84b6-1cf90d983f48,2025/03/14,Uber India,1773.9,usd,failed,Shopping,A34,Duplicate?
c74c2fea-2d86-4f31-8237-7053cd33d9cc,2025/06/24,Swiggy,4798.95,USD,SUCCESS,Food,A49,
cbb14ec2-4781-41aa-aef1-abed9230fe90,20-11-2025,IRCTC,2338.27,inr,SUCCESS,,A5,SUSPICIOUS
b9a6d9b2-d3d9-4792-90de-15e0b55fbb6b,2025/12/08,Google,$240.67,usd,PENDING,,A4,Duplicate?
73acc212-dcfa-4d62-8120-5dfc91e879de,03-07-2025,Netflix,$626.24,usd,SUCCESS,Utilities,A46,Duplicate?
10d6af10-ed8b-40c3-8b59-d9b56da262ad,2025/10/02,Local Bakery,4232.88,USD,success,Travel,A49,SUSPICIOUS
53ba6af0-4520-4dc3-900f-564d7f1f4676,2025/07/17,Apple,1297.39,INR,FAILED,Cash Withdrawal,A33,
36404370-c3ab-4af9-8231-4c882e403832,2025/01/10,Uber India,2227.51,inr,FAILED,Food,A10,Duplicate?
9bfe1163-d703-4cd1-94ed-d3707a969321,2025/07/07,Apple,585.68,USD,success,Cash Withdrawal,A39,Anomaly check
5ec39f6b-64bb-4b73-b893-3192cc9a9d6a,2025/04/06,IRCTC,3732.74,USD,Pending,Utilities,A37,SUSPICIOUS
2fd9a4e3-131a-4278-a39d-776bac1eef18,16-11-2025,Swiggy,389.82,INR,FAILED,Transport,A42,SUSPICIOUS
626c6380-3498-46ea-9e3f-867e9dfc4b82,03-04-2025,Local Bakery,$3078.1,INR,success,Entertainment,A42,SUSPICIOUS
5afd2697-2e6d-4c02-9758-cc78c385803c,2025/01/23,Spotify,$2935.33,inr,Pending,Food,A41,SUSPICIOUS
8722a1ab-6121-44e8-afb7-d5f3e2672e2d,25-02-2025,Zomato,269.41,USD,PENDING,,A24,SUSPICIOUS
8722a1ab-6121-44e8-afb7-d5f3e2672e2d,25-02-2025,Zomato,269.41,USD,PENDING,,A24,SUSPICIOUS
4d222ba1-1b08-4100-9d4d-744c9bebac35,19-06-2025,Google,$1049.27,USD,failed,Other,A28,Refunded
f159bfd7-1326-4ef2-9335-2da5ca0fc55d,13-08-2025,Swiggy,3478.94,USD,success,Other,A29,SUSPICIOUS
a50bcbff-6501-4578-8f39-fa5df3c63e47,06-12-2025,Amazon,3460.19,USD,failed,Shopping,A22,Refunded
6b34cdd2-fdbd-49b6-b8ff-cebb191cc8f8,16-02-2025,Uber India,2861.44,usd,SUCCESS,Entertainment,A41,Anomaly check
7a3da23a-1e4f-4c86-9fea-3fbd3e903669,29-12-2025,Google,4889.74,USD,success,Transport,A15,Anomaly check
cc8c4a03-4a93-41dc-b496-451ffc3e2023,2025/10/06,Uber India,3164.89,INR,FAILED,Cash Withdrawal,A37,Anomaly check
7515c8a7-3fe4-4c47-8362-12bb357d2719,2025/10/08,Amazon,1685.17,INR,PENDING,Travel,A24,SUSPICIOUS
4577857c-e608-485c-995c-36578efd8df0,2025/11/04,Spotify,3449.88,usd,PENDING,Transport,A8,Refunded
6669bf93-ac39-44aa-a9a5-65427bf3cd9b,2025/06/16,Swiggy,3902.81,inr,FAILED,,A44,Duplicate?
2f561d9a-ee04-4ad2-a5fa-87db3d444a29,07-04-2025,Uber India,2700.43,INR,success,,A18,
abba5c86-fb84-411b-af8a-976b36bde209,2025/04/17,Shell Petrol,$719.87,USD,success,Utilities,A33,
ef140c12-ebcd-46ad-a3be-0ec590c21c93,17-08-2025,Ola,1108.59,usd,Pending,Transport,A19,Anomaly check
c7b01364-85f9-43d3-a1d6-766a604a07e2,2025/12/25,Local Bakery,276.74,INR,PENDING,,A39,Anomaly check
b35adcca-78af-4ca7-835b-b83fc43605b8,2025/06/14,Google,2208.92,inr,PENDING,,A39,
92583e35-bf33-4239-94f9-7585359c3841,2025/09/09,Apple,3518.76,inr,Pending,Food,A1,Refunded
ffcb59e1-3a1f-4cb7-9f09-af505d573c03,2025/08/06,Netflix,2187.49,usd,PENDING,Utilities,A14,Anomaly check
0555d6e9-2717-4c20-adc4-2f389f68c26f,19-06-2025,Swiggy,4530.41,inr,failed,,A16,Anomaly check
d2835cd2-f4a7-41f6-bdf3-ff2429f5a2d5,2025/10/06,Amazon,2508.01,INR,success,Healthcare,A47,Refunded
c200a108-76d6-4791-9784-9dc3609855f2,05-09-2025,Swiggy,$4035.19,usd,SUCCESS,Utilities,A15,Duplicate?
6aff0758-6d8a-4e4f-90bc-99e95ec4f54c,2025/04/04,IRCTC,939.68,INR,PENDING,Other,A44,Anomaly check
4de2bfb6-576c-42e1-908f-30a57cb48f0b,04-07-2025,Local Bakery,2583.08,INR,SUCCESS,,A49,SUSPICIOUS
8b984ade-5708-46c2-bd87-36d54225f1d0,12-07-2025,Netflix,4566.01,INR,failed,Cash Withdrawal,A3,Duplicate?
48b38313-9be4-4818-82c7-e54f5feeaf50,2025/12/25,Uber India,1447.62,usd,FAILED,Utilities,A8,
1e98a178-fe30-4225-a95b-ff461c75789b,2025/01/29,Uber India,$4140.14,usd,failed,Entertainment,A44,SUSPICIOUS
48c81550-f482-4ab0-a6e0-a3a048632807,27-11-2025,Apple,2921.55,INR,Pending,Healthcare,A46,Duplicate?
8c1b21a6-dc70-48cb-8734-1de007348174,2025/11/16,Zomato,$4526.43,INR,failed,Cash Withdrawal,A28,SUSPICIOUS
8333d7a6-55f3-43ba-9d5c-3d82e5e293dd,2025/03/05,IRCTC,$1198.6,inr,failed,Cash Withdrawal,A43,SUSPICIOUS
,21-08-2025,Netflix,$4005.17,inr,PENDING,Entertainment,A39,SUSPICIOUS
bd1e6a10-3842-4c97-8c0c-e3ecc7ee53c6,2025/10/02,Netflix,632.93,INR,SUCCESS,Healthcare,A42,Anomaly check
b532e633-c27b-43b8-85fc-8ad8617d2e57,2025/05/18,Google,$1057.9,usd,FAILED,Transport,A46,SUSPICIOUS
3c656d8b-662f-40f4-9f4e-cc19499e37a5,02-04-2025,Apple,1513.29,usd,Pending,Transport,A3,Refunded
0ab25cd9-e5a9-4499-be67-0e1e5be5bb1a,2025/02/10,Swiggy,145.92,usd,PENDING,Cash Withdrawal,A39,Refunded
,2025/10/17,Zomato,1520.38,USD,SUCCESS,Entertainment,A6,SUSPICIOUS
916c401b-dcf6-4d51-a395-0fc3ec4a937d,04-11-2025,Uber India,479.45,USD,PENDING,,A10,Refunded
8e74a3a8-5810-4829-9421-07ad0ef8ce86,14-07-2025,Flipkart,$2031.55,inr,Pending,,A1,Duplicate?
42c6dcc9-3668-40a2-84d7-daa0cb658f3c,2025/11/10,IRCTC,1039.71,usd,Pending,Healthcare,A31,Refunded
,26-11-2025,Google,4181.99,INR,success,,A21,SUSPICIOUS
7e0a620d-ab5b-40a3-8b33-0da1051bc2e8,2025/07/10,Amazon,4332.69,USD,Pending,,A16,
57ba95b1-0d88-431c-8327-2536139c73df,2025/07/08,Local Bakery,$1772.07,INR,FAILED,Travel,A10,Refunded
ced1fdb0-217b-4d68-a6e7-494e3621eb41,09-06-2025,Flipkart,296.33,INR,SUCCESS,Entertainment,A2,Anomaly check
da97ef6e-e313-4924-bc0c-15c4d05d9709,2025/07/13,Zomato,3967.26,usd,PENDING,,A35,Duplicate?
b19ba8f5-f4d0-46d5-be98-2371785a31ff,2025/12/16,Spotify,4089.29,USD,success,Transport,A7,Refunded
e1164eec-792a-4f4e-9995-737d0c5e9d79,2025/01/02,Apple,2143.01,usd,PENDING,Travel,A42,Anomaly check
f7a314ae-9027-4bb8-92c8-9a7a89b2bb6a,07-02-2025,Zomato,2278.74,INR,PENDING,Utilities,A40,
78984c01-c72c-4a40-8f31-73d0522f8ca6,2025/05/16,Uber India,4692.34,USD,success,Travel,A8,Duplicate?
e0919c10-b7c2-4197-b587-5417d53c07da,2025/05/19,Amazon,2459.02,inr,success,Entertainment,A13,Duplicate?
dc995449-d7c1-414c-8cc9-d765f05b68c1,09-07-2025,Amazon,3236.45,USD,success,Entertainment,A9,SUSPICIOUS
,2025/09/03,Shell Petrol,2588.5,inr,SUCCESS,Transport,A38,SUSPICIOUS
,2025/03/28,Shell Petrol,1648.48,INR,failed,Healthcare,A1,Refunded
8a33e79a-2680-4af9-807b-0cc8308c3d97,17-03-2025,Spotify,1082.46,inr,failed,Transport,A17,
8a33e79a-2680-4af9-807b-0cc8308c3d97,17-03-2025,Spotify,1082.46,inr,failed,Transport,A17,
caad0262-5317-4709-807c-bd027a53547d,2025/01/30,Apple,3335.13,inr,SUCCESS,Utilities,A49,
edc28c91-b678-421c-a98d-9105860923de,01-02-2025,Amazon,2285.27,inr,failed,Other,A40,Duplicate?
edc28c91-b678-421c-a98d-9105860923de,01-02-2025,Amazon,2285.27,inr,failed,Other,A40,Duplicate?
,2025/01/10,Apple,3410.79,USD,SUCCESS,Utilities,A29,
1100ca9b-6db0-4c0e-b856-4379edc83b96,16-08-2025,Apple,2373.62,USD,SUCCESS,Travel,A48,Duplicate?
2bac4f33-a766-4d01-9d83-26fb261964eb,2025/02/05,Swiggy,1712.7,inr,FAILED,,A1,Anomaly check
,31-03-2025,Spotify,4162.63,usd,Pending,,A24,Duplicate?
18dc7630-e9c2-48d0-b964-43839e791ddf,2025/08/15,Netflix,4453.95,INR,Pending,,A9,SUSPICIOUS
01aaf831-1ca4-4663-9eb0-0249672301c2,22-06-2025,IRCTC,$4789.94,inr,success,Transport,A15,SUSPICIOUS
d5008488-9e3b-47de-9733-a8725e76158c,2025/08/20,Amazon,$2891.15,INR,failed,,A36,Duplicate?
42a923e2-16fd-43ea-9ec1-fe643f65130c,21-03-2025,Amazon,1554.19,USD,Pending,Shopping,A43,
97e6e90f-126d-4afe-a47b-622e514aec43,04-11-2025,Uber India,1294.85,inr,failed,Travel,A23,
d4fc6d9c-e156-4ec1-8c1b-47de898a2fea,2025/05/24,Netflix,1903.82,INR,FAILED,,A36,SUSPICIOUS
b322f647-6a63-49fb-92d0-d271c08856a8,2025/10/04,Google,797.34,USD,PENDING,Healthcare,A31,Anomaly check
d8c664bc-dbb6-41a3-b986-0aefe99177e1,2025/09/28,Google,$4870.32,usd,success,,A36,Anomaly check
51bc4c12-a0bd-4ee2-b4e1-b00cf79cf7ea,2025/03/27,Flipkart,$3624.76,INR,SUCCESS,Other,A8,Duplicate?
e545a61a-df7e-485a-8bfd-1a41ec02d5a7,03-03-2025,Local Bakery,1499.22,INR,PENDING,Shopping,A39,Duplicate?
f71e78e8-e11a-4823-a753-62f51cb667e4,30-03-2025,Swiggy,$2248.88,inr,FAILED,Healthcare,A21,Anomaly check
90160b30-7863-4745-b839-7ff9f8a4fc71,2025/04/08,Netflix,4228.99,inr,FAILED,Utilities,A7,
0395bdc9-b7cd-4300-8e4d-ed5e94b6817c,31-01-2025,Swiggy,$4153.92,usd,success,Entertainment,A9,
04a99314-e8b6-4834-a724-957ed8e37901,06-08-2025,Shell Petrol,1744.57,usd,failed,Travel,A23,Anomaly check
58cb7d26-8a8b-4886-9dc4-896b3d759719,2025/05/30,Ola,1562.94,INR,FAILED,,A2,Anomaly check
975fc73b-538f-4f78-8c62-b6ac70777713,24-01-2025,Netflix,2886.56,INR,failed,Entertainment,A1,
4b1fb5a2-83f9-4816-8740-42b81306af99,20-01-2025,Uber India,2793.15,INR,failed,,A16,SUSPICIOUS
374759ca-a87f-484b-b261-8b785287f9bd,2025/02/27,Amazon,2235.06,USD,Pending,Travel,A33,Refunded
c18427fe-930e-4f4c-bfd1-280604f1b04a,08-06-2025,Uber India,$740.17,USD,success,Entertainment,A23,
99eeff84-59ab-4a92-823c-c4cb041fb840,2025/10/29,Zomato,1018.69,inr,SUCCESS,Transport,A11,
aeb2f328-bafc-4a7b-aed2-970eef20489b,2025/04/09,Ola,920.51,INR,success,Other,A45,SUSPICIOUS
b4625076-6ccc-4e8b-8c32-38c82dbb140e,2025/01/01,Local Bakery,3136.01,usd,FAILED,Travel,A4,SUSPICIOUS
4d5752ff-0491-409c-b1d2-fcca7d26984e,18-12-2025,Ola,$3815.18,USD,Pending,Utilities,A31,SUSPICIOUS
ada7f328-7a4a-4a43-9bf3-da4f86bbf4f1,20-05-2025,Zomato,1084.49,INR,success,,A14,
88224db8-940f-4d3c-9b2a-49f1a3b67b56,2025/01/04,Zomato,461.38,inr,FAILED,,A41,SUSPICIOUS
ce60ed9b-e370-40aa-8cc3-4bf1c6d948cd,09-03-2025,Shell Petrol,$3484.29,inr,success,,A49,
96114545-372c-4054-85e3-10c42f1f2f41,2025/08/10,Uber India,4899.22,usd,success,Entertainment,A29,Anomaly check
18e5e3b6-e452-4d6d-bc64-f8d0875c35bb,2025/08/03,Spotify,$3227.01,inr,success,,A5,
366d18ce-066e-48e0-8a74-e9239246e00f,07-07-2025,Swiggy,44258.11,USD,SUCCESS,Other,A5,
366d18ce-066e-48e0-8a74-e9239246e00f,07-07-2025,Swiggy,44258.11,USD,SUCCESS,Other,A5,
d3727905-8bdb-47ac-b5e1-5350c0cea055,30-10-2025,Local Bakery,3520.25,usd,SUCCESS,Travel,A37,Refunded
3de6bcc7-4afe-4744-b322-85f85db2399e,11-06-2025,Amazon,1484.02,inr,Pending,,A2,Anomaly check
672f2fa4-24f4-470e-aec4-c46fb4ae6906,2025/09/13,Shell Petrol,1302.15,usd,PENDING,Utilities,A17,
1aa7e80c-08ef-4f61-a666-cd9ca0abfa33,2025/04/28,Amazon,3745.0,USD,success,Food,A19,SUSPICIOUS
865a8022-2ab2-431a-8f5c-76eaaa10f06e,2025/10/24,Apple,2620.45,USD,failed,Cash Withdrawal,A38,
90271f07-022e-441f-ba6a-c393045c411b,26-05-2025,IRCTC,3802.82,usd,success,Food,A39,
741ab551-6099-4c0b-af5e-b5d2bf0d9745,25-05-2025,Spotify,1843.69,USD,SUCCESS,,A23,Anomaly check
,2025/07/11,Spotify,$4704.49,USD,success,Travel,A39,SUSPICIOUS
44232166-e626-4d62-bda4-e91bcc343a21,2025/11/29,Zomato,2465.38,usd,SUCCESS,Utilities,A38,Refunded
9f3d7f54-ffdd-4888-b176-70b95397a459,2025/03/31,Apple,$3296.77,INR,FAILED,Entertainment,A48,
102b2ed1-095e-4d72-84d9-9147de62993f,10-04-2025,Swiggy,909.86,usd,SUCCESS,Utilities,A20,SUSPICIOUS
ee8a75dd-8d2b-4b32-93cd-4efbae6398e4,06-12-2025,Ola,$1737.35,USD,success,Travel,A3,Duplicate?
8a56cf3e-c1e3-48f0-94f5-984882419697,2025/02/12,Amazon,3201.72,USD,FAILED,Other,A23,Anomaly check
9fc54a93-fa6f-4094-bda0-f3bcb16f92d5,2025/01/25,Swiggy,2938.87,INR,SUCCESS,Cash Withdrawal,A38,Refunded
,2025/01/30,IRCTC,2484.13,USD,failed,Utilities,A44,Refunded
aa18e170-8f68-41f6-8b2f-209c7be5b264,24-05-2025,Netflix,3236.2,INR,SUCCESS,Entertainment,A10,Refunded
ccac7e82-4d60-44d0-a5b0-d850bd71a798,17-10-2025,Flipkart,3663.58,inr,PENDING,Utilities,A49,
8e8b1279-7934-4f74-aa49-15e838f813d4,2025/02/25,Apple,2876.99,INR,FAILED,Food,A17,
00e60fca-de74-4264-8fa5-10a4bdc9618f,2025/04/02,Flipkart,4061.44,INR,PENDING,Other,A38,Refunded
ac14b0db-446d-4ed7-b9ed-40387cfb04a0,27-03-2025,Flipkart,3445.98,USD,SUCCESS,Shopping,A27,SUSPICIOUS
dc691516-7634-47aa-9cf6-a3b272f7d8b5,21-05-2025,Spotify,1978.09,INR,SUCCESS,Cash Withdrawal,A16,Duplicate?
7004fc93-7b04-4385-973b-47016ea32a13,31-08-2025,Netflix,473.04,USD,Pending,Healthcare,A16,Refunded
81439eee-8dd3-4166-b14a-40f3f8eee511,2025/01/18,Local Bakery,250.15,USD,PENDING,Food,A18,SUSPICIOUS
2ebcbd2c-c816-4e98-b579-6dac006095c8,03-09-2025,Google,1714.97,INR,Pending,Shopping,A33,Refunded
1c186e0c-b64a-4d96-a452-78c734b1f029,2025/05/31,Zomato,1872.71,usd,SUCCESS,Food,A26,Anomaly check
9b8dee94-4afd-4fef-9176-197477db1458,2025/02/11,Uber India,2814.18,INR,SUCCESS,Other,A26,Duplicate?
52cea830-73f0-4140-8864-4df290048a49,2025/07/19,Shell Petrol,3305.13,INR,PENDING,Cash Withdrawal,A17,Anomaly check
7543ac25-1331-4c96-afc0-01cb0dc33287,07-05-2025,Spotify,4367.8,inr,PENDING,Transport,A7,Anomaly check
6d55e720-f077-4236-a4ce-82c741823a02,05-01-2025,Google,2245.38,usd,Pending,Utilities,A32,Refunded
c090529c-b41f-43db-aaba-26cb91fb8f39,26-01-2025,Local Bakery,1262.92,INR,PENDING,,A29,SUSPICIOUS
2d589699-3b49-438a-9eed-ef7030683bfb,19-05-2025,Uber India,2393.88,USD,failed,Cash Withdrawal,A32,
03790802-1a16-4ef7-9cf2-6e64074df990,05-12-2025,Amazon,2075.46,USD,PENDING,Shopping,A3,SUSPICIOUS
54e3f51b-8fdf-4105-a373-618bbcf04822,2025/09/19,IRCTC,1101.37,inr,FAILED,Food,A21,Duplicate?
927fbf81-5a2a-41dc-bcc4-504969213cfa,07-07-2025,Local Bakery,$733.77,inr,FAILED,,A20,
b750ac24-d50c-4d4c-bad8-d9bfcb9b6555,01-06-2025,Flipkart,4171.74,INR,SUCCESS,,A27,Anomaly check
47985aba-89ed-49dd-af08-db43d7904976,2025/02/01,Local Bakery,4681.62,usd,PENDING,Shopping,A28,SUSPICIOUS
47985aba-89ed-49dd-af08-db43d7904976,2025/02/01,Local Bakery,4681.62,usd,PENDING,Shopping,A28,SUSPICIOUS
,16-04-2025,Ola,4603.12,inr,Pending,Healthcare,A14,Anomaly check
3d30b611-4d14-4702-b215-9a7355cd5698,2025/12/09,IRCTC,1447.76,inr,Pending,Healthcare,A20,SUSPICIOUS
776cefaf-1227-4e01-89d0-649457103f8b,11-08-2025,Flipkart,1289.68,usd,Pending,Cash Withdrawal,A25,Duplicate?
12800db7-6e2d-41c6-b42c-2aac80e0d4bc,08-04-2025,Flipkart,351.01,usd,Pending,Entertainment,A48,Refunded
37923db3-baed-439f-bf86-44c4c57b8b9b,13-06-2025,Spotify,3333.54,inr,FAILED,Other,A1,Duplicate?
940bfe39-992b-441d-acdf-2ebf9e7e25bd,2025/10/18,Shell Petrol,2793.3,INR,failed,,A40,Duplicate?
effc9054-4f06-4f19-90f5-573ac1021000,2025/10/01,Apple,2355.08,inr,FAILED,Utilities,A50,SUSPICIOUS
9ad2dfec-b812-4258-ada1-e074dd6e0bb8,2025/01/19,Apple,3664.66,inr,Pending,,A43,SUSPICIOUS
8a32faf0-57b3-42c9-aded-08457f8a08c1,20-09-2025,Google,2559.88,usd,PENDING,,A19,Refunded
8a32faf0-57b3-42c9-aded-08457f8a08c1,20-09-2025,Google,2559.88,usd,PENDING,,A19,Refunded
3559ac51-df62-4bcd-bfa6-4750675337ea,05-02-2025,Spotify,79.31,INR,PENDING,Cash Withdrawal,A49,SUSPICIOUS
,2025/08/01,Google,1742.01,inr,PENDING,Cash Withdrawal,A10,Duplicate?
a477a4e2-57ae-4580-b6a5-bfa8f604a60d,10-12-2025,IRCTC,2195.21,inr,SUCCESS,Entertainment,A4,Refunded
8e61088b-523d-46be-b4f2-8e0444f54f8f,18-06-2025,Ola,642.94,inr,Pending,Travel,A4,SUSPICIOUS
,2025/03/05,Google,$2854.81,INR,success,Healthcare,A24,Refunded
1977f280-0f58-43ec-86e4-236d2900b0fa,29-03-2025,IRCTC,4545.47,inr,SUCCESS,Utilities,A17,SUSPICIOUS
9695d1d8-8ed5-4843-bbfc-6061a4cfebcd,2025/12/21,Ola,2424.52,USD,Pending,Cash Withdrawal,A5,Anomaly check
5f7a9e33-4dca-4acb-8c02-ea42c5e5708d,2025/05/09,Google,3117.2,usd,Pending,Utilities,A13,Duplicate?
86a80ea9-d231-476b-a3b4-1beac33432b3,27-02-2025,Amazon,$1105.71,INR,success,,A11,Anomaly check
d90d943e-793c-46dd-9130-e13269d69333,30-07-2025,Swiggy,$2026.06,inr,PENDING,Healthcare,A45,Refunded
361d1928-60e7-46b5-99f9-b5b2246b928b,2025/11/02,Ola,$2056.98,USD,FAILED,,A17,
827f6fbd-ac2d-440a-ba42-e7834ec4da97,05-07-2025,IRCTC,2097.39,INR,success,Cash Withdrawal,A37,SUSPICIOUS
c465d2e9-e4ae-4e0e-828b-55214f438720,19-06-2025,Spotify,$3437.38,USD,PENDING,Shopping,A45,Anomaly check
8f1c559c-07ef-448a-80f8-b1b974025a2d,2025/05/24,Swiggy,4695.46,USD,FAILED,Entertainment,A35,Anomaly check
,01-01-2026,Zomato,$1120.84,USD,SUCCESS,Entertainment,A28,Refunded
cbba4b1f-8235-4477-86c7-e479fcb107fb,2025/12/12,Ola,627.07,inr,failed,Healthcare,A40,Duplicate?
0f756454-3cf1-4613-93df-eb087ebb6bfa,2025/12/24,IRCTC,385.15,USD,Pending,Cash Withdrawal,A23,Duplicate?
97b955b0-3a9d-4d77-80d5-450bd71d8306,18-03-2025,IRCTC,4187.25,INR,SUCCESS,Shopping,A21,Refunded
53afa7a3-54db-45a4-b6bf-d67f32a7b100,2025/06/27,Amazon,1132.28,inr,Pending,Food,A19,SUSPICIOUS
f19e20a3-5323-49fa-a6a8-d569dda4a7cf,2025/07/03,Apple,2320.77,usd,PENDING,,A11,Duplicate?
fd1226a4-ee89-49ab-8534-cb41f408a6f3,03-06-2025,Spotify,4710.75,usd,success,Shopping,A11,
fd1226a4-ee89-49ab-8534-cb41f408a6f3,03-06-2025,Spotify,4710.75,usd,success,Shopping,A11,
b4911d47-a157-4e52-b214-0f5583ffef86,2025/10/04,Google,539.93,USD,success,Shopping,A42,Duplicate?
ec2a792e-2ac2-41b0-8651-1aff7fd5c4c8,18-11-2025,Local Bakery,1876.01,usd,FAILED,Other,A11,Duplicate?
71d178f9-c0b5-48c5-9dac-97057d92c2e7,2025/08/15,Local Bakery,4409.33,usd,PENDING,Other,A17,SUSPICIOUS
b39a0577-b845-4db8-9bca-a7396dd78a41,07-02-2025,Local Bakery,$1020.93,INR,PENDING,Healthcare,A46,SUSPICIOUS
1a3b4a29-055a-4b8e-b026-9e89186b4553,15-12-2025,Amazon,$670.98,INR,success,,A20,Refunded
01c193c1-06a4-4b5c-83bd-ba0c34a6bfab,2025/11/07,Flipkart,2055.3,INR,success,,A7,Refunded
5a4506e5-8920-421c-8774-2ff441a6018e,2025/01/28,Flipkart,3187.07,inr,success,Entertainment,A2,SUSPICIOUS
ecceca07-06fb-4529-a2c9-a11845b60d45,08-02-2025,Apple,1723.75,usd,SUCCESS,Transport,A33,Refunded
d85892e7-d8be-4fd0-813c-c3351faa54a9,2025/01/14,Spotify,3533.76,usd,SUCCESS,Transport,A25,Duplicate?
89c2542a-e769-48d5-8ea1-16c3e16b4476,2025/05/05,Spotify,$3095.07,INR,success,Shopping,A26,
dffb104c-b5aa-4119-abb9-dfcd73c1cebe,2025/04/12,Shell Petrol,2816.69,INR,success,,A8,
1a21fa72-edf3-456a-9c25-f853648e669c,2025/04/22,Netflix,444.66,INR,failed,Transport,A10,SUSPICIOUS
0e5c83ac-0a48-4667-9f11-925459990b9e,11-03-2025,Apple,721.71,usd,SUCCESS,Shopping,A8,Refunded
0fcb013b-36b2-40dd-92a8-ea02c0f0b7f5,22-11-2025,Google,2531.75,usd,failed,,A37,Anomaly check
b72ca7c5-c269-428c-b835-4142e8db5039,02-07-2025,Spotify,1934.74,INR,success,Healthcare,A32,Anomaly check
fbdbfae8-9669-4b36-81c9-085b6524370c,2025/01/28,Flipkart,$4442.06,inr,PENDING,Food,A29,SUSPICIOUS
30d1ae36-9858-4e35-b152-c193ff403a24,2025/11/07,Amazon,4496.41,USD,PENDING,Food,A10,SUSPICIOUS
d97623cc-b701-4c5b-9730-d5b8bc4baccd,2025/05/04,Shell Petrol,966.71,usd,SUCCESS,Travel,A13,
5999cd02-d036-4349-8706-d82b3deb418c,18-10-2025,IRCTC,2081.47,usd,FAILED,Other,A41,SUSPICIOUS
782340ee-8a00-4430-910d-8624719378a7,2025/04/03,Google,394.0,usd,failed,,A35,Refunded
e68d7781-b7c0-42a4-a988-dfd7809a42c8,16-04-2025,Apple,2671.11,USD,failed,Travel,A39,Duplicate?
,07-11-2025,Zomato,2250.24,INR,FAILED,,A47,
fa838185-b918-41eb-928d-555dc8216b5a,2025/12/24,Spotify,4529.97,inr,PENDING,,A2,Anomaly check
993f34dc-c6a9-4b2d-a461-772f78ddf81c,09-01-2025,Netflix,2120.0,inr,failed,Entertainment,A50,
abd2c124-d02c-4325-9435-79ebc51c4e5f,2025/06/10,IRCTC,2250.45,usd,PENDING,Entertainment,A21,SUSPICIOUS
86bddcf9-b8cd-461f-8913-d2b899e43c59,2025/10/20,Uber India,2077.99,USD,success,Shopping,A8,Duplicate?
2e911ed2-2add-49fc-b171-fc542826ae35,2025/09/02,Swiggy,3152.66,inr,success,,A29,Refunded
e1d743fb-3637-4548-987e-0d887f178246,12-10-2025,Ola,69.73,usd,PENDING,Other,A41,
50d17cca-ce43-4f17-99e5-9714d75879d3,11-11-2025,Netflix,644.15,USD,success,Food,A43,SUSPICIOUS
113329cc-d430-47cb-a1b2-e419ae14da12,2025/05/23,Uber India,2010.97,USD,success,Other,A44,Duplicate?
03f2b10a-50fe-4c45-a151-f7efd1967ada,13-12-2025,Apple,1763.58,usd,success,,A5,Refunded
dc02ff2d-92dd-4c8e-9538-f9f4989ae311,2025/07/10,Netflix,4518.02,USD,PENDING,Food,A11,Duplicate?
baeb69c7-f8c8-4d33-9a7b-8f59651a216d,2025/01/22,Zomato,$3348.21,USD,Pending,,A23,Duplicate?
57c19b5d-ad05-488b-a3b6-0562e4427a60,07-10-2025,Shell Petrol,1365.73,usd,SUCCESS,Food,A33,Duplicate?
dd844869-2188-4c67-81e6-ba1ae8a1f1f1,14-11-2025,Netflix,2381.35,usd,PENDING,,A31,Refunded
77bb79b0-38c4-4dec-85d7-80c92a2c8f75,2025/12/25,Google,723.44,INR,success,Shopping,A8,Anomaly check
77bb79b0-38c4-4dec-85d7-80c92a2c8f75,2025/12/25,Google,723.44,INR,success,Shopping,A8,Anomaly check
1f98058d-c2e2-4542-8100-ae150cd5afed,2025/04/04,Swiggy,171.14,usd,PENDING,Travel,A22,
9c515ae7-de75-47bd-9948-791a8a6cce8e,2025/03/24,Netflix,$4486.59,USD,SUCCESS,Entertainment,A14,Refunded
130799d1-d9fb-40eb-8bb4-c6d6283f4669,16-11-2025,Google,3015.47,inr,PENDING,,A7,SUSPICIOUS
67f50d30-28e7-46b1-a8b7-da12f8a1c68c,2025/10/16,Amazon,3482.04,USD,success,,A16,
954f4002-ed51-4846-a796-8629e2a7e2a3,16-05-2025,Zomato,$503.71,usd,PENDING,Entertainment,A19,SUSPICIOUS
cfa9cfe6-d447-4766-a17e-4cd7016b97ea,2025/07/04,Netflix,$4096.27,INR,FAILED,Healthcare,A39,Duplicate?
0c63814c-3fff-4e9e-96d3-51e188a9a2f1,15-08-2025,Zomato,4193.42,INR,success,Travel,A24,
1d10aa96-18c9-4dbf-be49-17148ca14942,14-04-2025,Amazon,2157.48,inr,FAILED,Entertainment,A25,SUSPICIOUS
f9c3dcfc-9b1f-41c8-ba6b-6c26014acdce,2025/07/22,Uber India,4492.57,inr,SUCCESS,,A27,Refunded
c8127ca4-d39f-4a8b-b752-b993d907c59c,2025/08/04,IRCTC,$4725.29,INR,SUCCESS,Travel,A28,Duplicate?
c8127ca4-d39f-4a8b-b752-b993d907c59c,2025/08/04,IRCTC,$4725.29,INR,SUCCESS,Travel,A28,Duplicate?
23ff4bad-05c9-469f-b17f-125535b356ba,12-10-2025,Swiggy,380.17,inr,success,Healthcare,A7,Refunded
bb432430-43f3-459c-aa6c-2660583cce9c,2025/10/28,Netflix,$420.49,INR,success,,A35,Anomaly check
fd49ce80-7663-4515-bbec-42fc2e598263,2025/04/29,IRCTC,2365.51,INR,success,Entertainment,A11,Duplicate?
34e50541-af58-4a8b-bb86-cff5dcc5797a,2025/08/24,Uber India,4283.65,INR,failed,Shopping,A20,Duplicate?
253a0d02-7c95-48ad-9728-c57b58a85b5b,2025/04/07,Spotify,$4148.07,USD,PENDING,,A16,Anomaly check
d4daf60f-f9b2-4d7c-97cd-a04b56395805,24-01-2025,IRCTC,4590.2,inr,success,Travel,A32,Anomaly check
521430ec-d480-47fa-b83b-71dcb5dd30e6,2025/01/25,Spotify,$2609.74,INR,SUCCESS,Food,A12,
2f8e9230-2110-40eb-9c03-b7349894c5e8,2025/10/07,Apple,3219.79,INR,Pending,Cash Withdrawal,A42,Refunded
b099564b-c09d-4ac3-8e04-6771a6e86f58,02-06-2025,Uber India,$466.37,INR,Pending,,A45,Anomaly check
6c29c918-c00d-400b-82e9-c668a2488066,2025/08/11,Zomato,3977.39,usd,failed,Utilities,A2,SUSPICIOUS
6c27996f-436e-4b23-afba-795bca1561d8,20-09-2025,Amazon,$3982.59,INR,success,Travel,A10,Refunded
4efed594-b94a-4413-b884-240235109213,12-07-2025,Zomato,1607.38,USD,failed,Entertainment,A47,SUSPICIOUS
c8133137-a4af-4b79-a8c8-8af70f853a8c,03-05-2025,Google,4238.3,INR,PENDING,Food,A3,SUSPICIOUS
fec9dab9-7438-455a-9a8f-ebc699d03f2b,09-07-2025,Local Bakery,1888.85,usd,success,Shopping,A22,SUSPICIOUS
fec9dab9-7438-455a-9a8f-ebc699d03f2b,09-07-2025,Local Bakery,1888.85,usd,success,Shopping,A22,SUSPICIOUS
c5361719-936f-4b68-afd1-d973578b7a32,04-04-2025,Swiggy,3362.0,inr,failed,Transport,A20,
fdbde31d-e52d-4d2e-9d21-7fa9af10e145,23-05-2025,IRCTC,4258.85,USD,PENDING,Shopping,A15,SUSPICIOUS
48789116-c01f-4a4a-b73c-6511a063eddb,2025/07/29,Flipkart,4591.65,INR,SUCCESS,,A32,Anomaly check
8cf2f597-938d-409c-ba9e-ed4d82c6f4c4,21-09-2025,Google,3422.39,INR,success,Shopping,A19,Duplicate?
ea900b0d-798e-4ab8-b6e8-749309e7c03b,15-05-2025,Shell Petrol,$4768.26,inr,SUCCESS,Entertainment,A2,Anomaly check
ea900b0d-798e-4ab8-b6e8-749309e7c03b,15-05-2025,Shell Petrol,$4768.26,inr,SUCCESS,Entertainment,A2,Anomaly check
30343602-6030-467b-9566-9887269e9d70,11-11-2025,Swiggy,327.66,usd,success,,A39,SUSPICIOUS
10f670e0-4fdd-43ed-940d-20963beb9a4d,2025/10/28,Local Bakery,4674.95,inr,failed,Food,A17,Refunded
,22-09-2025,Zomato,4868.24,USD,PENDING,Utilities,A2,Duplicate?
2993926f-2baf-44fe-8508-a8926da7a377,11-01-2025,Shell Petrol,1512.41,USD,PENDING,Transport,A36,
b69074e0-c0c7-4460-b445-dc135637949a,2025/07/10,Uber India,3271.64,usd,Pending,Food,A10,SUSPICIOUS
81410af6-75ce-42b3-976f-d4e03cbbb824,2025/08/09,Ola,$1500.11,INR,PENDING,Healthcare,A10,
42ee519b-2dbe-4094-be08-1a254f24a130,2025/12/30,Zomato,$4601.97,inr,FAILED,Food,A33,Duplicate?
42ee519b-2dbe-4094-be08-1a254f24a130,2025/12/30,Zomato,$4601.97,inr,FAILED,Food,A33,Duplicate?
e035ff4a-1519-4960-ba17-ab17fdc31df5,09-06-2025,Flipkart,4689.11,inr,FAILED,Other,A11,Anomaly check
06b623fd-b6e9-47cb-9e2f-346409bbf33e,05-04-2025,Google,2696.81,inr,failed,Healthcare,A1,Refunded
82dea427-e96d-49db-a0da-935edbfc415f,2025/03/14,Swiggy,4160.16,inr,Pending,Transport,A31,Duplicate?
c563e857-1bb0-4ff6-9a6f-34737b8a7ec7,2025/02/11,Shell Petrol,2474.4,usd,SUCCESS,Healthcare,A34,
089f7e69-ed11-42cc-909c-4d4a5f5dd1ff,2025/07/13,Zomato,4610.27,inr,FAILED,,A46,
d847a68d-a99c-4583-81eb-96f6396ebd48,2025/08/02,Uber India,4450.97,usd,SUCCESS,Entertainment,A10,Duplicate?
0f5674c6-6609-4046-80b8-ea46ad9792d9,2025/11/16,Amazon,210.17,INR,Pending,Other,A30,SUSPICIOUS
fbd06f01-1ea3-4389-bd69-018204a32e9c,2025/06/11,Ola,2720.74,usd,SUCCESS,Other,A44,SUSPICIOUS
5748ef04-e513-4ddb-8d1e-44ea83047d5e,13-07-2025,Shell Petrol,2700.07,USD,success,Shopping,A34,SUSPICIOUS
18969d69-246b-442b-ba93-e40f605ff987,17-01-2025,Spotify,3699.87,USD,success,Cash Withdrawal,A3,SUSPICIOUS
c337e566-32be-4a54-bec7-d32e797e6b61,2025/05/16,Amazon,2487.12,INR,failed,Utilities,A46,Duplicate?
20dfc019-645d-4ef3-8a85-2057734852f1,13-12-2025,Google,$2467.93,usd,FAILED,Food,A29,Refunded
8d589d80-9567-4a20-bf50-a43977fa7fc5,22-09-2025,Local Bakery,2453.23,INR,Pending,,A50,Duplicate?
c35099bd-ea35-4a0c-a28a-f58a3c8590b4,23-06-2025,Zomato,3414.86,usd,PENDING,Other,A38,
d3194b4c-b953-45a6-86c4-d836bc9b41f8,03-08-2025,Ola,4167.13,INR,success,Food,A47,SUSPICIOUS
06fb302e-40ee-4a6a-ae60-73fb6e19970b,14-08-2025,Uber India,4157.5,usd,Pending,Shopping,A26,Anomaly check
3b300cdf-a687-4ce0-94e6-a8122606acba,21-12-2025,Spotify,3501.53,INR,SUCCESS,Transport,A16,Refunded
756fe8e8-01d7-4cdc-9cb0-01a371a80412,2025/03/05,Swiggy,2677.59,USD,PENDING,Other,A14,Duplicate?
a71680a5-35f9-43c1-920b-8825b11637e3,21-12-2025,Spotify,$2240.22,inr,success,Utilities,A32,SUSPICIOUS
f6d58570-09e0-4702-8c33-0f2419d8a6df,23-03-2025,IRCTC,285.83,inr,failed,Cash Withdrawal,A8,Anomaly check
c7348624-3b24-45c7-903c-d388ac78e697,2025/07/10,Netflix,30.97,usd,failed,Food,A32,Anomaly check
9b120a78-0283-4eb6-9b56-c04894c6c2d5,2025/03/13,Ola,$2465.61,INR,success,Cash Withdrawal,A15,Anomaly check
980c7d95-bd04-481a-b686-30bfc908d48c,2025/03/02,Swiggy,2903.27,INR,success,Utilities,A5,Duplicate?
b1dcdedc-97de-47ff-a06d-0682e1bb0945,2025/12/05,Ola,3670.34,INR,FAILED,,A38,SUSPICIOUS
81fee657-a95a-4713-ab6d-8cda7769b800,2025/02/26,Uber India,4609.37,usd,SUCCESS,Healthcare,A3,Duplicate?
2401036c-3e17-45df-a294-41c20996999c,18-10-2025,Google,$833.01,USD,failed,Transport,A11,Refunded
a7cbb851-efd7-45e2-93c8-6f8a6ad42d6e,2025/07/17,Swiggy,2063.2,INR,PENDING,Healthcare,A39,Duplicate?
f05105ab-b27f-4316-a035-3e054204680e,2025/01/06,Shell Petrol,2522.03,usd,PENDING,Travel,A5,SUSPICIOUS
8af34993-3755-4506-b2cc-977643ef4ffd,2025/04/21,Amazon,$4654.84,usd,PENDING,Utilities,A1,Duplicate?
0b00016c-89ff-453b-a7d6-defe145e37bd,25-02-2025,Spotify,1664.32,inr,FAILED,,A46,
0fbc7f20-5703-46b3-a9d9-4919a3879a37,10-10-2025,Flipkart,1363.25,usd,success,Shopping,A18,
c86e0049-1d85-4d9c-be94-57677c1edede,2025/03/07,Netflix,2342.15,INR,Pending,Healthcare,A11,Duplicate?
bc874022-c574-42d9-8bab-f048ddbb7a0e,2025/10/12,Google,3889.96,INR,PENDING,Utilities,A6,Anomaly check
e6c783b1-0475-4c91-9beb-a30ab9552fb6,2025/07/21,Amazon,3777.21,usd,FAILED,Transport,A46,SUSPICIOUS
,08-05-2025,Flipkart,1851.34,usd,PENDING,,A2,Duplicate?
4be89272-22b5-448e-b414-e0cdd340c213,05-08-2025,Zomato,916.5,inr,failed,Entertainment,A41,
20931a99-4f4a-4d85-b59b-e593b656234a,2025/08/06,Uber India,1687.3,usd,success,Entertainment,A47,Anomaly check
cd101c40-391a-453b-bf6d-e19e0eb2cfab,31-12-2025,Uber India,1618.87,USD,SUCCESS,Cash Withdrawal,A27,Refunded
57eb004f-c5ed-409f-928b-a1c4c3f61875,2025/02/11,Spotify,4254.91,usd,Pending,Other,A10,
dd584c01-d43d-405c-8d1b-9ba3e587fa27,2025/09/26,Amazon,$3899.44,USD,failed,Healthcare,A6,Duplicate?
e163dda6-7429-430f-aa84-6381a7ae3bf4,24-11-2025,Ola,$3807.55,USD,Pending,Utilities,A41,Anomaly check
a48d1412-3a2e-40b5-9fb0-9c6a51166873,23-01-2025,Ola,1608.3,INR,success,,A35,Duplicate?
a309c939-f582-4f0b-9192-7d4561bfb96c,2025/05/28,Zomato,$403.09,USD,success,Healthcare,A38,Refunded
66acdf5d-e61c-43a5-bb15-f4fef41003ef,23-05-2025,Swiggy,4253.76,USD,SUCCESS,Transport,A26,Duplicate?
7e65230a-d0b1-4497-ad55-d29c7651c6c2,2025/05/08,Netflix,2567.82,USD,SUCCESS,Shopping,A48,Anomaly check
9e09d4a4-89f0-4273-82df-5404b03d4d76,12-09-2025,Flipkart,3388.54,usd,failed,Food,A29,
57affec6-66b6-449d-8abe-2c0ef0a3a3a2,31-01-2025,Flipkart,1968.09,INR,success,Shopping,A17,
2eea7813-e68d-48fd-84ea-25ca43a9abaa,2025/06/29,Local Bakery,4890.48,USD,PENDING,Travel,A33,SUSPICIOUS
f1c4983b-ea27-408d-ae80-9ad8bc9a6354,03-10-2025,Local Bakery,759.22,usd,SUCCESS,Travel,A44,Duplicate?
767869db-d511-4461-9c21-9c277c2ba427,2025/11/22,Swiggy,$3830.67,inr,FAILED,Food,A33,Anomaly check
ce1e6282-8e2b-4987-9256-577ac1e35d65,2025/05/12,Amazon,438.92,USD,FAILED,Transport,A24,Refunded
0a700ae1-3bdf-43ee-88d2-4bb7f22895bd,2025/11/15,Uber India,2318.39,INR,PENDING,Healthcare,A49,SUSPICIOUS
5c744e57-fc8d-463b-8c6a-60b90966c5ec,2025/12/14,Google,$1286.52,inr,failed,Travel,A32,Duplicate?
7c3221d0-57ae-4404-b92b-8dac28c54f07,06-07-2025,Spotify,$4821.83,USD,PENDING,Other,A27,
49d68fb5-dd8c-49cf-8c83-c80fc6fb1f51,2025/07/12,Zomato,3432.91,INR,failed,Transport,A7,Refunded
9a09d651-0350-4976-be75-d52cf4acf4a8,2025/04/17,Uber India,4520.0,inr,Pending,Healthcare,A40,Refunded
8a1ebf7d-3883-49a4-b81d-4e1bc2447bce,2025/01/19,Uber India,$2050.62,inr,FAILED,Transport,A7,SUSPICIOUS
8d7f517c-f3ac-4052-ad94-6d8417b9924d,30-01-2025,Flipkart,3807.65,USD,SUCCESS,Cash Withdrawal,A40,
c9eb7dbd-3646-4c5a-bffd-520cd979bc34,2025/04/07,Local Bakery,428.39,USD,Pending,Other,A20,SUSPICIOUS
213c7bd8-59ef-4f93-9b85-ab42fdf94861,05-06-2025,Zomato,4085.2,inr,SUCCESS,Food,A18,
ff0d9f1f-430f-42fd-a1f3-3cdff7824ccd,2025/06/28,Apple,831.52,USD,Pending,,A27,
395996de-d081-454a-bc11-53e06d8afacc,29-04-2025,Uber India,4215.86,inr,FAILED,,A7,SUSPICIOUS
f5195ae6-2797-4e60-b4e2-54e5619da37e,15-08-2025,Amazon,2575.19,inr,SUCCESS,Food,A5,
32304ea3-1e99-4474-a371-d1806907bf16,26-01-2025,IRCTC,$778.28,usd,Pending,Other,A37,SUSPICIOUS
,2025/10/13,Spotify,3295.1,usd,success,Travel,A7,Refunded
840faf1b-4107-4719-b058-3086083d57d1,29-05-2025,Netflix,$2742.99,INR,SUCCESS,Cash Withdrawal,A50,
1232b37c-7b7f-44dc-b5f8-d4e1fe188b1e,2025/10/10,Ola,3048.66,inr,failed,Travel,A39,SUSPICIOUS
60cd0232-afbb-4aa0-8a57-88c50f945fa5,2025/12/21,Apple,3699.38,usd,PENDING,Other,A5,Refunded
56aaf467-6444-4e86-b97d-8c79c287d7b7,17-12-2025,Google,$1122.9,USD,failed,Food,A23,Anomaly check
1d0d9e0f-6e41-4e99-b680-1ba870f7186a,22-03-2025,Zomato,4233.69,INR,success,Utilities,A10,
6ea31fca-735e-4e1d-8ce0-0f3c469ea837,2025/06/08,Ola,$3206.69,INR,SUCCESS,,A26,SUSPICIOUS
fc466633-2956-4af0-97d7-ee4e04f3db72,26-11-2025,Zomato,3046.37,inr,success,Travel,A44,SUSPICIOUS
2ac8613d-e0a8-4cc0-a4e3-f533956f4b83,23-11-2025,Local Bakery,1500.1,USD,failed,Transport,A11,Refunded
3c21f0f4-0418-4a06-a572-d06ac9e3d72c,06-11-2025,Swiggy,2248.21,usd,Pending,Travel,A18,
ef3ba096-5e3a-4166-9be6-8dc9f6354b94,06-10-2025,Amazon,3014.12,USD,Pending,Travel,A35,
62f725b6-483d-47d8-9d26-b820e0acb145,18-01-2025,IRCTC,3792.23,usd,FAILED,,A17,Anomaly check
8a40a864-27ae-4dc6-8f4c-889e380bb527,2025/06/25,Spotify,$1509.2,USD,PENDING,Travel,A39,Duplicate?
8d8242a9-0b29-4cdb-ab1c-2f95b74bb652,05-04-2025,Google,1167.87,INR,failed,Healthcare,A35,Duplicate?
9ffa95b8-e264-450b-9a27-8ecfed46e727,2025/05/11,Ola,1669.48,INR,SUCCESS,Transport,A15,Refunded
63cfe597-2505-4331-890b-83080629e13e,23-03-2025,Apple,4367.36,usd,PENDING,Travel,A36,Duplicate?
7d192476-6b7d-4994-a203-565142a9508f,2025/11/16,Google,4043.9,INR,failed,Entertainment,A31,SUSPICIOUS
455ea476-c69f-498a-9b02-005ccedf5f54,06-12-2025,Amazon,437.15,usd,FAILED,Entertainment,A15,
d9387e0f-405b-4ce9-bce5-a4d139866f7c,2025/06/05,Netflix,2304.83,usd,SUCCESS,Other,A37,Refunded
4e901275-af36-4b7d-bc06-86cb4df63b14,26-10-2025,Amazon,2125.09,inr,failed,Other,A10,Duplicate?
85d0ce3e-90df-4262-b2f3-fe820a0536b2,2025/03/31,Netflix,2151.24,USD,success,Healthcare,A29,Duplicate?
050cdeca-17d2-45b2-82fa-e31b020fda25,24-07-2025,IRCTC,4780.56,USD,FAILED,,A5,
1b609236-237b-4faf-926d-c1bcaa0c8b74,2025/01/31,Netflix,$3202.63,inr,Pending,,A13,SUSPICIOUS
,15-11-2025,Uber India,2896.13,usd,failed,Transport,A5,
5db3ea68-5316-4b91-b710-a98d67e33b70,2025/04/16,Ola,1956.72,USD,FAILED,Shopping,A2,Refunded
13deb0b9-13f4-4b9f-8282-7e219df0f693,08-03-2025,Shell Petrol,3278.96,inr,Pending,Other,A50,Anomaly check
13deb0b9-13f4-4b9f-8282-7e219df0f693,08-03-2025,Shell Petrol,3278.96,inr,Pending,Other,A50,Anomaly check
fb4e0338-0e00-4a0c-b6c0-3592028f43b7,2025/09/12,Swiggy,2808.05,USD,SUCCESS,Cash Withdrawal,A7,Refunded
09036044-c328-4702-abb0-3b2073a115e1,2025/05/14,Shell Petrol,2109.69,INR,FAILED,Transport,A37,Anomaly check
7303b418-b0f3-4413-ae45-1bdfbb230d52,2025/05/06,Apple,$3428.99,USD,success,Entertainment,A11,
1a2de69b-7907-451e-8986-c10ed4b06923,2025/06/24,Netflix,$417.29,inr,success,Food,A4,Anomaly check
86c3d62b-7ead-4408-a939-23fa51496182,22-07-2025,Uber India,3774.43,usd,Pending,Shopping,A21,
8949ff54-6a2f-4280-8f0b-8e6da31d510e,25-09-2025,Uber India,$3664.33,USD,Pending,Entertainment,A19,Anomaly check
e169c7be-d859-4e84-b5b6-6f5543a0c8af,2025/01/12,Apple,1672.39,USD,Pending,Travel,A11,
39f5c0c9-52bf-4f9b-8e41-9760df82ac41,03-05-2025,Flipkart,1245.3,INR,failed,Utilities,A37,Anomaly check
,2025/06/08,Uber India,397.84,usd,FAILED,,A3,Anomaly check
43af5e8e-e899-410d-a194-6c6f4d11fe4d,2025/01/18,Google,3651.58,inr,failed,Other,A9,Anomaly check
,27-03-2025,Swiggy,1667.74,INR,success,Entertainment,A22,Anomaly check
654f9af3-1b28-4938-af4e-e78dbdcfe235,2025/07/23,Local Bakery,4021.48,INR,FAILED,Healthcare,A18,SUSPICIOUS
8d7a8e02-6e5c-4c18-a97c-01c73e475fa5,2025/07/19,Zomato,1759.91,usd,SUCCESS,Healthcare,A49,Anomaly check
9f1634e6-d93c-4d38-a74c-148aff65c944,2025/11/22,Google,4102.43,USD,failed,Other,A15,Duplicate?
b80cac4f-fc7c-4c7a-9d95-4d6add26f7b2,2025/09/19,IRCTC,480.89,USD,success,Utilities,A22,SUSPICIOUS
b80cac4f-fc7c-4c7a-9d95-4d6add26f7b2,2025/09/19,IRCTC,480.89,USD,success,Utilities,A22,SUSPICIOUS
7c588050-bb20-4774-8779-4a65a39f7621,2025/05/25,Swiggy,$1461.76,USD,SUCCESS,Utilities,A28,SUSPICIOUS
fe4e76c9-e0ef-4496-ac0f-482cc157a50e,2025/05/17,Local Bakery,1207.82,INR,SUCCESS,Cash Withdrawal,A19,
5ae7891b-5076-4aff-8e91-3a803a0b6671,08-09-2025,Apple,2277.69,USD,success,,A24,Anomaly check
0a9a538c-be51-416f-a3be-a2a4089c2a25,08-09-2025,Swiggy,3672.55,USD,FAILED,,A22,Refunded
,2025/04/19,Flipkart,2972.35,usd,PENDING,,A25,SUSPICIOUS
697675b0-16e2-410d-8268-7822df4d5e55,02-03-2025,Spotify,$3606.67,INR,PENDING,Utilities,A28,Refunded
6d55ab2e-6b1d-485e-b87e-798953b19342,30-09-2025,Zomato,$3547.41,USD,PENDING,Transport,A8,Duplicate?
,06-09-2025,Swiggy,2173.77,USD,PENDING,Healthcare,A38,Refunded
c8f33f5d-0f35-49a4-be87-b5daa1c824fd,2025/06/09,Spotify,2898.82,usd,success,Other,A8,Anomaly check
339c98d8-f5be-4504-ad8c-5d1a02f460b1,19-05-2025,Swiggy,619.08,USD,failed,,A50,Anomaly check
dd2698d3-ec48-4d42-9f01-4d949b8916f9,04-07-2025,Google,$4847.8,INR,failed,Shopping,A26,Duplicate?
305a0618-3f10-4de4-b515-480f9b795d3c,2025/11/15,Spotify,1932.84,usd,failed,Utilities,A43,Refunded
2154699f-9945-4c47-a88b-e03c7ea7391f,2025/02/07,Netflix,3863.18,INR,Pending,Shopping,A1,Anomaly check
42661922-0c36-422c-9b13-3bcea258fdd1,2025/04/22,Swiggy,4675.4,USD,FAILED,Shopping,A3,SUSPICIOUS
aff9cc31-f102-4b4f-957b-964782042c31,2025/06/14,IRCTC,3878.32,INR,success,Utilities,A5,
0027c4cb-7661-4ab3-8c70-7f92e57cd03e,2025/11/15,Swiggy,785.15,USD,success,,A3,Refunded
19dccfc2-30b8-41a6-8d73-55327c836516,29-11-2025,Shell Petrol,2312.73,usd,PENDING,,A29,Refunded
a33d26de-e738-4381-a947-1e6673694a27,07-06-2025,Ola,567.06,usd,SUCCESS,Entertainment,A20,Duplicate?
c6ddd705-9dd7-4c0a-aba4-84b3d2d3502a,2025/11/15,Google,1402.89,inr,success,Utilities,A38,SUSPICIOUS
4fbb1ae4-f7ab-4dee-9f11-9d2d14acf9e2,13-05-2025,Apple,$3252.31,inr,success,Transport,A13,
bd38ee14-5f6c-4933-8b54-2ee7dac696df,26-01-2025,Spotify,$3650.41,USD,SUCCESS,,A35,Duplicate?
5551e4df-bf44-4995-92f8-d0ab5b928a36,2025/07/16,Shell Petrol,3497.28,USD,PENDING,Food,A28,SUSPICIOUS
6184f2ab-9f2d-47b7-8148-8b6f43b54214,2025/10/28,Amazon,741.75,inr,Pending,Cash Withdrawal,A34,SUSPICIOUS
,14-01-2025,Zomato,2229.79,usd,Pending,,A32,
ec6405a1-0d28-4eac-96e6-995673d5eac4,27-12-2025,Apple,1721.26,inr,PENDING,Other,A16,Duplicate?
c89eda41-c345-4bef-94ff-e033b1e91b05,09-01-2025,Flipkart,$180.33,INR,PENDING,Other,A13,SUSPICIOUS
6de3cf13-ef6d-4041-9358-04df7cc6d8a1,2025/09/08,Google,3746.49,usd,PENDING,,A2,
8fca2cf9-6b19-4606-9909-df09f2648f45,2025/11/07,Flipkart,2154.51,USD,Pending,Healthcare,A5,SUSPICIOUS
64b50190-c31b-43af-ae07-deaa6b983067,10-12-2025,Apple,$1645.4,INR,Pending,Cash Withdrawal,A20,Anomaly check
d26b71a1-f40d-4d26-952d-c9d758318fbf,2025/04/06,Apple,2207.83,INR,FAILED,,A26,SUSPICIOUS
e46452c6-4f55-46fc-ac8b-fe66f411502f,27-09-2025,Local Bakery,871.3,usd,PENDING,Utilities,A47,Refunded
c3a2b765-edd4-4ef2-906e-cc5894e9d649,2025/02/08,Swiggy,3556.16,USD,PENDING,Entertainment,A20,Duplicate?
fc138ae9-f753-4019-ae2a-3359fe3d88e6,2025/04/21,Amazon,4976.6,inr,Pending,Cash Withdrawal,A26,Duplicate?
7b6d9bf2-50c6-4479-a099-f7750d844d81,26-10-2025,Apple,$47966.64,inr,failed,Travel,A16,Duplicate?
01340416-70b7-46e8-85a3-9e5285a57896,19-12-2025,Zomato,841.36,INR,PENDING,Other,A25,Refunded
,10-04-2025,Apple,3983.18,inr,failed,Healthcare,A9,Refunded
6714ce37-3a30-4504-bd3b-770602b8884b,2025/01/03,Spotify,$3331.01,USD,PENDING,Other,A25,Duplicate?
d9ef33a3-83de-44c2-86dd-5f56a5819a6a,30-08-2025,Swiggy,3596.68,USD,FAILED,,A18,
c993d2ea-be49-4707-a3d6-cbbaab649c71,08-11-2025,Amazon,952.5,usd,FAILED,,A1,Anomaly check
12a622b0-ed25-417b-9ced-8e9a5665c6a4,2025/11/03,Local Bakery,$1544.67,INR,SUCCESS,Cash Withdrawal,A41,Anomaly check
7f4ae58f-b611-47f0-8eb7-4cc858725979,02-08-2025,Swiggy,3254.89,USD,Pending,Shopping,A41,Anomaly check
0749c2da-44d4-4357-8e8f-4fcf7bf86120,2025/08/21,Apple,3029.37,usd,success,Utilities,A42,
1eed2567-00ca-4615-83b7-a9006a214aa6,2025/05/28,Shell Petrol,700.15,USD,failed,Entertainment,A24,Refunded
10bee8c0-dea0-4925-81b0-82ffe5fd1bfe,2025/11/10,Google,332.38,inr,FAILED,Travel,A50,SUSPICIOUS
7204fca3-6132-4e23-9053-4dd3b5692769,2025/09/24,Apple,2178.81,usd,failed,Food,A35,SUSPICIOUS
8290f25c-61ad-4bad-b98a-6f692930c6f6,2025/02/15,Spotify,4406.67,INR,SUCCESS,Transport,A43,Refunded
1c87e444-5394-41ce-bde0-6b949d472b1d,2025/10/11,Apple,2306.12,USD,failed,Healthcare,A26,Duplicate?
2ddfd294-2ee4-414a-b4f0-43018d5b61de,05-09-2025,Netflix,$1393.77,usd,success,,A47,SUSPICIOUS
d5194b76-478c-4b49-8eb1-691829a42a63,22-10-2025,Local Bakery,$1055.01,usd,Pending,Food,A48,Anomaly check
56f56f1f-ccef-48a7-ba7f-67f3a3d88664,2025/10/23,Shell Petrol,473.53,inr,failed,Utilities,A36,
61640fcb-a463-498e-802c-291925b50d75,2025/09/04,Apple,381.07,usd,SUCCESS,Other,A27,
380f8f46-5f80-4124-8aef-04a2853b96b4,03-01-2025,Apple,$319.49,INR,SUCCESS,Transport,A9,Refunded
18348e71-b59c-41ec-a6fd-869047bb8248,29-09-2025,Netflix,1059.71,usd,FAILED,,A5,SUSPICIOUS
8c1d31e1-009d-4d76-83a7-1842d80bc478,2025/12/13,Netflix,2866.12,inr,failed,Travel,A33,Duplicate?
de812efb-522f-4347-ba12-302afb8d7813,2025/08/23,Google,3478.8,usd,Pending,Transport,A48,Anomaly check
88de1842-2557-46c3-99dd-b4097eea4ee5,20-11-2025,Swiggy,2813.62,USD,PENDING,Shopping,A2,
d36ba65b-6c47-469f-9be5-5d4f278b2a37,2025/08/28,Flipkart,$416.88,INR,FAILED,Travel,A46,SUSPICIOUS
70af19be-df32-44b4-9945-45b25b0f9809,2025/01/22,Swiggy,4854.93,usd,failed,Food,A33,Refunded
82f41481-3296-49d5-b818-40af0399fe3e,15-02-2025,IRCTC,239.81,USD,SUCCESS,Cash Withdrawal,A46,
037fafd1-97b7-493a-9974-387ed3424258,2025/11/09,Local Bakery,4370.54,USD,Pending,Entertainment,A34,Refunded
43c682f4-6952-43b5-972b-50829e347c4f,02-03-2025,Swiggy,3954.97,USD,Pending,Healthcare,A35,Refunded
b43dcfdf-49a2-4550-b8db-f4e5ff521894,2025/07/24,Google,$4221.65,inr,SUCCESS,Food,A33,Anomaly check
03e825ef-f30a-46c2-92a6-081b0057dc1f,2025/01/16,IRCTC,2921.05,USD,failed,,A46,Anomaly check
1fe2529b-1225-4c8a-a3a0-1263346bd4ab,20-03-2025,Zomato,468.84,USD,success,Shopping,A39,
5f82883d-02e7-4016-9157-abeb5d8c690a,2025/03/06,IRCTC,2922.67,inr,failed,,A20,SUSPICIOUS
dc1aa70a-93af-46d7-9b05-1cf43197f397,07-10-2025,Uber India,1722.59,USD,FAILED,Travel,A48,Anomaly check
,2025/04/04,Amazon,3294.81,USD,success,Other,A20,
727f3528-284c-4069-acb5-c185beaa7f14,14-01-2025,Google,$1399.55,usd,failed,,A47,
71dad709-e713-419e-a5ab-2514e0ff6fd7,2025/02/13,Apple,4750.81,usd,Pending,Entertainment,A6,
70d5950e-92a2-40a5-a487-905991951afe,2025/04/19,Amazon,3447.73,usd,PENDING,Entertainment,A47,
cc6d5738-2590-477f-8f67-d1be86cb634a,02-04-2025,Apple,$2000.86,USD,Pending,Entertainment,A23,Duplicate?
25e24976-a306-4210-b4b2-c691a4e353fc,20-10-2025,Zomato,4807.45,usd,PENDING,Healthcare,A34,SUSPICIOUS
81048a1a-ba90-4e39-827f-124bea5882f8,19-03-2025,Local Bakery,3137.69,usd,FAILED,Shopping,A31,
54832bca-6ae4-44e6-b499-7361c32f9e1a,18-12-2025,Spotify,1553.49,USD,success,Food,A33,SUSPICIOUS
d522671a-99f1-4f60-b6e0-9fb0edd97899,2025/11/16,Google,1672.28,inr,Pending,Travel,A47,
9bc0876c-845d-4ff6-af01-d23da51d0207,20-11-2025,Shell Petrol,4683.02,USD,Pending,Healthcare,A4,Refunded
87870e94-f3fd-4f8f-937a-a61e10bb0926,19-10-2025,IRCTC,$3293.21,INR,FAILED,Other,A33,SUSPICIOUS
9cf97ce6-d01e-4737-ad5f-3489d6f7f38a,15-03-2025,Amazon,2508.81,inr,FAILED,Travel,A37,SUSPICIOUS
7437de82-8235-4fa8-a976-d33e4498503d,07-12-2025,Local Bakery,$864.06,usd,success,Transport,A32,Duplicate?
,2025/04/09,Ola,4126.18,INR,success,,A26,SUSPICIOUS
77c6df12-a941-49ca-b578-fa8b2627ddbb,31-05-2025,Amazon,479.75,INR,Pending,Shopping,A34,Anomaly check
75c0c130-c76f-44ff-af18-73ad851860c6,12-02-2025,Swiggy,$641.83,INR,success,,A36,SUSPICIOUS
87ce3b6e-81e5-4ede-903a-aef863f6f1c1,06-09-2025,Spotify,1487.22,inr,success,Entertainment,A25,Anomaly check
24ecc9e1-6db1-4780-8c17-61b21e38fe16,2025/10/02,Swiggy,4175.23,USD,success,Entertainment,A13,Duplicate?
ef073371-d65f-4c01-b894-5b95f3b7c7da,2025/06/08,Uber India,894.97,INR,success,,A4,Refunded
1a3d9146-f3fd-4de1-bc27-43194c046edb,28-11-2025,Amazon,2799.37,inr,Pending,Shopping,A8,SUSPICIOUS
b162df2d-0723-43aa-88ac-58aef17cc1d8,2025/07/09,Netflix,$3567.65,INR,Pending,Cash Withdrawal,A8,
4955cc43-c1bc-4c24-82d5-5e894b563869,2025/11/11,IRCTC,376.71,USD,success,Shopping,A11,SUSPICIOUS
b3a9b183-2856-41b4-bcef-cfa01b40b615,26-09-2025,Amazon,4323.62,INR,SUCCESS,Food,A2,
,11-09-2025,Flipkart,$3239.23,usd,failed,Utilities,A29,Refunded
d13e0202-9bde-4a53-a0d3-4e50499f0ac9,20-03-2025,Google,2789.96,USD,success,Transport,A23,Duplicate?
c26a78a8-3476-4226-afd8-eea77136389f,2025/11/05,Apple,$569.42,INR,success,Cash Withdrawal,A29,Anomaly check
a3b7e31b-245e-4c90-b8c6-b4781af51c44,25-11-2025,IRCTC,4072.02,INR,success,Cash Withdrawal,A21,SUSPICIOUS
110574e7-a5e3-429a-870f-863b6cb6aeed,19-01-2025,Amazon,2824.75,INR,failed,Entertainment,A37,Refunded
2ad33807-a040-497a-940b-609cbe44601b,2025/08/23,Apple,3592.39,usd,PENDING,Food,A8,SUSPICIOUS
80eb6df2-0e1b-42e6-bed1-ffe9312c7aa0,2025/03/09,Google,1812.82,usd,SUCCESS,Healthcare,A45,
9ac8679b-46ea-48cb-865f-d2b72396d45d,2025/11/11,Netflix,1008.31,USD,Pending,Entertainment,A23,Duplicate?
9ac8679b-46ea-48cb-865f-d2b72396d45d,2025/11/11,Netflix,1008.31,USD,Pending,Entertainment,A23,Duplicate?
7709ee72-1f6e-45a6-9fb5-653ae524a9f6,2025/05/28,Google,4255.64,INR,success,Cash Withdrawal,A15,SUSPICIOUS
3a5ee1da-9bb7-4e64-b0f1-f266d01e346d,08-04-2025,Ola,4625.29,USD,Pending,Healthcare,A42,Duplicate?
b0256788-292a-4fa6-9eb7-7eaf9bc4fa24,2025/02/11,Amazon,430.67,inr,failed,Entertainment,A40,Anomaly check
faebf1c9-a354-4d91-84e1-56b5f098216a,2025/09/04,Amazon,3260.71,INR,Pending,Entertainment,A25,
6b229491-cdc3-4009-b1c3-f75869b81538,01-09-2025,Local Bakery,$2277.72,usd,failed,Cash Withdrawal,A3,
6ecc35f8-406e-4333-b2ab-fb5033254f06,18-07-2025,Spotify,2552.94,inr,Pending,Food,A17,SUSPICIOUS
dd0f635e-83ed-46e8-9f50-ff6fcd5464d7,2025/03/02,Netflix,895.26,inr,failed,,A7,SUSPICIOUS
cf153863-ccf3-4707-9b9b-6e49422ad0a3,14-08-2025,IRCTC,3401.19,usd,Pending,Transport,A10,SUSPICIOUS
3ea568b5-c42f-49e8-84a1-1b0655a96d3a,30-07-2025,Zomato,2683.5,INR,success,Healthcare,A41,Anomaly check
b32d3889-f24c-4392-96c1-7dbd4e3378b4,2025/02/08,Flipkart,2668.55,USD,failed,Entertainment,A12,SUSPICIOUS
220a7b5e-d3a5-4b68-8abe-024adb021dde,28-12-2025,Spotify,1466.84,INR,success,Shopping,A49,SUSPICIOUS
0ab60ae2-59b6-47c1-9fa0-c414bcae6b6d,2025/03/06,IRCTC,1807.93,usd,SUCCESS,Food,A45,Duplicate?
d5979b7f-766f-4b95-8366-9d67904183cd,2025/12/30,Flipkart,4030.96,INR,Pending,Other,A33,
ac8ef2c2-5c9e-4626-86be-c06b0b27c665,2025/12/03,Netflix,3482.32,usd,SUCCESS,Utilities,A34,Anomaly check
0155029b-08f5-4047-b188-13c8ad9762a6,10-05-2025,Google,575.75,inr,FAILED,,A41,Refunded
6349cad2-7459-4a6c-84b7-75ff795cadd3,04-06-2025,Swiggy,1116.87,inr,Pending,,A15,Anomaly check
bf0c43c1-2df3-4f8b-9657-cd0ee6841ebe,01-12-2025,Uber India,1345.16,inr,failed,,A38,
99afe9fe-b2e6-4add-87ad-42352febb66b,2025/12/30,Amazon,3046.88,USD,PENDING,,A13,Anomaly check
4b69fdc8-f0ad-4805-8d42-2bd96b3dfde9,11-12-2025,Shell Petrol,4384.07,usd,PENDING,Utilities,A34,Anomaly check
e8cdb0a8-8211-4e10-b513-7ff792db734b,2025/03/12,IRCTC,4135.22,USD,SUCCESS,,A48,Refunded
87273417-857c-43df-9478-007c348eaaa9,2025/01/01,Local Bakery,1104.52,inr,SUCCESS,Other,A6,Duplicate?
5a9a01fc-b933-4dba-83cb-bb732d8b0ef9,2025/08/24,Spotify,1603.31,INR,success,Cash Withdrawal,A17,Duplicate?
5a9a01fc-b933-4dba-83cb-bb732d8b0ef9,2025/08/24,Spotify,1603.31,INR,success,Cash Withdrawal,A17,Duplicate?
bd0e91ac-679c-4903-a279-d3fe7d4bd256,2025/10/09,Swiggy,$4759.02,usd,SUCCESS,Food,A26,
63a6b3f2-1d18-4b4b-9751-1a3c07e869cf,09-01-2025,Spotify,2609.69,inr,success,Travel,A35,SUSPICIOUS
dd360ff1-d05c-41ce-a164-986429011a64,31-10-2025,Local Bakery,2082.63,INR,SUCCESS,Travel,A12,SUSPICIOUS
bb07ccb3-08f5-4509-8efd-2100ba506a8f,21-09-2025,Local Bakery,$1558.51,inr,Pending,Food,A4,Duplicate?
aa0418dd-0709-4cec-b122-f6b476d83469,05-10-2025,Swiggy,3647.97,INR,SUCCESS,Food,A23,
e28dd7a9-7921-4f78-bec0-37cc0a1d10c3,24-06-2025,Uber India,$721.67,INR,FAILED,Other,A15,Anomaly check
3d5135e8-3c04-4b43-ad13-52030eae84e5,2025/09/15,IRCTC,$2701.21,inr,FAILED,Utilities,A42,Anomaly check
453f49ec-7f6b-40f3-a168-34483c15c88b,2025/03/28,Google,3348.67,USD,SUCCESS,Food,A39,Refunded
ad6a3ec2-19ed-4c49-9c9b-b02cec0d79d8,2025/03/18,Zomato,2818.64,USD,Pending,Travel,A50,Refunded
ed561a7d-0947-4dcb-91c2-93e371927f59,19-02-2025,Google,2239.29,USD,Pending,Food,A29,
07e7851b-d263-4b53-91e9-1003233e550d,2025/04/19,Spotify,3020.57,usd,Pending,Entertainment,A28,Anomaly check
f2baad92-6140-47bb-84ec-296acfcf6c8d,14-04-2025,Local Bakery,4077.11,inr,failed,Shopping,A49,Duplicate?
98cbe46f-8ce8-4fca-a0af-7a4890fa3ca5,2025/05/24,Flipkart,3328.73,INR,FAILED,Shopping,A24,Duplicate?
,2025/07/30,Zomato,365.3,USD,success,Cash Withdrawal,A45,Refunded
9eafa2de-06e6-42ce-a496-1eddb0295a93,2025/10/17,Apple,4678.04,inr,PENDING,Food,A50,Duplicate?
1969cfb0-de8e-4281-b4dc-06fca190bbbf,29-06-2025,Netflix,$344.11,INR,Pending,Entertainment,A7,SUSPICIOUS
b4c6c4d6-de0e-446c-991c-d587bf86b161,2025/04/11,Uber India,$2626.2,USD,SUCCESS,Utilities,A12,Anomaly check
1ea85e65-2268-40a3-a0fa-dbd57e920f92,2025/12/05,Swiggy,739.56,usd,PENDING,Healthcare,A30,SUSPICIOUS
868c68a0-7d25-41cd-930a-063e92e918bf,14-09-2025,IRCTC,3792.48,USD,failed,Other,A37,
946e7d48-2f3b-4928-ba7b-3b135ea45fd0,26-07-2025,Swiggy,$1795.82,INR,FAILED,Other,A35,Refunded
fb802c48-8873-4ab0-a12e-06eb72e006b4,16-07-2025,Netflix,3800.15,INR,failed,,A50,Anomaly check
b4a451e4-3785-4f75-a50f-d9de2d4a7c6f,31-05-2025,Local Bakery,4038.42,inr,FAILED,Food,A24,Duplicate?
b25c7b8e-c52b-40aa-b241-16db664313d4,2025/05/27,Apple,$3524.26,INR,Pending,Transport,A11,
759d7736-3ee8-42ef-8892-712efcf6d9c2,2025/01/07,Flipkart,1033.07,INR,FAILED,Shopping,A47,SUSPICIOUS
e088bdbc-a9ce-43b5-a491-8398054cb534,2025/06/30,Ola,3300.69,USD,success,,A24,Refunded
64983b18-ed33-4d62-a8c0-7d233de6e8cc,2025/05/04,IRCTC,768.25,USD,SUCCESS,Shopping,A49,Refunded
2c9f08bc-a647-4ce2-b769-7213db61baf6,08-06-2025,Uber India,4091.0,usd,success,Healthcare,A43,SUSPICIOUS
214b4cea-b45a-41fc-a5f9-11a2783840b1,13-12-2025,Zomato,4387.22,usd,success,Other,A9,Duplicate?
3ff0f4b3-2aa2-4d0a-80ab-b447d84b0c7e,19-01-2025,Google,$2698.38,inr,Pending,,A13,Anomaly check
e4ad8ee2-6bef-4586-915a-55351bce7eb5,2025/06/01,Google,4650.6,inr,PENDING,,A38,Refunded
736a687a-a32f-4b7b-a52b-5c4e51f19915,2025/10/03,Amazon,2047.25,usd,Pending,Travel,A17,Duplicate?
47ee386e-1e90-45a8-97da-0e013eb3a4a3,2025/07/19,Amazon,3419.65,inr,failed,Other,A37,Duplicate?
1c9eb37b-8507-4abd-ac3c-8253670b736b,15-10-2025,Shell Petrol,4028.63,usd,success,Shopping,A13,SUSPICIOUS
b7c1b8a7-0026-4f02-8610-ea32e4bb823f,2025/04/28,Shell Petrol,1626.68,inr,SUCCESS,,A2,Duplicate?
,29-04-2025,Shell Petrol,1599.37,INR,failed,Cash Withdrawal,A37,Refunded
f97c17b4-679f-46e4-9c59-c2e9a7634896,2025/11/18,Netflix,4885.1,USD,PENDING,Healthcare,A16,SUSPICIOUS
,10-03-2025,Zomato,1993.06,INR,PENDING,Travel,A36,SUSPICIOUS
3f0507fe-3e55-41d4-b826-c621bde3afa0,02-12-2025,Flipkart,3909.03,inr,SUCCESS,Food,A39,
63056e40-334b-4322-b00b-78cf10fcc825,2025/06/07,Uber India,860.81,USD,Pending,,A18,Refunded
76be2a06-bfa7-4722-a969-56bc3df02290,2025/12/21,Amazon,4472.97,usd,Pending,Healthcare,A19,Refunded
2ec7f830-dba6-41e6-a73c-5f15beb8fbef,22-02-2025,Flipkart,2099.42,usd,failed,Utilities,A28,SUSPICIOUS
dc27faac-65ea-41ba-a649-891142aec403,2025/10/27,Shell Petrol,3097.83,inr,FAILED,Utilities,A8,SUSPICIOUS
b9cc21e3-6f1a-496b-b1ff-6f761ffc071f,2025/10/02,Zomato,4529.51,USD,SUCCESS,,A25,Anomaly check
d610e70e-1085-40c4-8605-4592f23f8b32,23-09-2025,Apple,$921.5,USD,PENDING,Entertainment,A34,Duplicate?
f4a2be4d-fd50-46bd-9937-f914ea7ece1e,30-05-2025,Ola,4700.97,USD,FAILED,Other,A21,Duplicate?
70c0a70f-2283-4e13-8393-895fcffc3a44,21-12-2025,Flipkart,3332.09,usd,success,Utilities,A39,
fbe863e8-d983-4ec9-97b2-981049644917,2025/10/10,Zomato,487.97,inr,success,Entertainment,A45,SUSPICIOUS
4998b5b8-000e-41a0-8132-70840eec8d40,2025/10/18,Spotify,3611.96,INR,SUCCESS,Shopping,A16,SUSPICIOUS
26459779-f67b-40ba-881f-0375f17ea305,01-09-2025,Ola,76.87,INR,failed,Food,A19,Duplicate?
10a8120e-b5c5-4c80-b20c-3f90120a056a,2025/02/24,Shell Petrol,2755.84,usd,FAILED,Healthcare,A43,SUSPICIOUS
4af97553-7643-46df-aa5b-9426c0e29fd2,2025/06/24,Spotify,$4720.54,INR,PENDING,,A9,
c59d780b-e822-4204-82e1-029b3e4a5e49,31-08-2025,Zomato,$3617.12,usd,Pending,,A39,
ac9a1ae0-6f19-46b3-869f-d3a2280152aa,27-06-2025,Swiggy,1529.37,usd,FAILED,Shopping,A48,SUSPICIOUS
,25-04-2025,Flipkart,160.65,inr,PENDING,Other,A5,
af2b86f5-a26f-4bf0-b031-c964a7240a0a,2025/11/07,Shell Petrol,4344.37,USD,success,Food,A35,
2d2ba4d4-6d1c-4d4d-942d-a554b452bb5b,2025/12/21,Local Bakery,3721.08,USD,Pending,Other,A17,Anomaly check
be7ef13b-be2c-4589-981c-6b25236cccf1,2025/11/04,Netflix,2850.25,USD,success,Food,A48,Anomaly check
be036388-74a0-4eed-a238-62bd1f33b0ea,2025/04/15,Spotify,2956.99,inr,Pending,Food,A32,SUSPICIOUS
661fe250-ea34-4f9f-b5aa-5ff08bd38c5b,2025/12/16,Zomato,4934.87,usd,Pending,Healthcare,A44,Anomaly check
d785818a-a004-43c3-9598-46bac8e41d50,2025/08/26,Apple,1046.73,inr,failed,,A42,Anomaly check
3be48db6-ca14-4de8-8e26-735e7761d616,2025/12/27,Apple,2211.01,USD,success,Entertainment,A40,Anomaly check
7451c002-4c97-49e4-b60e-c272fb47cb97,31-08-2025,Flipkart,981.52,INR,FAILED,Cash Withdrawal,A29,Duplicate?
4a435988-9052-4629-bddb-c1c55e13eaee,2025/02/25,Local Bakery,1875.42,usd,success,Entertainment,A25,SUSPICIOUS
aff42d4c-2e7e-40ca-a26e-4a46c3636007,21-04-2025,Ola,138.47,inr,Pending,Transport,A48,Refunded
b1ff957a-f3ec-4513-9558-0a83678acbd9,04-09-2025,Shell Petrol,$1610.79,inr,failed,Other,A10,
ab68a5d5-c124-406d-995c-6ef40d7169d0,2025/04/25,Apple,2705.26,USD,FAILED,Shopping,A24,Refunded
26bbbeef-7c75-43ae-85eb-b979a0bfddca,2025/04/22,Apple,3729.71,USD,failed,Transport,A26,Refunded
8246d75f-9d34-4d13-8e63-fef792029b2e,16-09-2025,Zomato,4556.17,inr,success,Utilities,A37,Duplicate?
ebb8904b-2ca0-4c7f-ae73-1871eedb2167,02-01-2025,Swiggy,4712.32,INR,Pending,Transport,A24,SUSPICIOUS
082d4f9f-ca28-42f0-88b6-db9a3539c521,2025/05/18,Shell Petrol,2250.29,USD,FAILED,Healthcare,A22,Anomaly check
,28-12-2025,Netflix,$4753.23,USD,success,,A10,SUSPICIOUS
b176ee47-13d4-43f3-9093-980e31e602dd,19-10-2025,Ola,$2245.98,INR,FAILED,,A43,Duplicate?
0855ffbe-afe9-47ad-9615-1f6883e0f20f,29-11-2025,Local Bakery,$3508.75,inr,success,,A33,Duplicate?
b0c461d2-6287-4103-b245-fba5aa82aca5,2025/03/14,Swiggy,$532.89,inr,Pending,Food,A16,
,2025/08/29,Apple,3398.7,usd,FAILED,Other,A34,SUSPICIOUS
714bac15-fe56-4b13-8bfa-38e23fc58b57,2025/10/29,Shell Petrol,437.41,INR,FAILED,,A33,SUSPICIOUS
c035a020-79be-4613-bae3-104a1c6be42c,16-11-2025,Google,1660.01,usd,FAILED,Other,A25,Anomaly check
f11aa22f-95ff-4f9c-a2d4-7ad3de054f4d,2025/12/18,Flipkart,1135.87,usd,SUCCESS,Transport,A44,
5d53aefe-9b6b-4a36-8d8f-ca5f8422eaa2,2025/11/26,Uber India,2687.2,inr,PENDING,Food,A26,SUSPICIOUS
0c9271d2-d0f1-46fb-9c21-62cbd8a54038,01-01-2026,Flipkart,4974.57,usd,Pending,Cash Withdrawal,A40,Duplicate?
4c179547-7bde-470c-b7b0-20e990d7c28f,2025/03/16,Netflix,3862.65,USD,PENDING,Utilities,A41,
1dcb0eeb-c04c-45b3-a12c-1f7d2ce5769d,2025/11/14,IRCTC,2642.27,inr,PENDING,Other,A10,SUSPICIOUS
,2025/07/04,IRCTC,951.51,usd,success,Cash Withdrawal,A35,SUSPICIOUS
be3ff9a5-0c55-4c44-9208-31526d1e139f,04-05-2025,Zomato,4921.59,inr,PENDING,,A37,Anomaly check
a281e2dc-650c-47ec-873f-02b18e96e2a9,10-11-2025,IRCTC,$2898.25,USD,success,,A8,
48477dbf-942c-47b9-b1e9-32986081122d,2025/09/23,Netflix,1035.11,inr,SUCCESS,Healthcare,A49,Duplicate?
66a88a97-92e3-4fe2-b7e4-ba6118d9fda3,2025/02/26,Zomato,135.22,usd,failed,Shopping,A9,
c508da17-37bc-4075-bdb1-db563087a51b,2025/06/01,Netflix,4380.06,USD,PENDING,Healthcare,A16,Refunded
fef682a2-476a-479e-ba7f-e7c54cac7738,2025/10/10,Apple,4700.48,INR,success,Other,A2,SUSPICIOUS
b618522d-a617-4a2d-8c65-391760cdbd98,2025/09/27,Netflix,$4031.93,usd,PENDING,Cash Withdrawal,A46,Anomaly check
ed7a22a9-06b6-4eb9-9e4e-fe2061aeef0b,2025/06/20,Zomato,4635.25,USD,failed,Utilities,A32,Refunded
42cccaae-04a6-438c-ac6f-af01403b6d6d,22-09-2025,Ola,3000.7,usd,SUCCESS,Entertainment,A25,Duplicate?
9538ca57-7bde-4ead-a121-3b325e4463ec,2025/07/18,Uber India,$471.8,usd,Pending,Healthcare,A8,Refunded
8633d9df-7054-4f16-b5a7-c66da8d445ae,24-05-2025,Uber India,3460.58,inr,failed,Healthcare,A3,SUSPICIOUS
b284839d-e384-4ff5-96ce-bf461d743e50,17-11-2025,IRCTC,4898.22,inr,PENDING,,A39,
4a60af5a-9279-4116-b81e-8ed69f76d892,17-11-2025,Ola,3969.62,inr,success,,A21,
53e26666-394f-42bc-ae7d-5351ea96a864,28-10-2025,Zomato,364.2,usd,SUCCESS,Entertainment,A34,SUSPICIOUS
d78c3bc1-ea88-434f-8275-f73160a8beed,2025/08/05,Flipkart,762.34,inr,success,Other,A14,Duplicate?
fd9c87cf-c195-49d8-87da-06a6164b2689,15-02-2025,Flipkart,1549.94,inr,failed,Shopping,A50,Refunded
9efcbd8d-b496-4743-b759-0b4f7c84a779,2025/08/12,Ola,2691.34,usd,SUCCESS,,A13,
15d209a2-b1ac-4f3d-a535-2018b9329f4f,02-09-2025,Swiggy,4131.98,INR,Pending,Transport,A29,
06b82c5f-8afc-411a-b504-677664774117,26-06-2025,Swiggy,2973.07,usd,FAILED,,A47,Duplicate?
46492284-3925-4be3-8609-53c0f0cbbaac,2025/10/04,Apple,2590.9,inr,FAILED,,A2,Anomaly check
7d5b8777-f5fe-4b96-b042-a19b5bf55814,2025/02/21,Flipkart,3498.43,usd,SUCCESS,Food,A37,SUSPICIOUS
78b612c1-6611-4c77-aa9b-7fbf096b3858,28-02-2025,Netflix,2253.76,inr,SUCCESS,Cash Withdrawal,A37,Duplicate?
611ef8c3-af5a-4d17-91f0-145b4c29950f,24-06-2025,Ola,2430.58,USD,SUCCESS,Food,A24,Refunded
7509a09f-78b6-41c4-9293-b768abf409a3,2025/06/23,Shell Petrol,4585.24,USD,FAILED,Transport,A43,Duplicate?
2ccf171c-02ba-4a73-b8b8-71927d19108c,09-08-2025,Shell Petrol,2716.32,inr,PENDING,Other,A16,
2b8c671b-be0f-4741-a9d0-154307345095,27-11-2025,Zomato,2802.72,usd,PENDING,Other,A12,SUSPICIOUS
6f5c6953-7937-4b10-ab51-1609f901aad1,09-05-2025,Netflix,4925.8,USD,SUCCESS,Healthcare,A38,SUSPICIOUS
09a39a8a-e52d-4ba2-8b13-c034b4decfab,2025/03/15,Apple,1036.1,inr,PENDING,Utilities,A8,Refunded
53c27f7a-96b3-43ca-be8b-39f783909ee1,2025/11/08,Uber India,4655.35,usd,PENDING,Entertainment,A31,SUSPICIOUS
,30-09-2025,Apple,791.27,usd,Pending,Healthcare,A44,SUSPICIOUS
,2025/10/21,Flipkart,$4148.4,USD,failed,,A1,SUSPICIOUS
19d7787d-4462-482b-9526-a770aa097803,2025/08/14,Google,4442.59,USD,Pending,Shopping,A22,Duplicate?
86008051-05ba-43b9-8b1d-8318121ac7a6,2025/12/07,Zomato,1691.95,INR,FAILED,,A16,Duplicate?
,2025/06/22,IRCTC,3411.57,usd,PENDING,Healthcare,A44,
592e4a27-9ba2-4bd6-85b1-eaa20efbc4aa,06-05-2025,Spotify,4847.66,usd,success,Cash Withdrawal,A19,SUSPICIOUS
3ac89f7f-d497-4ea0-8b97-0873ec53e5da,02-10-2025,Swiggy,2150.97,inr,PENDING,Food,A37,SUSPICIOUS
32e533d5-9e04-43ee-b84b-35dbc235dec2,2025/11/28,Shell Petrol,2272.42,inr,success,,A39,SUSPICIOUS
28c92e33-d45f-4277-b52f-568428d9d425,2025/12/16,Google,240.06,usd,FAILED,Entertainment,A23,Refunded
22226417-321d-4a81-97b4-73a59d823ba6,2025/12/29,Uber India,4555.31,usd,Pending,Healthcare,A23,Refunded
,2025/05/21,Google,1577.46,USD,Pending,Healthcare,A6,SUSPICIOUS
1f550846-f7b6-4a00-8b89-3bee747be191,2025/07/04,Apple,3824.49,inr,Pending,Cash Withdrawal,A22,
ca55e937-2a1f-4ba8-86c8-89f661ceccc2,2025/05/07,Flipkart,1667.46,usd,SUCCESS,Entertainment,A21,Anomaly check
820b7d17-dc30-4a84-bbea-e7b1dcf19544,2025/12/15,Apple,2401.29,usd,Pending,Transport,A36,Anomaly check
,04-03-2025,Netflix,2621.8,usd,PENDING,,A28,
557c3445-c777-4026-bfa5-73f32ff6bf3c,2025/11/28,Spotify,3086.14,usd,FAILED,Shopping,A37,Refunded
6942e49a-83a7-4d95-b74b-c7b99843b072,20-05-2025,Local Bakery,3733.52,inr,SUCCESS,Cash Withdrawal,A4,Duplicate?
1fe4c03c-d53a-4a5f-9402-e9f6e63d1582,2025/06/02,IRCTC,2984.92,USD,failed,Food,A3,
aae7510f-3a62-408d-9670-7e717c712794,2025/07/11,Amazon,341.02,INR,success,Food,A27,Refunded
e9132779-0891-438d-835b-c4946896eb61,07-02-2025,Google,3659.87,usd,FAILED,Food,A27,Duplicate?
15b4cbe1-65a3-4c95-8359-62caaa113ff8,2025/01/23,Local Bakery,4416.08,USD,SUCCESS,Transport,A32,Refunded
7bcb0935-d4b0-4abf-bea9-34cac9563525,11-02-2025,Netflix,4797.09,usd,Pending,Utilities,A37,
be9c4680-fe65-431f-8dbc-cfa9ce28fd38,14-12-2025,Netflix,$331.85,USD,SUCCESS,Transport,A43,Anomaly check
8094c2b9-5361-4092-848f-7e90db033aed,2025/05/08,Google,84.32,inr,PENDING,,A47,Refunded
b8a97f2b-e275-4231-9035-4ee828563638,2025/08/04,Google,99.89,usd,PENDING,,A8,SUSPICIOUS
99eeb5a5-c820-4710-b67c-ac8ab4539693,2025/05/28,Swiggy,$1046.48,USD,Pending,Entertainment,A18,Refunded
ef0c2d3a-0e6c-4548-a257-4a2bc6cfb93a,2025/10/24,Zomato,1110.63,usd,FAILED,Shopping,A43,
34c9831c-c667-47e4-8785-acb42442d155,27-06-2025,Ola,4343.95,USD,Pending,Entertainment,A8,Refunded
dc971be8-c3d4-472b-bc34-581d5f9faca0,04-06-2025,Zomato,4070.07,USD,PENDING,Transport,A24,Duplicate?
8dd09173-88eb-41ca-b2dd-1c2477073dd6,2025/08/27,Shell Petrol,4285.18,usd,Pending,Shopping,A4,Refunded
ffdf9aab-d379-4b1c-a59b-e75f65ba3ad9,2025/03/16,IRCTC,910.68,INR,failed,Transport,A12,Anomaly check
063fa37f-65e8-4546-97a2-c2ad5b6e0877,2025/12/31,Local Bakery,2379.58,usd,Pending,Utilities,A12,Refunded
1b4e1b9b-25c9-4f48-b7f8-39554618e505,2025/04/03,Swiggy,1788.21,inr,PENDING,,A5,Anomaly check
030c279c-6795-48f5-9458-5100d0149f2d,2025/09/07,Amazon,2571.99,usd,success,Healthcare,A22,Refunded
a53ed868-a4e2-47ae-b169-6ce4edc0959e,2025/01/17,Netflix,4839.33,inr,PENDING,Transport,A24,SUSPICIOUS
d13ed66c-a44c-4ecf-b376-64e625f9c50f,2025/01/29,Shell Petrol,$3460.25,USD,PENDING,Travel,A47,
,2025/02/15,Ola,$887.05,INR,FAILED,Shopping,A4,
e60e9b52-cab6-4f50-90f8-6204ac95cdc1,18-07-2025,Ola,2500.28,USD,failed,Cash Withdrawal,A41,SUSPICIOUS
b7e31aa1-8299-480a-b19f-227d6e0d6eb0,2025/08/28,Amazon,2787.25,usd,PENDING,Entertainment,A30,
8917ff9c-025d-412d-acd6-0207f92f32ac,06-06-2025,Netflix,3555.96,USD,failed,Other,A22,Refunded
3c945693-8b18-4545-90f9-6e38f18d14a9,16-01-2025,Google,$941.88,inr,Pending,Entertainment,A46,SUSPICIOUS
da6b2759-55f9-4812-afaf-41619bfd121f,21-05-2025,Shell Petrol,1684.89,usd,success,,A6,Anomaly check
daf48fac-b956-4feb-9054-5f8ca5ada3ed,2025/04/23,Uber India,355.87,USD,PENDING,,A37,Anomaly check
83ec2965-ee1b-4e49-82f2-6b13123a3e0d,2025/10/10,Google,1859.46,inr,FAILED,Cash Withdrawal,A26,Anomaly check
5fb6ab98-8cc5-4e86-9ea8-a8fe62715a6c,2025/02/09,Amazon,2498.44,USD,Pending,Food,A10,Refunded
7170e147-770f-486c-b7dc-6f142b0fb341,02-06-2025,Flipkart,$4719.81,INR,failed,Utilities,A14,Duplicate?
0925dcbb-3b35-421c-9304-249aeb6412b1,2025/07/01,Local Bakery,$1717.95,usd,failed,Healthcare,A13,
8add8e29-2df1-4045-a322-b708d5b1708a,2025/01/12,Local Bakery,2011.45,inr,Pending,Travel,A33,Refunded
cd5fdca0-0193-4155-a64f-59c4840bb151,2025/04/17,Google,$3923.18,inr,FAILED,Cash Withdrawal,A33,Refunded
5f3a2b84-03b0-46e1-b827-0622dfde95b9,2025/09/02,Uber India,$4958.48,USD,Pending,Entertainment,A44,SUSPICIOUS
b71ab327-c411-4cb0-a5f4-dcbe6d89c412,2025/07/05,Apple,4792.5,INR,failed,Entertainment,A40,Anomaly check
d1fad79b-eab3-4ed8-a4fc-fb15d4881a8c,11-12-2025,Flipkart,2654.73,inr,PENDING,,A23,Refunded
61d60cc8-6368-4ff2-97c3-a529364b49f3,18-09-2025,Swiggy,$1372.33,inr,SUCCESS,Food,A7,
2a7aedd6-1f6e-4af1-b3eb-6547aaae5dc1,2025/03/09,IRCTC,$4244.4,usd,failed,Healthcare,A50,Refunded
c1f5632e-71e3-407e-b2ac-c4b242dc8b12,2025/11/15,Google,2975.81,inr,success,Entertainment,A26,Refunded
08306ab2-9cd7-4705-b0ee-3bd4bcd18326,02-06-2025,Google,2033.33,USD,FAILED,Travel,A42,Duplicate?
0b8eae44-08e0-4020-acfd-188406780e80,05-01-2025,Uber India,3572.77,USD,failed,Entertainment,A4,Anomaly check
d27c62e1-5ffb-444e-bbfc-7fdc5a45a675,2025/11/05,Spotify,3303.68,USD,success,Utilities,A46,SUSPICIOUS
d70a2621-cece-4b1c-a20e-6ed65e98a572,05-03-2025,Uber India,3180.33,usd,Pending,Cash Withdrawal,A43,Duplicate?
4201d526-97bf-4ae5-8fb3-e0aa00c35d5e,2025/05/13,Apple,4194.96,INR,Pending,Utilities,A50,Anomaly check
44f3755d-50a5-4aa7-8298-c8f44c6725bb,05-04-2025,Uber India,1128.37,inr,failed,Other,A4,Refunded
dfcb00f0-0eea-4bdf-a2ef-e0dd164fc8b4,2025/10/24,Netflix,1186.31,INR,PENDING,Other,A39,Anomaly check
6d81ae97-2e89-4637-ac1d-31a9b54765a3,22-02-2025,Flipkart,$4420.16,inr,SUCCESS,,A35,Duplicate?
8a5175bc-ec20-43b3-bc92-937ef3f1accc,2025/09/18,Amazon,1976.02,inr,FAILED,Shopping,A25,Refunded
66574a95-99ca-4a86-aab3-70c338b8825e,2025/08/24,Spotify,$1952.83,INR,success,Travel,A43,SUSPICIOUS
4b6c3069-cf21-48a4-b9a3-f8c3fb9e2f5e,18-05-2025,Google,141.48,usd,SUCCESS,,A41,Refunded
62ab0639-4c76-44e5-a9e6-515610d41eda,01-02-2025,Apple,3651.34,INR,FAILED,Travel,A29,Duplicate?
a2980487-c1b1-4c9a-8d6e-6f60c368cf9d,09-01-2025,Google,2627.84,usd,Pending,Shopping,A49,SUSPICIOUS
773584a9-2781-4ebc-b199-7f38b85baaaa,2025/12/22,Netflix,4392.74,USD,PENDING,,A33,SUSPICIOUS
652344ea-7c21-415e-86ed-96140909f045,20-07-2025,Local Bakery,1303.93,usd,Pending,Cash Withdrawal,A40,Refunded
c65fb3cd-f531-436e-9149-f9c148094440,2025/01/20,Flipkart,231.42,usd,Pending,Entertainment,A27,Refunded
2257597e-7071-4d35-a8b4-c41cdb4da1a6,11-07-2025,Flipkart,$752.39,inr,success,Food,A20,
4a7309fb-4d4c-4dab-9aa0-4eed8e7c78fa,2025/07/17,Local Bakery,$4076.93,usd,FAILED,Food,A35,Refunded
,25-11-2025,Ola,3354.19,inr,SUCCESS,Entertainment,A47,Duplicate?
b8bf11cf-6356-450a-975f-d78ff7386f6e,11-11-2025,Shell Petrol,4818.44,INR,success,Healthcare,A33,Refunded
7057529e-87ba-4c5f-9cf2-5cc1cf842351,15-10-2025,Uber India,4348.15,USD,FAILED,Travel,A35,Refunded
bc35515a-6a4e-408e-a9d5-cbe519e9cbd5,05-05-2025,Shell Petrol,2353.53,inr,SUCCESS,Travel,A36,Duplicate?
d2f646ab-4f98-4af1-8de7-6c42fde6581c,03-04-2025,Swiggy,1730.04,usd,PENDING,,A8,SUSPICIOUS
f1443f4a-b3fe-4bf4-bd19-8b2004ee672d,28-04-2025,Netflix,$4947.85,USD,Pending,Transport,A40,
51e76c40-83e8-4703-9c7f-f10b47cdae49,2025/04/22,Spotify,4096.08,inr,PENDING,,A31,SUSPICIOUS
066c4473-50a7-4ef5-95fb-22a2ed3aeda7,2025/10/29,Zomato,1666.05,INR,success,,A45,
b95ad374-1895-43f2-80be-db6458a0c09b,21-08-2025,Uber India,4391.96,USD,PENDING,Transport,A16,
113cb5dd-64d8-494a-8676-7af2bf9faffe,2025/09/19,Local Bakery,2129.66,USD,failed,,A16,Refunded
db0cba0c-8852-48fb-b18a-7dadfd1774ef,06-01-2025,Netflix,4229.64,USD,SUCCESS,Utilities,A24,Duplicate?
aeb59b26-db2c-4ca2-8bef-abcd6d896fbf,22-05-2025,Swiggy,3522.54,usd,FAILED,Food,A4,
e89f4d3a-f95e-48cb-9608-e560745fe0e4,2025/05/16,Apple,3970.15,USD,success,Entertainment,A37,Duplicate?
7595cccf-2992-46a1-bf7e-24006b35bae2,23-03-2025,Ola,1749.11,usd,failed,Travel,A3,Anomaly check
ef0f9e4e-7568-45ff-96b8-3844e7ba696b,06-02-2025,IRCTC,287.2,usd,Pending,,A31,Refunded
86882a1c-e2a6-4182-a5d0-5c7dc9370284,2025/04/02,Netflix,2731.96,usd,PENDING,Transport,A20,Refunded
07e57568-a599-4bd4-ba5c-c56cfd4b3a17,12-05-2025,Swiggy,4874.15,inr,PENDING,Travel,A22,
5d66ea39-2fa2-4273-a79b-8c49b9aa6c02,2025/04/17,Ola,279.45,USD,PENDING,Shopping,A34,SUSPICIOUS
5c9abf04-b2fa-4a0e-9128-81d9fe2fae79,09-11-2025,Shell Petrol,4903.59,USD,SUCCESS,Entertainment,A4,Refunded
7cccaf96-e08b-403f-b03d-f33817b1f95c,2025/10/31,Amazon,1278.18,usd,SUCCESS,Transport,A12,Duplicate?
,18-07-2025,Google,4808.58,usd,FAILED,Transport,A32,Refunded
93ddcc7e-4e69-4fc1-b2b8-1c2ab2234a37,02-05-2025,Zomato,28389.17,USD,Pending,Transport,A44,
e44193b3-4a6b-430b-aae7-fbde9629e0a9,29-07-2025,Amazon,398.35,usd,success,Travel,A33,SUSPICIOUS
,01-03-2025,Zomato,1238.56,inr,failed,Transport,A4,Refunded
5f1275c2-a609-45c8-b839-81f1e95ad2a1,05-03-2025,Ola,257.43,inr,failed,Food,A16,Duplicate?
5ee49aed-6028-417a-8742-8575d863193b,2025/05/29,Swiggy,4711.45,USD,Pending,Entertainment,A47,Duplicate?
3c6c9791-ebb4-4d05-b1f0-fa52a2c47637,2025/07/07,Uber India,2913.75,USD,Pending,Travel,A37,Duplicate?
31950c55-df43-45c5-8851-706e9074185c,2025/11/28,Local Bakery,1576.59,INR,failed,,A44,
46247b56-dd78-44e4-b122-617e0829b399,2025/11/27,Netflix,2996.49,INR,FAILED,Food,A10,
8672a9d9-d707-428c-b50d-8001605ca26f,30-09-2025,Google,$1462.58,INR,success,Travel,A19,
4b2b14b3-22af-49c0-9352-9e2d4244ea8b,23-03-2025,Amazon,$921.79,USD,FAILED,Utilities,A43,Refunded
1cf0df2f-b293-45cb-9599-28d4987511c5,2025/01/15,IRCTC,$481.52,USD,PENDING,,A9,
12380781-7db0-4092-910e-ccf24a292da9,2025/08/06,Zomato,2620.65,USD,failed,Transport,A41,Refunded
ca08b599-a240-4073-a59c-a04776fecdf1,28-01-2025,IRCTC,3838.51,inr,SUCCESS,Shopping,A5,Refunded
21b723e7-9fcc-4ce7-88cf-fb57b77ffdea,2025/11/12,Ola,897.94,inr,FAILED,Shopping,A26,Refunded
a5a93cce-215a-45f6-8164-1ead856bf7c1,11-02-2025,Uber India,3992.72,inr,FAILED,Healthcare,A6,Refunded
da63bef7-4129-41a2-a719-ef01856319eb,15-12-2025,Shell Petrol,2337.06,USD,PENDING,Healthcare,A36,
87d08c4e-ab8f-44d1-8915-0ed4134d3545,2025/08/13,Amazon,2217.27,usd,success,Healthcare,A24,Duplicate?
c4c4397f-5c15-4310-a6d9-9a989d534969,2025/04/16,Zomato,121.26,usd,Pending,Other,A48,Duplicate?
a79f2c27-116d-4748-96b2-0a58eb6924b1,15-07-2025,Ola,2244.52,USD,SUCCESS,Other,A11,
9afd53bd-de85-438e-8b13-271426123a5a,16-05-2025,Netflix,3528.85,USD,failed,Cash Withdrawal,A13,SUSPICIOUS
b82eb658-c0fe-49dc-8dd3-d65d278cc0e3,2025/11/14,Uber India,$2891.27,INR,success,,A34,Refunded
d11d3e16-bbf1-4719-b073-3ecea691888f,2025/05/27,Ola,$3675.61,INR,success,Shopping,A28,Refunded
4f00e0da-6bcf-4b09-ad73-6fc6126851ad,2025/06/01,Google,3463.94,USD,SUCCESS,,A35,SUSPICIOUS
973c045c-cf30-46f1-869d-6d6530574fe9,13-10-2025,Ola,3247.99,USD,Pending,,A22,Anomaly check
ebf2cdb3-0352-47dd-8d1a-6e76c97a14ef,16-03-2025,Swiggy,4794.57,usd,PENDING,Shopping,A45,Anomaly check
f2bd2738-3024-41df-a99e-b46a5d985382,27-07-2025,Apple,$1969.13,USD,Pending,,A21,Duplicate?
de895542-b61d-43e1-af18-1d5f270ec031,29-07-2025,Apple,4594.04,USD,FAILED,Shopping,A44,
d72d5dac-1590-4627-be01-bd8fbc4f42dd,2025/12/22,Uber India,38930.23,INR,failed,Utilities,A24,
d50df982-6377-4784-a2c1-eb919c96fddf,27-06-2025,Netflix,477.87,usd,SUCCESS,Food,A8,Duplicate?
97823c77-8b62-40dd-b491-1461472d50c4,2025/05/10,Amazon,2868.82,inr,PENDING,Entertainment,A34,Refunded
29896b6d-880f-4987-b632-9bce20f727cc,25-01-2025,IRCTC,1597.16,inr,Pending,Transport,A41,SUSPICIOUS
e9c2a237-3af1-4bfa-9501-7e81d783a2f6,2025/03/31,Shell Petrol,1858.71,INR,PENDING,,A19,SUSPICIOUS
a643adf9-44d7-4cdf-8e8f-a126d81bfbf7,2025/04/07,Apple,4945.6,USD,success,,A40,Anomaly check
a5e42884-fccb-4873-8e40-c6b3d146a28d,2025/09/13,Ola,2422.0,USD,FAILED,Cash Withdrawal,A41,SUSPICIOUS
,29-08-2025,Shell Petrol,3297.24,usd,FAILED,Shopping,A6,
e696591f-b2dd-482f-ad13-a958f5c16a6e,2025/07/28,Shell Petrol,$3347.67,inr,failed,Entertainment,A41,SUSPICIOUS
591ae19d-c2ea-404c-afa6-cc585124e1ba,2025/03/24,Google,1502.36,usd,Pending,Cash Withdrawal,A10,
37deb408-ebe3-4e91-8028-a91fa6effe8d,27-01-2025,Uber India,$1088.27,USD,success,Utilities,A46,SUSPICIOUS
eaaaaaf1-d5b5-46bb-ab0f-07c1ff3a2bb2,2025/01/14,Google,$1827.18,inr,SUCCESS,Shopping,A37,
62510447-061b-4afe-b30d-f04c89216aa1,2025/08/06,Local Bakery,1314.87,usd,PENDING,Utilities,A21,Refunded
3a8dd70c-7e79-4bcc-8227-20c1d8a9c8db,01-06-2025,Netflix,3479.18,inr,SUCCESS,Utilities,A20,Refunded
c384b447-a32e-4dec-91dc-46169178e7d3,11-07-2025,Zomato,1640.75,inr,PENDING,Entertainment,A34,Refunded
08fd4a48-f346-4dab-970b-692f64d81c76,22-05-2025,Shell Petrol,$3482.09,usd,PENDING,,A33,Duplicate?
126e9ff5-8c7e-48f2-b4c0-887980684257,2025/05/30,Netflix,2371.71,inr,FAILED,Food,A49,SUSPICIOUS
aa79217b-c4fc-4bb4-82e6-2bc3e7c092e7,06-02-2025,Apple,3310.92,USD,failed,Other,A29,Duplicate?
,2025/01/03,Google,1878.56,inr,Pending,Entertainment,A37,Duplicate?
700c9b0a-c434-44ab-8f6c-d24cbd6576d1,25-11-2025,Google,$3209.5,usd,SUCCESS,Transport,A24,SUSPICIOUS
eac788ec-f741-418b-9054-5fd6f2a48363,2025/08/25,Flipkart,960.27,inr,Pending,Other,A4,Anomaly check
1ede0efc-3bcd-476f-a3d0-c788603eb67f,29-01-2025,IRCTC,2671.33,INR,SUCCESS,,A47,Refunded
3e06af50-05b9-4b72-8831-da90c0b48dad,2025/03/05,Swiggy,2966.73,inr,SUCCESS,Travel,A26,SUSPICIOUS
abdc199a-f58b-4086-9823-348699d5153c,2025/09/02,Uber India,2270.49,inr,FAILED,,A39,Duplicate?
,2025/03/02,Swiggy,2406.0,inr,PENDING,Travel,A44,SUSPICIOUS
3940d8cd-72e6-4762-9f81-91c8ca5a2c2f,21-07-2025,Netflix,4303.22,USD,SUCCESS,Shopping,A19,
799c1cb7-2f8c-4ed8-b798-222f8727e723,17-04-2025,Amazon,4406.38,USD,PENDING,Healthcare,A27,SUSPICIOUS
6e840dcf-6d7c-40d1-8a54-5ab33b166771,2025/06/10,Zomato,2063.09,INR,SUCCESS,Other,A7,SUSPICIOUS
d470d688-1fd9-4cee-bc07-864cfbc36bd5,15-04-2025,Flipkart,1092.5,INR,Pending,Food,A2,
ecbf38d7-feee-47c0-a2b8-e593a82b0b80,2025/09/18,Google,552.97,INR,failed,Entertainment,A41,Duplicate?
635053fb-d815-4d19-80fe-84876a3dce0e,07-02-2025,Shell Petrol,3721.19,usd,Pending,Travel,A34,Duplicate?
b74c297e-cd1c-4546-bb04-18af310a4e73,2025/06/03,Shell Petrol,421.57,inr,FAILED,Cash Withdrawal,A42,Duplicate?
,2025/06/25,Local Bakery,4929.95,usd,FAILED,Entertainment,A39,
b4ee12ad-e3c3-4a2a-872b-7cea4b9d894a,2025/06/24,Apple,4571.68,USD,Pending,Utilities,A24,SUSPICIOUS
c2347247-af51-4b6d-acb5-aebd103e1ee0,2025/09/08,Zomato,2715.79,USD,Pending,Utilities,A25,Anomaly check
38d43e89-2f33-4f17-a79d-9ea6665dac84,24-02-2025,Netflix,2466.11,inr,PENDING,Travel,A38,
b0cc5aae-f9cf-4652-bedb-604313202f23,29-01-2025,Swiggy,3138.18,USD,FAILED,,A41,Anomaly check
331d9795-5bf8-4060-9385-4878b2f6305e,10-02-2025,Apple,4390.81,USD,SUCCESS,,A50,Refunded
72c5d100-3857-49f3-a981-dba089f48c83,08-05-2025,Spotify,$2209.07,INR,failed,Healthcare,A49,Anomaly check
6a0cee94-6feb-4be6-9af3-729051606df2,25-08-2025,Spotify,4213.76,inr,success,Transport,A2,SUSPICIOUS
f8539925-9ec6-4bfe-900e-b997e916ec2e,2025/08/01,Shell Petrol,1964.78,INR,success,Shopping,A38,Refunded
989933ed-f981-494a-b57a-1e7abb7134e0,2025/05/01,Local Bakery,758.54,usd,FAILED,,A28,SUSPICIOUS
a1ec966d-a178-479e-9312-fe654d19295d,17-02-2025,Swiggy,566.03,INR,PENDING,,A42,Anomaly check
0975c5fe-ae52-4ced-a4ba-7306d0408102,06-03-2025,Google,$3716.79,usd,SUCCESS,,A11,Duplicate?
fd324dd0-3f63-4a1b-966e-d7e148645f26,28-05-2025,Netflix,3829.78,INR,failed,Shopping,A38,
812b7f81-b378-4a9e-9906-1af857f5f447,30-03-2025,Apple,2624.64,usd,failed,Cash Withdrawal,A40,Anomaly check
e391a74c-dce1-4415-a453-d34a787ecb5a,25-01-2025,Amazon,3874.45,inr,FAILED,Entertainment,A50,Duplicate?
6449cf5d-95d6-4cc6-ab1a-393df1d3e99a,24-01-2025,Flipkart,3715.5,inr,SUCCESS,Utilities,A15,
aea39e22-e618-4d24-89f3-15b781f39c9d,30-06-2025,Google,4753.72,USD,failed,Transport,A25,Anomaly check
67d542e2-63bc-4f77-8252-16e855ccc0aa,14-11-2025,Flipkart,3777.64,usd,success,Food,A43,Duplicate?
faad0197-7a94-4d5c-9ff5-aaeef481d08d,2025/10/11,Shell Petrol,1871.57,usd,PENDING,,A12,Duplicate?
0cb9d87f-f21e-4b9a-a1c5-2ce8842267c7,2025/12/24,Netflix,$3531.53,usd,SUCCESS,Travel,A2,Anomaly check
196ec0d5-8e8b-4dbc-a59e-aa2c692131c0,2025/10/03,Zomato,1722.75,INR,PENDING,Cash Withdrawal,A21,SUSPICIOUS
aba9e00f-b3a0-4316-ae5f-2b6c8ef46d04,12-01-2025,Amazon,4880.22,USD,failed,Cash Withdrawal,A6,Duplicate?
b3193f91-2155-4d84-ad7b-ac91de5e8fbc,27-06-2025,Ola,$2130.17,USD,Pending,Other,A43,
076861b4-3ff4-4857-aa80-42f421d80cc1,2025/12/28,Ola,138.12,usd,FAILED,Transport,A38,
76705b9f-4a2f-4099-b7c6-88e105724757,02-04-2025,Local Bakery,4036.99,INR,failed,Other,A27,
1edf2bcb-4c78-4545-ab37-eb0b94c269d4,2025/11/16,Amazon,4951.78,usd,Pending,Travel,A31,Duplicate?
eedcfe3b-e434-484e-aca1-7913970c99f6,13-02-2025,Spotify,3633.25,inr,success,Healthcare,A12,SUSPICIOUS
ab23e210-9e78-44ba-9484-21626911fe3c,18-01-2025,Zomato,2511.86,usd,SUCCESS,Transport,A34,Refunded
f3c4e53c-8b19-4c92-aa1a-b75e85a49b83,29-09-2025,Local Bakery,$2800.9,inr,SUCCESS,,A17,SUSPICIOUS
1a6b75e5-2e5d-465c-aac4-ffcd708b5dda,2025/03/19,Google,1794.29,INR,Pending,Other,A35,Duplicate?
2af77e63-526e-4168-a783-b5af5a97f46f,03-10-2025,IRCTC,1818.23,INR,PENDING,Utilities,A10,Duplicate?
242524fb-6d50-4db2-8938-c14857f1a588,2025/10/15,IRCTC,560.27,USD,SUCCESS,Travel,A38,Refunded
9bd147c4-280d-43f8-b089-d219d6f1a840,2025/04/10,Local Bakery,4434.04,USD,Pending,Utilities,A34,Refunded
e1cfd744-5b0d-47a4-a4c5-70047b646b7e,2025/04/20,Ola,$2236.54,inr,success,Entertainment,A2,SUSPICIOUS
9f998c5f-5c3b-43cf-bc28-38290d4d5652,07-06-2025,Netflix,1138.01,inr,Pending,Food,A40,Refunded
4385ca07-0d72-4c1a-9747-8caa7383d145,16-07-2025,Shell Petrol,2047.46,usd,Pending,Transport,A35,Refunded
ec598354-e761-42be-82b8-07e85e5149eb,2025/05/08,Flipkart,4434.11,INR,failed,Transport,A36,Anomaly check
8dbec23d-a4da-4aa1-94af-082edfecefb5,11-03-2025,Uber India,$4376.69,inr,FAILED,Other,A19,
e1427886-edbb-40d5-b040-d87711e5f97c,2025/07/24,Spotify,1121.09,inr,success,,A17,SUSPICIOUS
56818474-0a3f-4538-98a0-046ff2c35ada,17-01-2025,Amazon,$3404.45,USD,SUCCESS,,A2,Anomaly check
,16-05-2025,Ola,2314.48,INR,SUCCESS,,A9,
0555d072-ac9c-4810-a2f7-019f97880526,2025/01/19,Ola,624.97,USD,Pending,Cash Withdrawal,A42,Anomaly check
ef4c3a64-8037-4cf1-b1e6-0f1c65f29b3d,2025/11/24,Uber India,$697.37,inr,failed,Transport,A17,SUSPICIOUS
,2025/12/08,Flipkart,211.67,inr,Pending,Food,A28,Anomaly check
c6ffc094-be5a-48e7-a0bc-2a9c81813299,2025/05/22,Zomato,1821.64,inr,Pending,Shopping,A8,
0d2d1e2c-3d5e-42ee-8412-ab1c4ecd3be3,2025/06/27,Shell Petrol,3044.8,inr,Pending,Food,A2,Duplicate?
a08b102b-22a6-4936-b436-806f0c125744,18-02-2025,Uber India,403.43,USD,Pending,,A13,
6bb474ac-3657-4335-b9a7-15c8da3f4a08,2025/01/08,Uber India,3316.37,inr,FAILED,Food,A35,SUSPICIOUS
9f4b8cf3-b295-4e48-b30a-1f542addd223,04-10-2025,Flipkart,2769.99,USD,Pending,Shopping,A43,SUSPICIOUS
29e5ffe7-eb4f-4798-a5bd-7f2a9e346d95,14-10-2025,Ola,$410.83,usd,SUCCESS,Transport,A22,Anomaly check
7f4f68d0-21d8-420b-9297-2e9bc39d9981,2025/04/22,Google,3087.86,inr,PENDING,Transport,A27,Anomaly check
7f4f68d0-21d8-420b-9297-2e9bc39d9981,2025/04/22,Google,3087.86,inr,PENDING,Transport,A27,Anomaly check
74a0240a-f0e7-4639-b21f-1bd9e9e12e7e,02-07-2025,Netflix,2903.62,USD,SUCCESS,,A20,SUSPICIOUS
0f0d281e-53d7-4c1c-b4bf-91448f5e240a,29-08-2025,Flipkart,4194.01,usd,success,Entertainment,A41,Refunded
2bc0ce06-c9ea-4443-96c1-8c3d6ea6fca5,2025/01/13,Apple,3833.47,inr,failed,Travel,A16,Refunded
13011ca3-4f42-4cf6-be1c-544b2926b8c1,2025/07/06,Zomato,4781.94,INR,failed,Entertainment,A10,
8b453c01-02bc-4c8e-9c5b-16d6dd1bfba0,01-04-2025,Flipkart,3760.16,inr,PENDING,Transport,A3,Refunded
2cba7495-8e61-462c-95b9-24089f9d94d6,18-10-2025,Spotify,4840.44,usd,FAILED,,A42,
3b747b47-9095-4f5d-8e85-f4a1930bbf5c,2025/04/03,IRCTC,2625.32,inr,SUCCESS,Transport,A23,Refunded
36547e60-e59a-4b26-a453-7e52a9d6c685,2025/10/05,Spotify,521.18,USD,success,Other,A11,SUSPICIOUS
977d7f23-4ae5-42d9-804d-5e45a2c406a0,10-05-2025,Swiggy,4537.32,INR,FAILED,,A27,SUSPICIOUS
34fcde3b-4c4b-41c7-b59b-9c6f8635f2f0,2025/09/19,Google,$4164.54,inr,success,Healthcare,A42,SUSPICIOUS
17b7c892-b4ad-4db0-a711-c70cd0d573fe,08-08-2025,Amazon,3577.05,INR,SUCCESS,,A23,Duplicate?
11ed8468-5bcc-4ecb-9e2c-05e88f923ac7,07-09-2025,Uber India,561.26,USD,SUCCESS,,A28,
5510a534-5c15-492b-ab46-1ba07da5d00a,08-05-2025,Apple,2574.33,INR,SUCCESS,Utilities,A33,Duplicate?
59313477-0345-4bee-ba02-43e3a939cb5e,2025/08/07,Shell Petrol,192.86,INR,FAILED,Utilities,A17,Refunded
536cf5b2-a4de-484c-b89d-ece2f9c249d2,20-02-2025,Local Bakery,4635.54,INR,Pending,Other,A49,
57ea1a1c-56b8-41c3-8417-22617eb16c74,2025/01/01,Netflix,$1101.37,INR,PENDING,Cash Withdrawal,A11,Anomaly check
98cc0c28-b653-4ffe-8a39-117b7755dd22,22-07-2025,Shell Petrol,1198.7,inr,FAILED,Healthcare,A33,Duplicate?
,08-02-2025,Spotify,979.94,USD,failed,Entertainment,A49,Refunded
f02515c2-ddf8-4559-b4b7-2f270f0e8069,2025/11/05,IRCTC,4148.42,inr,FAILED,Healthcare,A32,SUSPICIOUS
5f94ef10-73a7-4dcb-8350-60b8a4e9701b,2025/01/30,Netflix,$3921.97,usd,Pending,Entertainment,A25,SUSPICIOUS
61826208-34f0-4cac-a41a-46768c2d2d17,2025/02/06,Apple,1947.1,USD,success,Cash Withdrawal,A6,
1dfc0f38-f0ab-4c01-bd3a-a1cfdf54c298,2025/07/02,Swiggy,4459.7,inr,Pending,,A35,Refunded
808fe576-e903-4cd9-9565-6839c91bbc6e,06-04-2025,Netflix,$2989.12,inr,success,Utilities,A21,Refunded
ee17c9a7-7718-42b1-9aa3-184c3c4d8d9e,12-11-2025,Swiggy,3619.32,USD,failed,Transport,A29,SUSPICIOUS
b5aab000-ad45-4a02-80ec-6bcf91f8f35a,10-03-2025,Google,3189.28,inr,SUCCESS,Cash Withdrawal,A11,SUSPICIOUS
e4abc7b6-0c16-44c1-9bea-6e7d93d30a28,14-03-2025,Shell Petrol,4204.01,usd,FAILED,Other,A13,Refunded
5965853d-57e2-43d0-b26b-90129aa5049b,27-12-2025,Netflix,$3140.03,inr,FAILED,Cash Withdrawal,A5,SUSPICIOUS
46ed29ec-58bb-4c0f-8d10-43ea0ea55859,15-12-2025,Netflix,2303.36,USD,FAILED,Healthcare,A28,
589df169-86c1-43af-8479-17de654fea91,03-10-2025,Spotify,$2994.49,USD,PENDING,Utilities,A3,Anomaly check
e4fbeaab-9fbe-464c-b0c6-2af586b25c35,2025/12/18,Flipkart,4273.99,usd,Pending,Food,A16,Anomaly check
6edbae47-820e-4c7c-ba39-ff6a2aad78c5,24-04-2025,Swiggy,1793.1,usd,Pending,,A50,Duplicate?
b74b04b8-dabb-45ce-bf13-6ce5d539518f,2025/10/21,Swiggy,788.32,inr,failed,Other,A34,Duplicate?
a7bd4a0d-fd91-4342-bdc1-779cc3f34068,07-02-2025,Zomato,4126.11,USD,success,Utilities,A22,Refunded
e82cd9aa-4438-40b9-b1f3-38f79e6d638e,19-03-2025,Google,3770.8,USD,success,Other,A26,Duplicate?
ec08460e-cc6a-484e-9afd-c5c3463bf094,2025/02/26,IRCTC,$2195.4,USD,failed,Utilities,A37,Duplicate?
707d341d-f90c-46fc-af2f-fc0ff994a9c2,07-03-2025,Amazon,3242.61,INR,failed,Utilities,A32,SUSPICIOUS
be16eeef-5f7a-448e-ad4d-86bb775a600e,2025/08/15,Swiggy,3791.58,INR,FAILED,Entertainment,A34,
23955f90-e4c6-4afe-9447-953725cf3144,2025/02/13,Swiggy,$36090.07,usd,success,,A44,Refunded
,2025/01/06,Uber India,4954.49,inr,failed,Shopping,A22,SUSPICIOUS
8ecb5269-e64e-4258-8714-55b0cc118106,21-07-2025,Zomato,872.42,usd,failed,Utilities,A31,Anomaly check
1b63ed53-2856-4d1c-95c4-36522f9b63fe,20-06-2025,Local Bakery,2719.13,inr,failed,,A5,SUSPICIOUS
05ce432d-50ec-49d4-8c38-fabf305cd9cb,22-03-2025,Google,$2767.15,usd,PENDING,Food,A40,SUSPICIOUS
21726cb3-d576-4784-901f-c2ca8bcbd9fb,2025/12/07,Flipkart,$3246.67,USD,FAILED,Other,A34,Anomaly check
53cc61f4-8519-48fc-8a44-7ca773d43869,11-02-2025,Ola,4242.28,USD,SUCCESS,Shopping,A3,Refunded
eaa47d30-c286-4bfd-abe8-b3d18b2decba,2025/06/01,Local Bakery,1748.18,INR,Pending,Healthcare,A17,SUSPICIOUS
b36f5e01-112c-42c2-908b-cd23f9a6d828,19-09-2025,Ola,214.56,USD,Pending,Travel,A47,Duplicate?
7f9fde0b-a227-4cf2-857b-410e37f852f9,2025/12/10,Zomato,1533.53,inr,Pending,Healthcare,A24,Anomaly check
2ec0102b-dbe1-453b-ad3a-b54f384dd46d,02-02-2025,Ola,3712.63,inr,success,Travel,A37,Anomaly check
e3218dd5-e032-4033-a6fc-368df7f920d5,2025/07/28,Amazon,$1179.02,USD,PENDING,,A38,Refunded
b6105b6e-073f-4645-86aa-54c004ad111c,24-05-2025,Shell Petrol,3974.76,INR,PENDING,Utilities,A44,Refunded
6c6e28f7-fd52-47f0-bd7c-5df1eb78e87b,2025/07/16,Amazon,2223.06,INR,failed,Entertainment,A27,SUSPICIOUS
0db965da-dac5-43b2-939e-15ed8d9d8336,2025/08/04,Spotify,$2159.38,USD,failed,Travel,A37,
,17-07-2025,Apple,3783.19,INR,FAILED,Shopping,A47,SUSPICIOUS
3a5bf07b-6ff9-483b-abdb-315530ab93be,23-08-2025,Uber India,$4862.57,INR,PENDING,,A21,
d37e7bfc-1213-498f-88d0-a1195e997af4,2025/04/11,Local Bakery,3159.98,inr,FAILED,Other,A16,Duplicate?
79c677aa-9653-4853-a643-fc1d15e060a5,2025/09/27,Local Bakery,3037.77,INR,success,Cash Withdrawal,A49,SUSPICIOUS
ac7a0711-f739-4521-b3ae-85bd8826d59d,19-03-2025,Swiggy,$2669.44,INR,FAILED,Cash Withdrawal,A28,Duplicate?
75333cb6-fb8b-42ef-ae7e-b173dfef9d78,01-03-2025,Spotify,4431.56,USD,failed,Shopping,A16,Refunded
faa1a3f2-eb73-4f10-8c10-8df85159c6a5,14-02-2025,Netflix,4534.53,USD,SUCCESS,Cash Withdrawal,A7,Refunded
5f2c2eb0-af8d-47c7-86ee-8413860907ec,18-09-2025,Zomato,$4363.89,usd,success,Shopping,A9,Refunded
9d066ea1-ff68-4824-8baa-bd96910d4b17,2025/04/07,Ola,1965.39,USD,SUCCESS,Utilities,A46,
4374a88c-e6e1-4f82-b8eb-eba6acd9e975,2025/12/29,IRCTC,1851.53,USD,success,Shopping,A37,
4374a88c-e6e1-4f82-b8eb-eba6acd9e975,2025/12/29,IRCTC,1851.53,USD,success,Shopping,A37,
d79d27a0-401d-4fd0-b515-0c554f361140,2025/05/02,Shell Petrol,4492.48,usd,SUCCESS,Travel,A22,Duplicate?
d4bca2d0-107b-4403-9b49-7f6e3f25ab97,06-02-2025,Amazon,3234.02,usd,Pending,Transport,A19,Anomaly check
a95449b1-165b-4d40-92d5-61d04e01794b,09-09-2025,Ola,3613.12,INR,FAILED,Travel,A40,Refunded
d5457c36-4dc9-4025-bb31-1e7fb723d41e,22-08-2025,Amazon,568.89,inr,FAILED,Travel,A10,SUSPICIOUS
59a70f5e-dd2c-4ad2-b25c-b7716eb586d3,12-02-2025,Apple,$1666.27,inr,FAILED,Other,A23,
8da62014-6eb6-45d9-854d-35a1b8d4b087,2025/09/07,IRCTC,1130.18,usd,success,Transport,A32,
9f95c294-f349-4029-9c98-de6072ef03ae,2025/04/25,Shell Petrol,692.57,inr,Pending,Entertainment,A33,
04c550a9-ec55-4014-9862-3d12e2e7df9a,14-10-2025,Uber India,109.63,usd,failed,,A23,
3c7b06a2-08a2-47a9-af85-29989adabe9a,2025/12/04,Flipkart,$2561.17,usd,FAILED,Entertainment,A44,Duplicate?
6ca30dc6-ce45-4ddd-b00a-9109af735917,10-12-2025,Apple,$2480.25,USD,PENDING,Transport,A10,Refunded
12d1b24e-d005-4aff-9b0f-4dbe722524dd,2025/07/04,Ola,2480.43,USD,FAILED,Shopping,A7,
5eacf200-3551-4631-9f81-ccb0e21f38b4,24-05-2025,Spotify,2227.77,USD,Pending,Other,A45,
7d358b00-974e-4b30-b355-3696a47de998,2025/11/01,IRCTC,2310.47,inr,success,Cash Withdrawal,A47,Anomaly check
5d5c053f-153f-40a6-bba5-5283460bc13a,20-09-2025,Shell Petrol,718.06,INR,PENDING,Shopping,A22,
1d5bff5c-d8de-4639-adcb-6f9da6a9f7e9,01-05-2025,Swiggy,404.65,INR,SUCCESS,Travel,A28,Duplicate?
,2025/10/27,Ola,1533.16,INR,success,Travel,A12,
6aa4b7ae-c40d-4cfd-811d-6d37fc4fcce8,2025/07/18,Amazon,4888.78,USD,failed,Other,A1,Anomaly check
dffb7c58-173d-4c2e-b5f2-34d16fe543dd,2025/06/15,Apple,1858.09,inr,PENDING,,A30,Duplicate?
0a717cb5-c170-4d87-972c-3ddadd9990ed,2025/04/21,Local Bakery,$3346.1,USD,success,Other,A46,Refunded
0a717cb5-c170-4d87-972c-3ddadd9990ed,2025/04/21,Local Bakery,$3346.1,USD,success,Other,A46,Refunded
dec4730e-159e-45f5-8205-1486fc137805,22-03-2025,Netflix,1397.54,inr,FAILED,Utilities,A43,
f6bd0193-83ea-4b5f-8c7c-86051ca695ac,13-07-2025,Amazon,$701.21,USD,FAILED,Travel,A4,
6424450b-4e0f-42c8-8aa1-5cb299802460,2025/11/25,Flipkart,345.48,INR,SUCCESS,,A10,Refunded
754f6aa9-09be-46e4-9947-416dae2ca324,16-08-2025,Local Bakery,3007.53,inr,Pending,Other,A25,Anomaly check
482f04cf-9d20-4a52-8780-ddf40a32df74,08-07-2025,IRCTC,407.37,usd,SUCCESS,Cash Withdrawal,A46,SUSPICIOUS
482f04cf-9d20-4a52-8780-ddf40a32df74,08-07-2025,IRCTC,407.37,usd,SUCCESS,Cash Withdrawal,A46,SUSPICIOUS
04777037-1f0c-4a75-a10a-83548ca6675e,2025/02/19,Flipkart,1690.95,INR,Pending,Transport,A21,
8f0a3c0a-3e98-4dd0-9800-8851c565fe9a,23-02-2025,Netflix,416.69,inr,Pending,,A13,SUSPICIOUS
ad436402-c480-4446-9a41-2beaf4661407,2025/05/02,Spotify,3404.45,INR,PENDING,Shopping,A25,Refunded
2523748d-b64e-4a27-b118-1560029d8759,02-02-2025,Google,2389.1,INR,FAILED,Transport,A23,Duplicate?
b82893b4-3c61-46d1-8719-ff732eae6da8,27-01-2025,Swiggy,3837.25,USD,success,Shopping,A48,Duplicate?
afef204d-9044-4b60-9225-041d958a88aa,16-06-2025,Swiggy,468.75,inr,Pending,Healthcare,A30,Anomaly check
a620249c-2bf3-44f5-9505-a4d9cf6b06df,2025/02/18,Swiggy,2357.92,INR,success,,A27,Refunded
a723eed1-2cb4-478a-8491-923767fab038,2025/02/21,Spotify,3427.26,inr,SUCCESS,Food,A15,SUSPICIOUS
d38708cb-ffef-4bbc-8a5e-374671d8cc64,02-01-2025,Flipkart,4074.92,INR,success,Cash Withdrawal,A15,SUSPICIOUS
ee02554a-fef7-45b6-b3cb-0d5a996ae7b8,25-07-2025,Ola,3206.57,USD,success,Entertainment,A13,Duplicate?
2b0e3d4a-d30d-4f03-aa03-93e643b2e30e,2025/04/12,Swiggy,2607.82,USD,FAILED,Shopping,A27,
919f7b6c-7b0f-4c62-a3ea-e6cced9d9618,28-07-2025,Netflix,$776.53,inr,FAILED,,A18,
b177a1d5-6cbe-4696-baf9-fcfa985048ca,2025/01/05,Shell Petrol,4242.94,usd,FAILED,Travel,A40,Duplicate?
3bb3e4e5-a10e-4a93-8654-9de45a7bf82e,2025/06/03,Apple,3381.4,INR,success,Cash Withdrawal,A32,Anomaly check
4f600e70-b970-4ff0-a29d-0ca1997f7298,2025/05/26,Google,$3289.3,inr,failed,Shopping,A3,Anomaly check
a12c42f9-4900-4b8b-86da-0ac483310357,2025/02/11,Swiggy,772.68,usd,Pending,Transport,A49,Refunded
9cbc1cf7-3533-42c6-a408-c657533a37a7,2025/05/12,Zomato,46471.44,INR,SUCCESS,Cash Withdrawal,A36,Refunded
daf81787-395e-48c5-8680-56565b1a2f1a,2025/11/21,Swiggy,510.08,USD,PENDING,,A20,Refunded
30ca8a19-56af-4b50-9659-9aec83b4c32c,2025/09/24,Google,$4721.39,USD,PENDING,Healthcare,A21,SUSPICIOUS
,2025/01/15,Ola,$406.5,INR,Pending,,A38,Duplicate?
5615bfa2-9956-4b0e-bf0a-6bcb7787de9b,2025/12/30,Apple,4760.82,USD,failed,Healthcare,A45,SUSPICIOUS
be10320d-d3ec-4a3e-9ddc-38269270b66f,20-11-2025,Swiggy,2390.29,INR,success,Transport,A7,SUSPICIOUS
855f6fe9-5fa1-416a-8c21-7726a8ea87ed,26-06-2025,Zomato,1581.26,USD,Pending,Entertainment,A24,
02ded06f-3a84-4b26-913e-6a9e0d254298,2025/08/10,Amazon,4182.14,USD,failed,Other,A41,Duplicate?
9d2cf2c8-1c81-4ea0-81b1-c3d077d92e36,03-10-2025,Amazon,1209.4,usd,success,Shopping,A38,SUSPICIOUS
3f7ecc92-56f9-4671-9703-c65ef2777ad2,2025/01/24,Shell Petrol,4378.02,inr,success,Utilities,A43,Duplicate?
9cc27cdd-80fe-40d8-8ca4-d1ca4e25ae0b,2025/07/24,Amazon,$4137.51,INR,Pending,Cash Withdrawal,A50,
ff678408-4f9c-4685-96e5-18a08f5fc20c,2025/06/10,Ola,2560.78,usd,success,Travel,A39,
78411940-ef9d-49df-865a-632bef022d81,08-09-2025,Swiggy,2810.07,usd,failed,Food,A20,Refunded
5ad00ffc-5dd1-4f2b-add2-c376ac1e3f3a,2025/08/16,Local Bakery,1685.08,usd,PENDING,,A27,Anomaly check
fae76bc1-448f-441d-ab97-3e963aefac30,27-02-2025,Swiggy,669.69,usd,PENDING,Transport,A44,Refunded
f4249d17-0628-44ef-88f9-6e11b21018e2,2025/04/10,IRCTC,566.78,USD,success,,A20,Refunded
6fdcbacf-c040-4b92-a672-1873041c67c0,01-09-2025,Uber India,1381.09,inr,failed,Shopping,A32,Duplicate?
c7f3df5b-c75a-4676-a785-c27f21e05a8c,25-02-2025,Amazon,1630.3,inr,failed,Utilities,A41,SUSPICIOUS
d9c70675-1572-4765-befc-4a0da796651b,20-07-2025,Amazon,1519.8,inr,SUCCESS,Entertainment,A3,Anomaly check
a995be54-5589-4f73-9dda-732283296f27,2025/03/03,Apple,3973.56,inr,success,Utilities,A5,
28687230-65f3-40d5-8730-ff43c8573657,2025/06/28,Shell Petrol,4276.76,inr,FAILED,Shopping,A43,Duplicate?
d5e2537a-feb6-43d7-88cf-a1b179324ee0,02-10-2025,Flipkart,$1289.23,inr,failed,Other,A28,SUSPICIOUS
0dbd8b93-0a8e-4c74-ae7c-ed21cc54066f,07-02-2025,Spotify,1932.0,USD,SUCCESS,Food,A20,Anomaly check
01ba131f-c743-4c58-adc3-95eb5f929089,2025/06/08,Swiggy,$3326.42,USD,SUCCESS,Food,A2,SUSPICIOUS
2190a499-e2e1-4d87-a820-307b06d5b038,2025/02/08,Apple,4460.21,usd,PENDING,Cash Withdrawal,A4,Duplicate?
59660877-b7ba-49c5-a38b-baf6d6d4c0cf,10-12-2025,Apple,$558.51,INR,Pending,Cash Withdrawal,A37,SUSPICIOUS
f432f4d3-bc1e-4b2c-a494-100c5bf97c21,25-06-2025,Local Bakery,$2416.28,inr,FAILED,Entertainment,A15,SUSPICIOUS
,06-10-2025,Shell Petrol,4968.08,usd,FAILED,Shopping,A34,
ff7f221a-1daa-44ad-98ad-0470daa0fa3e,2025/02/17,Netflix,2681.78,inr,failed,Entertainment,A40,Refunded
e11d69bd-9066-4bb0-bcd8-d788b24e43f8,2025/10/28,Uber India,1221.36,inr,success,,A42,
6b6277a6-8747-4122-ab15-ea924b9609ce,2025/04/18,Local Bakery,1637.08,inr,FAILED,,A33,SUSPICIOUS
9256c727-7dbe-451d-8e48-f7911ed4820c,30-08-2025,Amazon,3368.29,usd,FAILED,Transport,A40,SUSPICIOUS
cd73cff0-2db7-4f45-871d-73ef85ea8e28,2025/12/14,Flipkart,3003.26,usd,Pending,Food,A47,SUSPICIOUS
b3a234c5-0bf6-4510-bc15-e0aad4a8ad27,2025/12/21,Flipkart,425.83,usd,failed,Healthcare,A21,SUSPICIOUS
99e12b0c-7520-4f41-a879-64d928350053,2025/04/25,Ola,2946.1,usd,SUCCESS,Healthcare,A38,Anomaly check
0728602a-8604-4908-85d9-01ab29b5ebae,10-10-2025,Netflix,2082.88,USD,SUCCESS,Shopping,A46,Duplicate?
1a67e9d2-faad-4cf6-a64b-7d7860c7b736,26-07-2025,Zomato,$2525.19,usd,SUCCESS,,A24,
20b0211d-b112-4587-81fe-c7681690e218,2025/09/26,Uber India,4023.36,inr,SUCCESS,Transport,A21,SUSPICIOUS
28f2cf19-5d30-4e6d-a573-7921a3c29b74,2025/11/23,Uber India,1854.54,usd,PENDING,Cash Withdrawal,A26,SUSPICIOUS
21584795-b754-4539-a209-e73a05fbc73f,08-03-2025,Google,4977.62,usd,SUCCESS,Other,A24,Anomaly check
db0c7a4f-1a07-4ca6-a24f-e4c1bbbc237b,03-06-2025,Uber India,4350.35,INR,failed,,A40,Duplicate?
6cc30d12-a4fc-48c8-8647-33921ee419fd,24-10-2025,IRCTC,3805.26,usd,FAILED,Cash Withdrawal,A31,Anomaly check
63dbb8f3-440b-4460-8a14-5930157afa8a,2025/08/10,Flipkart,4293.47,USD,SUCCESS,Cash Withdrawal,A26,
4ff2e341-5675-4874-b234-51df94bc2ffb,2025/10/31,Zomato,191.95,INR,Pending,Transport,A25,Anomaly check
7d4fdddd-15fc-4a61-9dce-ae4928d30666,27-03-2025,Swiggy,$4962.95,usd,SUCCESS,Other,A20,Duplicate?
1151bde3-a89b-4b5a-a756-d90894a7866e,2025/03/29,Swiggy,$4889.89,usd,PENDING,Cash Withdrawal,A38,Duplicate?
db25ac33-dfff-4e6c-9a65-8eb473422544,20-04-2025,Spotify,3954.28,usd,success,Healthcare,A45,Duplicate?
c9363460-5d65-47e6-8ca0-bed6b46210a3,2025/04/23,IRCTC,167.04,INR,FAILED,Transport,A50,Anomaly check
b9805e58-fd4a-4756-b7cf-00bf1ed65c34,2025/06/20,Shell Petrol,$3860.23,inr,success,Travel,A42,Anomaly check
17361047-2f48-40ad-9217-d727caa2ab41,14-11-2025,Apple,2440.71,inr,SUCCESS,,A30,SUSPICIOUS
2a5cdc62-7442-489f-ac9f-a9210452f5ff,2025/10/02,Ola,1248.1,inr,SUCCESS,,A1,SUSPICIOUS
,2025/06/14,Swiggy,4823.47,INR,PENDING,Food,A2,Duplicate?
f9068a5c-7285-4cce-8e58-482b1a027093,31-10-2025,Ola,1819.3,USD,success,Entertainment,A13,
1f8e748e-ae57-4922-a706-7a69296bb55c,30-10-2025,Spotify,4263.31,inr,FAILED,,A29,Duplicate?
77f38e07-52be-4039-9ac7-90f776fbf127,2025/10/12,Shell Petrol,$2478.38,inr,Pending,Cash Withdrawal,A34,SUSPICIOUS
7e4c6c12-2b1e-4d5a-9855-ad713593b72e,20-05-2025,Spotify,88.85,USD,FAILED,Shopping,A44,Refunded
b9b98117-0cd3-458b-af0d-66d34066ab02,02-01-2025,Zomato,3875.05,USD,failed,Food,A18,SUSPICIOUS
,2025/12/10,Amazon,16.9,usd,FAILED,Other,A13,SUSPICIOUS
b23685b7-5971-454b-bf3c-7489a748b34a,2025/12/28,IRCTC,$1735.98,usd,Pending,Shopping,A8,Refunded
1786a57e-0ec1-420b-a9c6-394b54a54850,23-07-2025,Spotify,3107.69,USD,PENDING,Transport,A21,
a0d571ab-252b-4922-8e6c-66881bd2e4ea,2025/01/17,Amazon,81.58,USD,FAILED,Utilities,A44,
5f5e2060-e399-412e-8cc0-ebe935841392,2025/02/16,Netflix,233.57,USD,success,Cash Withdrawal,A3,
b0fc5831-0071-4ed0-b422-59980113d945,24-01-2025,Amazon,4602.8,usd,success,Cash Withdrawal,A9,
,03-09-2025,Apple,4135.18,INR,FAILED,Travel,A7,Anomaly check
d93a8562-5d5b-4e5b-b325-b78b601d601c,08-11-2025,Flipkart,323.72,USD,PENDING,Travel,A10,Duplicate?
48a239e1-368e-4358-ab08-ddf4cc09d7c3,17-06-2025,Flipkart,746.69,USD,failed,,A26,
fb6bcc73-549c-4b3c-a49b-bf961619142d,02-01-2025,Shell Petrol,4682.3,usd,SUCCESS,,A35,SUSPICIOUS
1a991073-4d73-4c38-a258-c8ee3f11d609,2025/06/14,Flipkart,3224.1,usd,PENDING,Healthcare,A30,
ef1a99a0-ff38-4196-9af1-a032b52baa88,2025/06/18,Apple,2538.06,INR,PENDING,Utilities,A49,
89098256-ca1d-46c0-8983-f7ca270ef3fb,2025/03/08,Uber India,3442.57,inr,failed,Healthcare,A22,Duplicate?
75241014-fe0f-4b23-b945-a29cdd93020a,22-01-2025,IRCTC,4929.17,INR,failed,Entertainment,A24,Anomaly check
72a85d43-23c7-4d73-8ebe-914c5345e9f8,28-08-2025,Ola,$1667.09,usd,failed,Shopping,A14,Anomaly check
9c2070d9-b7ef-4ad2-b905-a75d210b5fe5,2025/05/09,Flipkart,846.19,USD,PENDING,Shopping,A41,Refunded
65df9f64-f53a-4c47-a2cf-9fc7a2ae95a2,19-09-2025,Google,$392.5,inr,PENDING,Shopping,A48,
2bbfea6d-c175-4319-88aa-eeeb92273ec1,2025/02/06,Zomato,2973.37,INR,failed,Food,A35,Refunded
756aa5a5-1af6-4d72-b394-f107c473d1b6,03-11-2025,Swiggy,2289.83,INR,FAILED,,A45,Anomaly check
fb9d3656-447d-4464-93e0-a8d5c54f0546,2025/07/14,Local Bakery,2174.25,USD,success,Cash Withdrawal,A17,Duplicate?
,2025/01/23,Ola,2936.18,USD,FAILED,Entertainment,A22,Anomaly check
4026dfb5-4b82-4574-8031-725b9078735c,21-10-2025,Apple,4760.48,usd,SUCCESS,Utilities,A1,Refunded
e813522b-abdb-46ee-826a-593b7a1bc51d,2025/03/25,Netflix,1500.97,inr,FAILED,Utilities,A28,Anomaly check
aca3e4ee-db71-4b1e-a0fa-9e12c1bb640e,2025/03/22,Apple,1168.82,USD,Pending,Utilities,A6,Refunded
297f5770-b3cd-45f9-8b3b-b21e6dd470df,2025/04/12,Amazon,$4827.11,inr,PENDING,,A20,SUSPICIOUS
69639d24-05cd-4ede-8db0-e2b5b655f3a3,21-03-2025,Uber India,373.92,inr,failed,Other,A5,Duplicate?
faa84671-670c-420b-9e4b-92e434f206f1,2025/02/04,Flipkart,4729.23,inr,FAILED,Cash Withdrawal,A46,
ce35e226-d6ed-44d5-8336-27b8cfcf7863,2025/04/16,Spotify,3040.93,USD,SUCCESS,Cash Withdrawal,A30,SUSPICIOUS
96dfbb6c-38c8-4b71-bba1-78ec94935b50,13-03-2025,Google,2477.75,inr,success,,A43,Duplicate?
27236377-98c7-41f8-bdb9-e9e830fba8e0,08-04-2025,Zomato,1803.16,usd,PENDING,,A17,Anomaly check
ff124e32-f3b4-47ab-a241-9e7a9d7a672c,2025/04/02,Zomato,2355.69,inr,Pending,Other,A14,SUSPICIOUS
4138a6ce-6fcd-43f1-9f0d-e69ca6de2053,23-04-2025,Ola,$2639.17,USD,success,Food,A39,SUSPICIOUS
dccb2b6b-8789-41c8-9759-4f3d5c1db347,2025/01/19,Swiggy,$3352.37,usd,SUCCESS,,A14,Duplicate?
7e235fad-0132-494a-a0d4-169542f63847,2025/06/07,Uber India,2332.86,usd,Pending,Transport,A40,Refunded
a3ee6ee3-99cc-45b9-8204-99f84b92e51b,06-02-2025,Apple,1265.64,USD,success,Travel,A48,Duplicate?
3655cc51-1c5a-4aa1-97fd-2b0d69f8f91c,2025/12/15,Zomato,622.48,USD,FAILED,Other,A26,SUSPICIOUS
6a38ea5b-02e9-48b6-b6c3-d02a57fafb56,05-07-2025,Amazon,$2490.86,INR,PENDING,,A44,Duplicate?
b1be5ba5-b03e-4b97-9b53-83390ebe663f,24-06-2025,Apple,3036.76,usd,FAILED,Travel,A35,
,13-01-2025,Local Bakery,3659.16,usd,FAILED,,A33,
da3940ea-fec6-4ebc-9384-65b31de9df8b,01-01-2026,Netflix,3146.35,usd,PENDING,Transport,A13,Duplicate?
65f40594-1ac5-4c19-aa76-6af86e4c910b,12-07-2025,Ola,4748.57,USD,SUCCESS,Cash Withdrawal,A5,Refunded
c71379d1-76c7-48b3-9eb1-67353c03dcb6,2025/09/10,Swiggy,1596.52,inr,PENDING,Entertainment,A48,Anomaly check
677e3e7f-4102-451a-a40b-5088640c1ee2,2025/01/06,Netflix,$1834.01,inr,FAILED,Other,A9,
30cdadcb-40c5-4f23-b50b-bf4b957236de,04-08-2025,Amazon,3296.71,usd,SUCCESS,Transport,A33,Refunded
f067cbaf-6f6c-4cc8-b446-9316a7541a9e,2025/01/08,Netflix,3637.57,USD,failed,Healthcare,A18,Duplicate?
14801384-3018-4e4e-a4b5-e1c6f5f8a096,30-01-2025,Google,1717.45,INR,Pending,Healthcare,A9,Anomaly check
924091a0-82c5-4eb6-be62-b06c6dcb7ee4,08-06-2025,Apple,1386.14,INR,Pending,Travel,A11,Refunded
80fe5372-be3b-4acc-ba0a-6210e952f4b8,2025/09/20,Uber India,499.09,usd,PENDING,Entertainment,A49,Anomaly check
324d0bfe-1061-44e4-81bf-412928f8bf22,2025/10/09,Spotify,$881.59,INR,PENDING,Transport,A8,Anomaly check
b09b40e1-c499-4cc6-b959-fc7fd6a04ceb,2025/01/24,Swiggy,4280.66,usd,FAILED,Entertainment,A42,SUSPICIOUS
85ed55e2-dfed-427a-9252-0419cc05e0db,18-03-2025,Shell Petrol,$31.13,inr,Pending,Cash Withdrawal,A43,Anomaly check
122a9c7b-fb94-4b3a-9a11-c3c7ab49e9a1,2025/02/07,Google,$4305.32,USD,Pending,Healthcare,A18,Anomaly check
ff4e191c-d0b9-47bd-8d04-a15ec81c09f6,10-02-2025,Apple,3043.4,USD,failed,Other,A37,Anomaly check
,29-12-2025,Local Bakery,4262.39,INR,Pending,Transport,A9,
65719bb4-6cc1-46f5-a8c2-75829a46fbbb,08-06-2025,Google,675.81,USD,FAILED,Entertainment,A28,Refunded
c8881d5a-d831-438e-ba0f-de04e534d805,2025/10/19,Ola,187.04,inr,Pending,Travel,A6,
76b4f5e5-0977-432f-b864-5460f8096613,2025/08/21,Shell Petrol,2389.19,INR,Pending,Transport,A44,Anomaly check
497ed0a1-5f34-41b6-ae85-69df0112753b,2025/12/30,Local Bakery,3841.29,inr,SUCCESS,Cash Withdrawal,A49,
c6646598-51d6-482b-b6a7-0e99b2bc583e,20-10-2025,Netflix,3850.76,INR,Pending,Utilities,A23,Refunded
1410d95b-217f-4a5b-8421-72f3b603e961,25-02-2025,Zomato,3392.67,INR,PENDING,Transport,A41,Duplicate?
087da5b5-ea9c-40a3-b017-60a1466d14b4,2025/10/06,Local Bakery,42.35,USD,success,Utilities,A29,Refunded
baf5ef47-bed5-44a6-b090-9671e055513b,05-11-2025,Ola,$3274.19,INR,failed,Other,A1,SUSPICIOUS
eb0a9305-5929-4901-9349-271b167e1571,2025/11/01,Spotify,2241.1,inr,SUCCESS,Other,A50,Anomaly check
c01ef206-0f79-4f1b-b29d-6a67b19bc2f9,27-11-2025,Zomato,72.75,USD,SUCCESS,Transport,A5,
f760f138-9414-4c57-947c-5ca012e8abc5,2025/09/03,Amazon,$1261.24,USD,failed,Transport,A45,Duplicate?
0597dab2-ccb4-4910-8129-14b979e40137,04-12-2025,Ola,3894.4,INR,SUCCESS,Shopping,A42,SUSPICIOUS
5de79536-88a0-49d6-8cf3-954e36ed96dd,2025/06/05,Amazon,1264.28,USD,PENDING,Cash Withdrawal,A50,
e9a8c6d7-cca2-4858-8456-ca22e76f2bfb,2025/04/13,Local Bakery,2289.18,usd,Pending,Food,A30,Anomaly check
dabf6a47-1a36-4d15-b48b-98f237b7e183,22-09-2025,Spotify,3215.55,INR,SUCCESS,Healthcare,A39,Refunded
1ef375eb-09eb-400b-aad6-f6d76e767c33,01-08-2025,Google,3376.22,USD,failed,Utilities,A39,
f85f8357-1279-4f43-8507-b0ca61a87d52,01-07-2025,Google,2644.53,inr,PENDING,Cash Withdrawal,A46,SUSPICIOUS
0970aee9-571e-40cd-b406-8b38a67d990f,2025/05/14,Amazon,4396.54,inr,success,Travel,A25,Refunded
37e04786-78d8-42ee-a8d5-76b176e36beb,01-08-2025,Ola,153.81,usd,failed,Shopping,A35,Duplicate?
48983535-5c4c-41ba-802e-dcfeae52127a,27-04-2025,Amazon,$2811.52,inr,failed,Cash Withdrawal,A13,Anomaly check
87c88053-c380-4fae-8150-d00685cd3656,08-05-2025,Swiggy,4627.64,inr,failed,Food,A30,Anomaly check
87c88053-c380-4fae-8150-d00685cd3656,08-05-2025,Swiggy,4627.64,inr,failed,Food,A30,Anomaly check
8b2e1aeb-b615-4afa-9dc4-5122d23d9423,2025/12/13,Apple,4701.9,inr,Pending,,A9,Refunded
ee330b31-86fa-4b94-a16a-b9e204d7fae9,2025/08/15,Flipkart,$1162.28,INR,SUCCESS,Entertainment,A33,Duplicate?
0ede095a-4144-4a5f-9939-2943f7919352,2025/03/30,Zomato,1783.11,INR,PENDING,Transport,A2,Duplicate?
34c97754-c410-439f-841f-a4203834bcca,18-08-2025,Apple,2031.86,INR,success,,A30,
bd9f8953-9917-46ee-af97-c9b888c036e4,2025/12/24,Zomato,4080.79,USD,PENDING,,A43,Anomaly check
be77e9e7-dfbe-4f55-b3d2-ca5895259eaa,2025/09/30,Zomato,3859.06,INR,Pending,Transport,A14,Refunded
b6a10f18-89e7-4c7b-bd3d-77d0c5a32aa9,2025/03/31,IRCTC,1743.48,inr,failed,Travel,A24,Anomaly check
b6a10f18-89e7-4c7b-bd3d-77d0c5a32aa9,2025/03/31,IRCTC,1743.48,inr,failed,Travel,A24,Anomaly check
a9125c5e-6821-4b84-8cf6-2532494a93dc,2025/11/09,Google,2588.54,inr,Pending,Entertainment,A27,Duplicate?
7656a5d8-595a-452b-937d-6b92d9e8e5e8,27-12-2025,Swiggy,1784.02,inr,success,Healthcare,A43,Refunded
f78008b9-a852-4d54-b83f-ccce3499de44,2025/08/06,Swiggy,371.1,inr,FAILED,Entertainment,A29,Refunded
1fb912a3-0183-4ce2-8651-e51c4e394ace,05-07-2025,IRCTC,$2277.81,INR,PENDING,,A32,Refunded
421c76a6-f189-4160-8526-48bd9bf71a57,27-11-2025,Amazon,3982.29,usd,failed,,A18,Anomaly check
9a5495c2-3ce7-4a77-a5c2-8a19d313a380,2025/02/16,Ola,2908.08,USD,SUCCESS,Food,A12,Duplicate?
e49e1c49-86c0-4951-aab5-9f4a881096ca,2025/01/22,Netflix,1935.95,usd,success,Utilities,A15,Refunded
e49e1c49-86c0-4951-aab5-9f4a881096ca,2025/01/22,Netflix,1935.95,usd,success,Utilities,A15,Refunded
d1baee2c-77c9-42d8-96f2-f9e11fced305,03-05-2025,Ola,2071.96,usd,Pending,,A3,
826796ad-639c-43f2-8523-a22436313489,17-12-2025,Flipkart,2687.04,usd,success,Travel,A49,
659fdeea-a9ae-41f2-9004-89ddbf7338d8,07-08-2025,Ola,$3238.29,inr,FAILED,,A41,Refunded
176583f8-ad1e-4e02-9ab7-99d6781ea948,2025/10/24,Ola,2058.58,USD,FAILED,Cash Withdrawal,A23,SUSPICIOUS
a3735bf1-39e8-4778-808c-80014f8973b5,07-10-2025,Ola,$3494.26,USD,PENDING,Transport,A41,SUSPICIOUS
ea5a0c29-0f35-428a-87c8-399f780b816e,2025/10/23,Uber India,2964.53,usd,PENDING,Other,A47,Duplicate?
cc4c1781-6f64-4cec-889b-b7f187298e6f,12-06-2025,Flipkart,860.62,USD,failed,Transport,A11,Refunded
eafae257-6641-4b8c-8e20-adf9d217a844,07-07-2025,Shell Petrol,$3611.72,inr,success,Shopping,A47,Refunded
8f6a6900-f491-4293-b136-42a7ec436f0b,16-11-2025,Shell Petrol,$3517.45,USD,SUCCESS,,A25,
c3834368-351a-4cd7-9e3f-26a6c5acebac,25-12-2025,Apple,1872.23,inr,SUCCESS,,A33,SUSPICIOUS
98dec44c-5d54-45e9-84fe-32be71efb6dd,2025/05/14,IRCTC,$2868.09,INR,success,,A33,Refunded
f701a434-e480-45b0-b270-63f26f7c1989,18-11-2025,Swiggy,4545.69,USD,Pending,Shopping,A16,Refunded
ba5a8f19-ec42-4371-8161-b7dceeadad0c,17-05-2025,Ola,$2169.93,inr,failed,,A3,Duplicate?
4f31abc5-3ae5-42e6-b6cb-742fb3f1d26b,2025/12/20,Zomato,1455.78,INR,PENDING,Healthcare,A37,Anomaly check
a743fe3b-a72b-4f03-b6ff-61becb39045d,2025/09/27,IRCTC,821.24,usd,Pending,,A34,Refunded
,17-01-2025,Google,642.85,INR,SUCCESS,,A15,Anomaly check
03a1ebc7-a874-4990-b0ed-5cab85c16dcf,2025/10/27,Apple,4012.98,inr,SUCCESS,Other,A45,Refunded
83823e19-d01a-4009-b5db-bd124dc32ce8,2025/10/21,Amazon,2551.17,usd,SUCCESS,,A15,
f046b659-0981-4d53-980c-0a50808c82e1,2025/11/30,Netflix,4554.43,INR,success,Food,A32,Anomaly check
,2025/10/31,Swiggy,540.16,USD,PENDING,,A21,Refunded
41106cc7-2ee3-45a9-90fc-75dd3a5bca63,2025/06/28,Shell Petrol,4611.03,INR,PENDING,,A23,Duplicate?
,2025/08/21,Google,4614.85,USD,FAILED,Cash Withdrawal,A14,SUSPICIOUS
d07fab48-40e5-4a07-9865-e31614b37d95,2025/04/04,Local Bakery,162.67,usd,PENDING,Shopping,A18,Anomaly check
9e89a61e-6ffc-473d-b11f-a602388387ae,2025/01/10,Zomato,2670.11,INR,failed,Travel,A13,
3497f0ae-8ecf-4b82-8d98-02034ee69bd3,08-04-2025,Swiggy,$4845.16,USD,FAILED,Utilities,A49,
959e97d2-7236-4300-9787-a8c7da84d6a7,2025/12/28,Ola,2236.88,INR,success,Travel,A37,SUSPICIOUS
9338effc-808b-43c3-a2f6-3e44336b0680,12-10-2025,Google,$1880.09,usd,Pending,Food,A12,Anomaly check
7ead7eab-9fd1-4ef2-941a-871a911773f4,2025/05/19,Local Bakery,1873.98,usd,success,Transport,A44,SUSPICIOUS
7accc16a-b86a-42cb-b1f9-fe76f124a249,22-05-2025,Zomato,4543.88,INR,failed,,A49,Anomaly check
8b1ce7cf-c5e8-43a3-ad6a-56de5cdca6f2,26-06-2025,IRCTC,$2426.44,USD,failed,,A8,Anomaly check
,2025/03/16,Shell Petrol,2940.32,inr,PENDING,Other,A43,SUSPICIOUS
ab603b19-f004-445f-9229-61bc045c3a1b,2025/07/07,Ola,2035.55,INR,failed,,A6,Refunded
9e029650-51d2-4c42-b939-1f219e518433,2025/10/29,Flipkart,4100.8,USD,FAILED,Food,A14,Duplicate?
e9b5a03b-8e08-455b-84b8-ee7edfd3a658,24-06-2025,Netflix,938.22,INR,PENDING,Transport,A3,Anomaly check
cba3cbe4-f3e3-4bb6-885e-cf7f7593fb38,2025/02/16,Swiggy,2821.14,INR,SUCCESS,Shopping,A46,Duplicate?
a844052b-d439-44c6-8d90-90b41621dcf8,2025/02/20,Uber India,4010.5,usd,success,Utilities,A36,Refunded
7e9d8b84-7b0e-40b1-8abe-2e581279e329,12-11-2025,Spotify,3206.59,usd,failed,,A45,Anomaly check
473da5d5-4b1d-49e0-aaed-5f25e8c3c659,2025/06/14,IRCTC,2440.02,INR,Pending,Transport,A28,SUSPICIOUS
28445d6e-3dda-4e9a-8286-ec43e9c3b308,2025/11/24,Swiggy,3874.42,INR,SUCCESS,Travel,A12,Anomaly check
6b24e69c-94cf-4d23-920b-747dc39fb7ee,08-10-2025,Netflix,3023.03,usd,Pending,Healthcare,A42,SUSPICIOUS
9735b7dd-22f3-4e59-aa9b-bfdd4582d1e7,2025/05/02,Swiggy,4012.23,INR,success,,A15,SUSPICIOUS
18588cef-06bb-462e-8765-e2027647a16e,18-07-2025,Zomato,4701.56,inr,success,,A45,SUSPICIOUS
989f0633-b649-4578-9cb9-28358ae7441f,10-11-2025,Google,$3977.31,USD,FAILED,,A36,Anomaly check
c9902e9b-9cca-4651-b311-589d720ab5e3,20-09-2025,Ola,$901.5,USD,PENDING,,A2,SUSPICIOUS
52790435-2497-4467-89a9-057147f187f5,2025/02/04,Zomato,363.32,USD,failed,Transport,A14,
819d731a-19cb-479a-b9ba-91c5d543b5f1,2025/03/23,Uber India,3001.68,inr,success,Transport,A29,Refunded
3b5d2102-0915-4905-8af1-b66c226613bb,12-02-2025,Zomato,1809.31,INR,PENDING,Entertainment,A47,Duplicate?
3b5d2102-0915-4905-8af1-b66c226613bb,12-02-2025,Zomato,1809.31,INR,PENDING,Entertainment,A47,Duplicate?
a6484e0a-0dca-4d87-a890-c13c376f99cc,07-03-2025,Shell Petrol,$4586.56,USD,failed,Shopping,A28,Refunded
126ea78c-f92b-4dcd-93a7-12c18a9ebda3,2025/06/21,Ola,3454.03,INR,PENDING,,A38,Duplicate?
ed2d47a5-71da-4ff8-adf9-a49d30f7448d,2025/10/21,Zomato,4292.47,INR,failed,Utilities,A12,Duplicate?
de6f752a-aeb4-4933-a3a1-d98dda73d6ba,03-01-2025,Amazon,4307.51,INR,PENDING,Healthcare,A7,Duplicate?
b651c453-5545-4dd6-aaaf-11bdc1ecb805,12-12-2025,Uber India,1080.35,inr,PENDING,Travel,A11,
b3b89d5c-29d3-4032-991b-abe9deff1d58,2025/06/14,Flipkart,2075.57,inr,FAILED,Entertainment,A25,Anomaly check
56cb0ac9-8bb2-4e3b-9d62-301577558530,20-03-2025,IRCTC,3773.55,inr,SUCCESS,Other,A26,
7b94b046-39bc-46df-9369-d18bc60d20ca,2025/02/09,Swiggy,1938.28,usd,Pending,Healthcare,A20,Duplicate?
d4b6b8b4-0ced-4456-ba89-b6bed339faad,05-11-2025,Uber India,1810.48,INR,failed,Food,A13,SUSPICIOUS
bbcbdad9-3448-43fd-8076-9c759d61040e,18-08-2025,Shell Petrol,896.34,USD,failed,Other,A11,
f05da4d3-6d96-4db2-a2ad-43aed7aef45e,17-08-2025,Ola,1082.31,USD,PENDING,,A19,
1b73c136-8686-4796-86c0-55b7a5432b61,13-09-2025,Local Bakery,$426.18,USD,SUCCESS,,A49,Anomaly check
8d52b2b3-bb70-49de-8abd-35d85aee5671,2025/02/11,Amazon,3740.11,USD,FAILED,,A9,Refunded
a41d0633-4b57-4654-b554-dd7c632334ef,2025/08/10,Uber India,4457.57,inr,success,,A6,
d949130c-408d-4d44-bc87-5af8197560a2,2025/10/25,Apple,1208.94,INR,Pending,,A48,Anomaly check
1600468a-795b-4575-b3c7-b41e071622c1,2025/05/06,Ola,2099.05,INR,success,Cash Withdrawal,A48,SUSPICIOUS
5b1a966b-8ca7-4312-abcc-20c0a6e72471,06-10-2025,Ola,1960.96,USD,PENDING,Entertainment,A37,Refunded
d1ed8fd0-88cc-468f-9b9c-1e777802ae47,22-06-2025,Spotify,504.38,usd,Pending,Utilities,A31,Refunded
91053a10-a718-4991-b129-1b440564cab1,19-03-2025,Shell Petrol,4486.34,INR,SUCCESS,Shopping,A20,Refunded
bf53eda7-ea34-4524-a971-cc3ea91c3962,20-11-2025,Flipkart,3374.6,usd,success,Food,A38,Anomaly check
b19b42c0-5a59-46b5-8dd7-68a71b386f84,03-09-2025,Spotify,1169.11,USD,FAILED,,A28,
bf4d991c-53c8-417d-be26-1039746b1ff6,2025/10/18,Flipkart,620.07,INR,Pending,Food,A34,
8b49ee81-447f-435f-af1d-041481401d59,2025/08/22,Google,2599.2,USD,failed,Healthcare,A7,Anomaly check
,13-05-2025,Netflix,$839.76,usd,SUCCESS,,A36,Duplicate?
e4aa3c41-aa1c-4fdb-b4a7-032cbeb4f0ff,18-12-2025,Local Bakery,$3069.23,usd,Pending,Healthcare,A36,Refunded
9a9ecd41-52e8-4c13-8d63-7171fdc6141f,2025/06/11,Apple,197.06,INR,success,Cash Withdrawal,A31,
d33f042b-0bf2-4346-aedb-7173048aa29a,10-09-2025,Google,$265.53,inr,success,Utilities,A12,SUSPICIOUS
710bb371-93ed-423b-ad7b-1f4fc8ba2403,31-12-2025,IRCTC,4011.62,usd,PENDING,Cash Withdrawal,A21,SUSPICIOUS
,25-02-2025,Amazon,3712.04,USD,Pending,Shopping,A34,Anomaly check
25bfd68b-c77b-4ea0-aa67-d96a47cafe66,02-09-2025,Amazon,$1416.84,inr,failed,Other,A7,SUSPICIOUS
70107097-a796-4753-b781-f52d87b610cc,01-09-2025,Swiggy,$91.61,USD,SUCCESS,Cash Withdrawal,A4,Anomaly check
eec1c76a-d3c1-49c0-801a-ee7fec21b178,2025/09/12,Shell Petrol,4396.34,USD,FAILED,Healthcare,A7,Anomaly check
f9a570f7-3e85-426b-89cf-21e0765c5d32,2025/05/08,Apple,$3910.13,USD,success,Cash Withdrawal,A15,Refunded
5ef7f0cc-9f8a-4818-b36b-e48432db0282,2025/11/23,Amazon,1827.8,INR,success,Transport,A13,SUSPICIOUS
50da2cb3-2130-43f8-82c5-9130980b593c,2025/12/19,Uber India,2710.84,inr,PENDING,Healthcare,A49,Duplicate?
677c4fb7-6b7f-400c-8c79-3ea5b46ce742,16-09-2025,Zomato,528.85,USD,success,Utilities,A3,
2d4cfeeb-47a1-4830-b6d1-d7c95d432e8e,2025/12/06,Apple,$3158.87,INR,FAILED,Utilities,A13,
1ecb51d6-622e-448e-9e53-950daaa48bf0,2025/11/03,Local Bakery,4826.73,usd,PENDING,Other,A46,Duplicate?
a653331e-2c5f-4498-a713-ca727f63194b,15-11-2025,Amazon,173.94,USD,SUCCESS,Other,A50,Duplicate?
3b0aac5b-bfef-477a-a077-d09e87ea1c08,17-04-2025,Google,1736.64,usd,FAILED,Transport,A15,SUSPICIOUS
4ecf5121-7ed8-478e-8974-3b881c41aa25,13-08-2025,Shell Petrol,$2143.56,USD,SUCCESS,Transport,A26,
c6209c30-6abe-40bc-8ad3-b7f3f6c6c802,23-06-2025,Amazon,37842.37,usd,SUCCESS,,A24,Refunded
767dadc1-0849-4e9f-a36c-977e6816ee54,2025/05/29,Flipkart,2301.85,inr,FAILED,Transport,A49,Anomaly check
48a7489a-1fa7-4de2-80a1-24525f066954,2025/11/29,Apple,3182.82,inr,failed,,A49,SUSPICIOUS
d5311a3d-f519-4d30-b00c-ff8c6a954fdb,2025/07/30,Netflix,4339.5,usd,failed,Other,A18,
1b824d61-2f6d-4cfa-a245-e5320a25927e,29-08-2025,Zomato,3630.01,USD,PENDING,Healthcare,A34,SUSPICIOUS
38566305-cc0c-42c9-949e-1dc6536ddc2e,2025/08/24,Amazon,334.26,usd,failed,Transport,A39,Duplicate?
,2025/05/22,Zomato,4618.16,USD,failed,,A31,Duplicate?
8577aae5-df97-4d73-950c-b3f3f15d349b,18-09-2025,Netflix,2571.02,inr,SUCCESS,Cash Withdrawal,A43,Duplicate?
5551a566-8b0e-4344-920f-24d1a8612897,2025/05/14,Apple,$4043.94,usd,Pending,Other,A18,Refunded
619975e4-40bf-4dce-84a0-a9ba0383bae4,2025/09/29,Zomato,2546.23,INR,failed,Transport,A27,Duplicate?
e3858abf-19db-4d67-904b-3c745797689b,2025/08/24,Apple,627.13,usd,FAILED,Shopping,A41,Duplicate?
15af8ec1-63ee-4a80-97b2-40734ecd3fe4,16-12-2025,IRCTC,2228.6,USD,failed,Travel,A5,Refunded
ad90dea0-c151-47e0-b58e-712eaacf61f8,13-03-2025,Shell Petrol,2922.93,inr,PENDING,,A44,SUSPICIOUS
ad90dea0-c151-47e0-b58e-712eaacf61f8,13-03-2025,Shell Petrol,2922.93,inr,PENDING,,A44,SUSPICIOUS
ec826209-c992-4572-aa67-a25f0105faf3,2025/07/07,IRCTC,645.76,INR,PENDING,,A47,SUSPICIOUS
bfcfe6cb-bd7b-4ce2-8ee1-44f2b1b41351,2025/08/29,IRCTC,4272.54,USD,SUCCESS,Shopping,A12,Anomaly check
41eb68e4-5009-41a9-86ad-40ae7fc46fc5,17-09-2025,Spotify,4635.05,INR,FAILED,Entertainment,A50,Anomaly check
33a29737-f86a-401f-b305-1049b298d55e,2025/03/04,IRCTC,1153.34,INR,PENDING,Healthcare,A50,Duplicate?
09d1b72e-b7b7-4a63-94fa-f255a207bf8d,27-11-2025,Zomato,3192.31,USD,SUCCESS,Shopping,A34,
1b0d1ada-6bda-4647-b39f-2afc60b40c55,27-12-2025,Uber India,4137.12,USD,Pending,Food,A42,
fdd18f67-2d7e-4ffa-8d31-0de22c9c442a,19-05-2025,Google,$3352.7,USD,success,Travel,A28,Duplicate?
c7705204-cd15-482c-aac6-962a7b3db3a3,2025/12/29,IRCTC,$2508.9,USD,failed,Food,A45,
,2025/11/05,Amazon,4818.15,usd,Pending,Transport,A2,SUSPICIOUS
230d0e52-eb85-436f-bcc8-f244871f2030,2025/01/10,Spotify,4112.67,INR,PENDING,Healthcare,A7,Anomaly check
44e7f227-8dc4-41f2-ad4e-3a28dcc6cdb6,21-12-2025,Local Bakery,$3332.74,INR,PENDING,Cash Withdrawal,A24,Refunded
0c49ae8d-187c-4477-aa18-96841f6f5448,2025/03/11,Apple,3766.62,INR,Pending,Other,A3,Duplicate?
d458fac7-e282-4c45-be3c-f4b1e3c55a71,2025/01/25,Amazon,1150.77,usd,PENDING,Entertainment,A36,Duplicate?
5a2e308c-8ea1-4d6b-b2f7-7659f97d6b44,29-08-2025,Swiggy,3930.93,USD,SUCCESS,Food,A8,SUSPICIOUS
bb288eb1-735b-4959-b7a1-2e883a5096f8,31-07-2025,Amazon,2026.68,usd,FAILED,Entertainment,A45,Anomaly check
87e567eb-7e4b-4915-821c-05c59f38803d,13-11-2025,Uber India,2700.68,usd,failed,Other,A32,SUSPICIOUS
13f80d74-1dc8-4b78-be8a-5624f0789911,31-07-2025,Shell Petrol,$4593.35,usd,success,Shopping,A50,Duplicate?
e420d1de-9b72-41d5-a093-f7c1e6850d74,2025/10/14,Ola,$2862.67,INR,failed,Shopping,A44,Anomaly check
e420d1de-9b72-41d5-a093-f7c1e6850d74,2025/10/14,Ola,$2862.67,INR,failed,Shopping,A44,Anomaly check
dd1a1619-df38-4465-9d99-597c2b20ce8a,04-05-2025,Shell Petrol,2364.44,USD,PENDING,,A20,Refunded
e1347338-552b-4dba-849e-d76ec8213b67,20-04-2025,Shell Petrol,3925.78,USD,FAILED,,A47,Duplicate?
,15-05-2025,Shell Petrol,$4297.22,usd,SUCCESS,Other,A8,Refunded
bab538de-54ed-424e-bb9d-0bf5755be831,2025/06/30,Flipkart,4024.77,usd,SUCCESS,,A47,SUSPICIOUS
23e65547-12fd-4a43-81f6-530e48000dc4,2025/10/06,Netflix,$2979.19,usd,success,Healthcare,A10,SUSPICIOUS
b3c6b301-5e5b-4010-9383-9b16c32e1b55,2025/11/18,IRCTC,$2433.48,USD,FAILED,,A20,Refunded
16f65db7-07fe-45e3-86cf-3d69172e6d59,19-05-2025,Swiggy,2876.29,INR,FAILED,Utilities,A9,Duplicate?
5c856065-127a-4e6e-bd3c-aa0882db8599,2025/08/30,Spotify,1808.8,usd,Pending,,A49,
5c856065-127a-4e6e-bd3c-aa0882db8599,2025/08/30,Spotify,1808.8,usd,Pending,,A49,
b1980a0d-d76d-4ba9-a80d-7f56f37fffc5,2025/03/30,Netflix,4595.38,inr,SUCCESS,Cash Withdrawal,A29,Duplicate?
9831f6bc-1e08-4e5b-a6ce-7048aa199def,22-12-2025,Local Bakery,528.62,INR,Pending,,A7,Duplicate?
8e947244-07c7-4067-b870-397b7cd9729d,2025/04/13,IRCTC,$3721.23,inr,Pending,Transport,A30,Anomaly check
2730d91a-18f3-475e-a657-8a7d3e0807a1,24-09-2025,Ola,2122.53,USD,PENDING,Transport,A15,
61f80fca-cd55-4aca-ba4c-884dd2998660,2025/07/09,Zomato,3421.19,INR,SUCCESS,Utilities,A28,Anomaly check
ecce860f-99b6-4f51-89d4-4596e5ed3a14,13-07-2025,Amazon,$4123.67,INR,PENDING,,A28,
50542b7b-8547-475e-b4f6-86a1f40e9545,22-06-2025,Netflix,37977.53,INR,Pending,Cash Withdrawal,A11,Anomaly check
a19e6bda-a95d-4d8a-ad0d-6e1971fe29d9,2025/03/25,Shell Petrol,4159.29,inr,Pending,Other,A38,Refunded
6de95fbc-c009-4843-a9b2-3993e0ab06b3,08-07-2025,Ola,3480.12,USD,success,Transport,A50,Anomaly check
13d69781-1117-4ef3-a9a4-41afaba13d8b,07-06-2025,IRCTC,2128.87,INR,FAILED,,A18,Refunded
2fdb3716-9235-4087-8cc3-a5bd78565c80,2025/01/20,Ola,1173.52,usd,failed,Travel,A43,
8b3a7fa6-a149-4ef0-bbb4-86e1a025ddee,01-09-2025,Ola,4273.19,USD,success,Food,A27,Anomaly check
4e94fdd0-2714-4bf8-bb92-20d2d70af327,2025/11/15,Flipkart,1925.57,INR,PENDING,Shopping,A4,Duplicate?
ebf0ab6e-b23f-4305-adeb-abb2583eeae0,05-12-2025,Uber India,4836.08,usd,FAILED,Food,A34,Anomaly check
d5b1ea25-6d5f-42dd-9ce5-7caa35a7f377,19-07-2025,Apple,827.24,INR,success,Shopping,A44,SUSPICIOUS
f4695ebf-f01a-4ad7-85f9-c9e0f80c459d,2025/03/13,Flipkart,1375.73,inr,Pending,Healthcare,A1,
73bf53e8-7609-447a-bc4b-2e8111e5337a,05-07-2025,Zomato,4238.19,USD,FAILED,Utilities,A18,Anomaly check
676675e1-08e9-4942-ad90-332d50d2a1cf,18-04-2025,Amazon,2562.57,inr,Pending,,A5,SUSPICIOUS
36176c59-a3be-4332-b0e7-66e17247dcc6,22-03-2025,Local Bakery,$4166.35,usd,SUCCESS,Healthcare,A48,SUSPICIOUS
2af877a5-37d9-456a-b2a2-09253011ccc2,21-06-2025,Zomato,198.71,INR,failed,Food,A28,SUSPICIOUS
763feb18-e7ed-4541-a4ae-b74d6c3483e8,2025/05/19,Zomato,$3338.9,INR,SUCCESS,Other,A19,Duplicate?
1ff1f63a-f2dc-4986-9b3f-a2ff8040a0d5,2025/02/21,Netflix,$3898.44,usd,FAILED,Utilities,A32,Anomaly check
6b3fecdb-4459-4f3e-9161-7ff94b9e34b3,13-09-2025,Swiggy,3888.82,usd,success,,A31,Anomaly check
8e4a1d2c-303b-471b-9fc2-83aedbbf3614,25-02-2025,Netflix,3782.14,inr,PENDING,Transport,A24,Duplicate?
832946e2-db78-4c97-97ab-68c9f6e2e404,04-11-2025,Swiggy,141.53,usd,failed,Other,A16,Duplicate?
,16-02-2025,Amazon,3056.42,USD,FAILED,Travel,A48,
6225a76e-7261-4ab5-9688-4a2a455955f6,14-06-2025,IRCTC,$3749.15,inr,FAILED,Other,A28,
c3664386-902c-41a1-aa30-52d27658dd45,2025/11/13,Zomato,859.35,USD,failed,Healthcare,A33,Anomaly check
4dbbd746-7e0d-4c4c-8b0d-0f45ec3fe486,2025/02/08,Netflix,3931.46,inr,success,,A38,
1ef9616f-cef3-412c-a3e2-57e87459070a,2025/04/01,Ola,1734.42,USD,SUCCESS,,A18,Duplicate?
6167aa59-b36e-4e7b-9afc-3b7bac01bfaf,2025/02/22,Flipkart,$3097.43,inr,success,Healthcare,A18,SUSPICIOUS
6850edcf-76be-4541-95b7-1fb3a9eb1e88,01-01-2026,Google,4628.98,usd,FAILED,Utilities,A23,Duplicate?
16c808b4-5050-436f-9591-5a53db367cb5,04-11-2025,Zomato,2465.0,usd,SUCCESS,Utilities,A26,Refunded
472d1dd8-d69c-4f59-b7c9-4e21fbacef9c,2025/05/02,Local Bakery,$4447.15,INR,FAILED,Shopping,A19,
472d1dd8-d69c-4f59-b7c9-4e21fbacef9c,2025/05/02,Local Bakery,$4447.15,INR,FAILED,Shopping,A19,
,06-07-2025,Flipkart,$1107.07,USD,SUCCESS,Entertainment,A25,Refunded
826e2e7f-1f21-46b1-b33f-e3c976d72ab0,24-12-2025,Local Bakery,2430.85,inr,failed,Other,A21,SUSPICIOUS
98ff9f71-6d70-463b-b390-0c6ccc59c6c3,29-09-2025,Uber India,2729.08,usd,SUCCESS,Utilities,A30,SUSPICIOUS
7be77e6b-4320-4a68-8a0f-933556df8d70,2025/10/19,Local Bakery,3257.07,INR,success,Entertainment,A34,Duplicate?
026a4d5f-06d2-4f4f-aa89-3e21c7e4cc90,17-10-2025,Shell Petrol,209.78,usd,Pending,Cash Withdrawal,A40,Anomaly check
180f7190-add6-4aa8-98cb-27adefd8e422,2025/10/14,Uber India,$1339.75,inr,Pending,Utilities,A21,Anomaly check
f3846347-ad2d-43a4-85ea-d42e83576b7f,2025/07/31,Apple,55.24,usd,FAILED,Transport,A15,Duplicate?
b9d74019-ee5b-4f8c-a55d-77f002141ca4,2025/09/22,Google,4680.49,INR,SUCCESS,Other,A37,SUSPICIOUS
,2025/03/15,Flipkart,4356.97,INR,failed,,A25,
ace780f4-dc1c-40f6-9d43-9c5f5aa05e2e,09-07-2025,Zomato,2343.31,USD,FAILED,Travel,A33,SUSPICIOUS
1b89a19b-4dc0-4ef7-bffe-a741d66f70dc,2025/02/06,Local Bakery,1989.9,usd,SUCCESS,Entertainment,A11,SUSPICIOUS
c8c0f932-afd2-4a88-b69f-886de7cc2017,17-12-2025,Netflix,1560.23,USD,SUCCESS,Entertainment,A1,Refunded
bce739f4-c5e1-44bd-9e85-03a3199c99fa,08-09-2025,Apple,1420.1,usd,PENDING,Travel,A44,Duplicate?
d9f7ae78-0d54-4a5c-9eed-da57cb0d7f10,07-07-2025,Ola,3663.27,USD,PENDING,Shopping,A22,Duplicate?
6846b2b0-0b2a-4449-918d-fdde28098aa2,24-06-2025,Flipkart,4516.69,usd,PENDING,Shopping,A18,Anomaly check
dba02413-4b2e-4bdc-ac56-79ec96f48548,14-07-2025,Zomato,1268.14,USD,PENDING,Transport,A12,Anomaly check
86a94021-aede-4f10-86d7-610a7ca6e75e,2025/10/12,Local Bakery,4200.47,usd,FAILED,Transport,A18,Duplicate?
48e0785d-c41e-4c0c-9d72-f09acc30b985,2025/07/05,Zomato,$3596.7,USD,FAILED,Healthcare,A48,Anomaly check
49754cce-39a3-4483-9a93-2c321cbc7a1b,2025/05/08,IRCTC,429.38,INR,success,,A30,Anomaly check
cbcca987-f435-4978-9b5b-745484265803,02-01-2025,Apple,4986.38,inr,SUCCESS,,A21,SUSPICIOUS
759d437e-e154-4c5d-9573-b8bc74487f1b,06-07-2025,IRCTC,479.75,usd,FAILED,Food,A49,Refunded
9cb69450-7a41-4252-8a78-ff16ad3d6b20,19-05-2025,Spotify,$802.97,INR,success,Travel,A15,Anomaly check
d6211e6f-ab30-40d7-960e-46ef131e090a,04-10-2025,Flipkart,630.56,INR,PENDING,Transport,A14,Anomaly check
90b2cf80-ba30-4b86-aa7c-f8a974307985,15-11-2025,Ola,4066.27,USD,PENDING,Transport,A43,Refunded
dc88cfb9-12de-453e-9b51-81d0d282ae75,05-04-2025,Swiggy,1212.69,inr,Pending,Other,A20,
3fe6b513-0a11-4f65-83c2-b580e4125e6c,2025/12/17,Ola,3839.88,USD,FAILED,Healthcare,A34,
19dba7e6-6ac5-48b0-803e-d0b43aa41d78,2025/07/28,Flipkart,1282.49,inr,SUCCESS,Cash Withdrawal,A17,Anomaly check
432c6133-612b-4380-9cd4-a982098f0637,2025/02/03,Ola,$4565.84,USD,PENDING,Travel,A22,Refunded
1726e5cf-db0a-4d4e-95a6-a157d503f2d2,19-05-2025,Local Bakery,4685.62,USD,PENDING,,A33,SUSPICIOUS
ea64fde5-e6bb-4e78-bca9-9fefa283ea91,2025/08/27,Google,1616.59,inr,PENDING,Travel,A50,SUSPICIOUS
8b8325d3-30ca-4e28-92da-ed9f652b7fbc,12-08-2025,Local Bakery,729.47,usd,SUCCESS,Cash Withdrawal,A32,Refunded
37f78eff-d427-4c12-9d97-e4aae583a4b4,2025/03/29,Zomato,3204.51,usd,success,,A29,
c7394bb7-4574-4020-ae35-0d79b1462c01,22-05-2025,Swiggy,1983.36,USD,Pending,Travel,A50,SUSPICIOUS
0811d479-ee48-48e8-a3a1-9114ddaf1994,03-08-2025,Ola,$1724.2,INR,FAILED,Shopping,A46,Anomaly check
c847f78a-412a-4589-80cc-ba3f0fba01f7,23-05-2025,Uber India,3131.14,USD,PENDING,Travel,A3,SUSPICIOUS
0291593d-7349-416c-952e-7752909795f8,2025/11/22,Google,4908.59,usd,SUCCESS,Other,A40,SUSPICIOUS
e09af8df-12af-4206-b551-ee82c647ffaf,2025/05/12,Local Bakery,3337.81,usd,success,Shopping,A13,Refunded
4f20fa20-447d-415b-94bc-9a804f5efd4d,2025/06/14,Spotify,1992.86,usd,failed,Cash Withdrawal,A17,
d0315ade-5e2c-4758-aa46-a4cf37fd5f27,22-06-2025,Flipkart,1247.73,usd,SUCCESS,Utilities,A49,SUSPICIOUS
a753ab8f-c826-4575-ace2-eb838efdfa82,2025/10/09,Swiggy,$4566.46,USD,SUCCESS,Utilities,A50,SUSPICIOUS
73b94a0a-69fb-45ff-ad93-d2ff5215efb3,03-04-2025,Uber India,4407.69,inr,failed,Shopping,A6,Anomaly check
3963c1b0-dcac-4ff3-979d-fccbf4009ff5,25-08-2025,Zomato,$2091.65,inr,failed,Transport,A37,
dfe5b3f8-44c9-4b4d-864a-ad08d5415af8,28-03-2025,Local Bakery,$4766.19,INR,success,Transport,A22,Anomaly check
c020a4d2-b35b-4cb8-9591-9c5a015178c9,16-10-2025,Amazon,3636.99,usd,failed,Food,A43,Refunded
393c2306-1bdb-465f-bbef-6c9d6e36b0b6,03-04-2025,Flipkart,3838.09,usd,failed,Transport,A49,SUSPICIOUS
33e9ed7a-3751-4e65-b1df-5a2136022a05,2025/01/10,IRCTC,3888.47,USD,SUCCESS,Travel,A34,
9d436cfd-d71e-46d9-8f8d-d876ae58bcc1,31-07-2025,Shell Petrol,1653.95,usd,failed,,A23,SUSPICIOUS
b804fc66-6aa2-4412-a054-0571353657e9,2025/03/25,Flipkart,3285.13,usd,failed,,A46,Refunded
69be855a-90f2-4df9-afbd-a4f1c551c609,22-02-2025,Netflix,$1471.35,INR,failed,Utilities,A3,SUSPICIOUS
f88835b8-8c96-4d7c-8a96-c9249fdb50e2,02-08-2025,Apple,296.01,inr,failed,Entertainment,A22,
ca1bb1c7-1757-4763-91d9-33aec30329f1,2025/11/01,Spotify,3935.28,usd,PENDING,Food,A44,Anomaly check
16bf633a-82df-4761-bc38-5896cb07ae09,29-12-2025,Google,4979.46,inr,Pending,Cash Withdrawal,A23,Anomaly check
6eed484f-8819-4aea-8034-4001e5e8a15b,2025/12/29,Apple,3029.46,usd,FAILED,Other,A6,Anomaly check
eb721ea7-a527-4e44-a599-3b54c97d1637,2025/12/01,Zomato,$4919.02,INR,success,Entertainment,A2,Duplicate?
84a825e4-348c-4071-b56a-d19cfe490118,22-12-2025,Netflix,1241.37,usd,FAILED,Transport,A47,Duplicate?
019a160a-14d3-494f-a0af-209b1fd76999,2025/08/04,Amazon,3745.76,USD,PENDING,Shopping,A8,Refunded
0fe152d4-d82b-4fa4-bf45-863abb15f7a8,02-11-2025,Zomato,1126.96,inr,success,Shopping,A1,Refunded
2a6c8258-51eb-420a-ad6c-38ad182e65a4,09-03-2025,Zomato,$4505.26,USD,SUCCESS,,A14,
4026f51c-e104-4f73-b938-14cbea903ccf,2025/08/24,IRCTC,4053.39,usd,PENDING,Cash Withdrawal,A15,Duplicate?
0372ee65-7822-4c2a-a785-c794a5debcd7,15-12-2025,Local Bakery,$4690.86,USD,failed,,A5,Anomaly check
85fce8af-8fd7-4530-827f-1a000fe8b430,2025/05/12,IRCTC,$420.8,inr,Pending,Utilities,A19,Refunded
ee0798bb-9c3a-4c0d-8098-df6f8c3d202e,2025/11/19,Apple,3213.61,inr,failed,Shopping,A33,Duplicate?
4a8606d6-5473-4394-a162-6fdd8198d47d,2025/12/28,Shell Petrol,3918.5,usd,FAILED,Other,A29,Anomaly check
eac2ab63-24d8-4a87-879c-06214e68f42f,27-01-2025,Swiggy,4552.97,INR,SUCCESS,Healthcare,A20,Anomaly check
a649ec50-6def-43f7-94e6-cb881c9c70c1,08-04-2025,Local Bakery,$1706.5,INR,PENDING,Transport,A9,Anomaly check
a927095e-5846-416c-a429-fa0211f197eb,12-12-2025,Shell Petrol,3990.68,usd,FAILED,Entertainment,A50,Duplicate?
81ff314c-7899-48ca-b123-87ce86a0441f,27-09-2025,Shell Petrol,4896.78,INR,failed,Transport,A44,Refunded
b7d26fe6-3267-43f0-83a3-1f909697b2d8,2025/04/19,Zomato,181.98,USD,PENDING,Healthcare,A35,Duplicate?
466b3cef-2ae4-4528-8f0a-7bc29c040fc6,26-11-2025,Flipkart,3606.62,usd,Pending,Travel,A19,
096618fb-59b0-4839-8b10-615685132f77,07-02-2025,IRCTC,4897.82,usd,failed,Healthcare,A3,SUSPICIOUS
de9cbb1e-7276-4173-9ed2-099d284c40ed,04-11-2025,Shell Petrol,$3973.69,INR,failed,,A50,SUSPICIOUS
,18-12-2025,Flipkart,4801.91,inr,FAILED,Travel,A9,Refunded
a5488b4b-1ed7-42ba-afda-f2fad84042d0,2025/02/26,Uber India,379.91,inr,failed,Food,A42,
e56bf84e-fd3a-4a88-a5f7-72ab281a3b08,23-04-2025,Uber India,2516.06,inr,success,Other,A41,Refunded
9b6dae5b-295e-45cb-972d-812dad38ea7b,31-12-2025,Spotify,3006.01,USD,success,,A43,
e5cc4779-3969-4db4-b6c8-0cae187015f2,2025/05/07,Google,1734.84,INR,SUCCESS,Entertainment,A32,
114a6fa8-19b9-4fba-acfe-b234b21ab000,02-04-2025,Spotify,2004.54,inr,SUCCESS,Utilities,A7,Refunded
23c0ade0-0dc5-4847-8b81-bb426bdde742,22-05-2025,Google,3982.03,INR,Pending,Transport,A30,Refunded
,2025/11/21,Spotify,4959.3,inr,failed,Entertainment,A13,Duplicate?
e0aaf702-b26d-47ac-95b0-0808dfa8143b,22-10-2025,Flipkart,202.28,usd,PENDING,Cash Withdrawal,A16,
7e4c092d-35c7-4e79-a8a3-2a3156432777,2025/03/15,Ola,4823.1,USD,FAILED,Transport,A13,Anomaly check
8a312d72-7fb9-4aba-8b8e-a7996bd5eeb4,11-07-2025,Spotify,2598.24,USD,FAILED,Utilities,A35,SUSPICIOUS
375f298b-ee35-47c1-9cdd-4945c198df8c,2025/12/19,Local Bakery,3858.02,usd,failed,Entertainment,A49,SUSPICIOUS
eda1613a-03ef-4ebd-8651-203aa7721693,2025/03/09,Google,2364.99,INR,SUCCESS,Transport,A19,
bc1f6dc0-b5bb-4736-9cf1-011322b6ed16,2025/11/20,Shell Petrol,2650.84,usd,FAILED,,A20,Refunded
3bc59e14-b947-40e7-b137-bc4f165eff60,2025/01/28,Zomato,2397.52,INR,failed,Food,A28,SUSPICIOUS
2f675722-82a7-4c35-acff-e04c7f31cd84,19-06-2025,Netflix,1133.71,INR,failed,Utilities,A2,Duplicate?
4a4bf39a-2b01-4094-ba78-176b98670553,30-03-2025,Ola,4442.44,INR,FAILED,Utilities,A48,Anomaly check
8ce864ce-5725-4a79-88a5-4d5c79aa1708,2025/07/15,Spotify,2866.25,usd,Pending,Healthcare,A4,Duplicate?
93e60754-1602-436a-82c8-5d534784761a,2025/01/17,Flipkart,2879.8,inr,PENDING,Healthcare,A29,Anomaly check
ee29d4d5-0011-459c-b1df-7a930425c197,18-12-2025,Shell Petrol,80.62,INR,Pending,,A14,Duplicate?
403992b8-645d-4480-b3a1-38da1baf9564,01-12-2025,Zomato,969.66,USD,success,,A48,SUSPICIOUS
d5ce67c3-a5a1-4869-a251-3b4f8694d883,17-08-2025,Uber India,4935.31,USD,SUCCESS,Healthcare,A23,Refunded
e4d43a3b-25e1-482e-aae8-c707d633af59,2025/11/09,Ola,119.35,INR,SUCCESS,Food,A40,Anomaly check
bae9ebaa-f4cd-4848-9189-1bbf20b4d063,02-01-2025,Swiggy,2778.57,INR,failed,Other,A7,SUSPICIOUS
84dbf9bd-ee73-4b02-8013-eb2dc7153241,2025/12/04,Google,3757.61,usd,PENDING,Shopping,A18,Anomaly check
ec28ee48-4dd4-4560-86d5-a835a0835b74,2025/05/29,Local Bakery,1343.6,INR,FAILED,Entertainment,A7,Duplicate?
3f5bdcb7-6c50-459e-8590-b49aa45cafce,08-03-2025,Swiggy,$486.11,usd,SUCCESS,Utilities,A31,SUSPICIOUS
330df72d-8775-4b8b-a328-7afa8550db47,09-06-2025,Swiggy,4045.69,inr,PENDING,Utilities,A41,Refunded
a93c58f7-fe37-4484-b013-d1cc6644883e,17-10-2025,Spotify,$2237.71,inr,success,Food,A49,Refunded
01306033-b317-4be1-83ba-f64ba56ec92d,05-12-2025,Swiggy,$28.03,inr,FAILED,,A1,Duplicate?
b7449b27-6620-41f9-9911-41905d5d80d5,2025/11/14,Shell Petrol,2703.87,USD,SUCCESS,Entertainment,A27,SUSPICIOUS
a18b1b88-397a-441f-88eb-1aa0990c0487,2025/03/26,Swiggy,3813.12,usd,Pending,Travel,A29,
ba190016-fc24-4f47-b092-ccffd01814e5,28-10-2025,Spotify,3724.69,INR,failed,Healthcare,A36,Anomaly check
cde992b8-6680-435f-80f8-3f34a7e84a2b,18-11-2025,Spotify,2615.39,usd,Pending,Food,A3,
54e5261b-79f9-4a2f-a496-3adf7f45c94d,23-04-2025,Uber India,2358.59,INR,success,Entertainment,A8,Duplicate?
31b54974-40c4-414e-8cf8-f7527873c2b0,2025/04/07,Netflix,4276.03,usd,PENDING,Shopping,A5,Anomaly check
ef22d067-0099-45f7-b596-4b66b6db7596,18-03-2025,Spotify,2392.01,inr,SUCCESS,Transport,A36,Duplicate?
2b961dbf-5f07-4146-9200-4152afe3c655,2025/06/27,IRCTC,2425.41,USD,FAILED,Shopping,A37,Anomaly check
f318257a-385a-4c07-833b-fb293945d390,2025/08/16,Flipkart,2483.77,USD,success,Travel,A28,Anomaly check
4d8530a8-e59e-44a2-9755-fb7046e696df,22-08-2025,Flipkart,440.69,INR,Pending,Entertainment,A4,Refunded
b3b2880a-f0dd-4406-882e-cc4d4cd330f0,19-06-2025,Amazon,$4711.74,usd,success,Food,A22,
01c570c1-4c6a-4170-b974-ccc388129e49,11-12-2025,Apple,2013.18,INR,SUCCESS,Utilities,A42,Duplicate?
cc428e24-bd89-49e4-967b-36e530bf7628,2025/01/18,Netflix,4644.91,usd,success,Shopping,A41,
,28-04-2025,Flipkart,3989.35,USD,failed,,A25,Refunded
35f274c3-eeec-431c-b2ab-98b320c20448,23-06-2025,Local Bakery,1403.16,usd,FAILED,Transport,A29,Duplicate?
802c15f4-2676-4dd3-b2a0-49829f3882f9,02-07-2025,Uber India,4309.68,INR,PENDING,,A49,
59be171c-9002-498b-b51b-b672450c1e57,2025/09/02,Spotify,$3719.14,usd,FAILED,,A22,Anomaly check
7f31fbaa-f946-4524-b050-d41ffd5ce6fa,2025/12/31,IRCTC,2242.1,usd,FAILED,Travel,A27,Refunded
d78bfdd1-fce3-4c1a-8495-39addf948f28,31-12-2025,Uber India,3701.18,inr,SUCCESS,Shopping,A32,Anomaly check
a15043d4-a017-4bf7-b5d3-3fe7ecc7020e,2025/06/10,Swiggy,1121.99,USD,success,Shopping,A45,SUSPICIOUS
94a00bf4-3eea-48e3-889b-948b10b8092d,17-10-2025,Netflix,1305.06,INR,FAILED,,A14,Duplicate?
e8b529e9-6f00-4a6b-bb34-b9401d8d36c6,28-08-2025,Flipkart,1463.47,usd,FAILED,,A30,Duplicate?
5ca7510a-55d3-4a9d-bf22-486c5a678cb5,2025/04/07,Local Bakery,4448.41,USD,success,Shopping,A2,Duplicate?
a628cdc7-fe05-43e3-ad4f-718e728bd41b,27-10-2025,Google,538.72,INR,SUCCESS,Food,A42,SUSPICIOUS
a4caa0d4-dcb2-47ba-bb88-42d88a09158c,2025/07/03,Flipkart,929.69,USD,success,Healthcare,A34,
236967d2-a483-4d98-9c02-ebff303e39f0,20-10-2025,Spotify,3769.49,USD,failed,,A8,
5ffd9037-d4cd-47e4-ba93-026563bcf653,25-07-2025,Google,1353.13,INR,Pending,Transport,A47,
012bf07c-bf76-4b40-958d-e9a3f2ebae10,2025/12/31,Zomato,4286.97,INR,Pending,Entertainment,A4,Refunded
738ffcbe-ce5c-4dab-a606-6474760d086e,2025/09/18,Zomato,245.93,USD,failed,Other,A38,Duplicate?
e7f17d3e-d8ad-47ef-91ba-c02b23801862,2025/06/24,Flipkart,4330.52,usd,PENDING,Food,A48,
c6db17dc-3559-4134-a58f-1213edb44ad5,20-02-2025,Uber India,173.31,inr,success,Entertainment,A44,SUSPICIOUS
c031d6b0-f4ea-4477-bfe5-937501f81f39,2025/01/02,Apple,$4237.1,INR,failed,Cash Withdrawal,A2,
c8a218cb-79ff-4a80-a366-257361644757,2025/05/24,Shell Petrol,4856.55,INR,PENDING,Transport,A32,
ff0655f5-fe33-405b-93c1-5e9505041582,2025/04/10,Amazon,$3615.8,inr,FAILED,,A47,
da311f8d-f48e-4c15-ac0b-5dca74d5ec96,2025/08/09,Local Bakery,828.53,INR,FAILED,,A3,Refunded
5d139e46-0605-4c1e-8bad-3db30af667ee,14-08-2025,Shell Petrol,1306.4,usd,failed,Healthcare,A44,Duplicate?
829923da-a4b3-4cab-8fd3-aae34aa85f90,10-04-2025,Uber India,2458.02,INR,Pending,,A15,Anomaly check
829447c4-b9d4-4feb-a4c5-887a69c03727,2025/12/25,Zomato,3696.69,INR,Pending,Cash Withdrawal,A35,
dddd2ac8-66fa-4034-b41d-da0229964cf5,31-08-2025,Shell Petrol,4394.88,USD,SUCCESS,Other,A29,Duplicate?
3044d66c-eeb9-4354-b2e5-aba68cc61dac,14-05-2025,Apple,1114.8,usd,FAILED,Other,A9,Duplicate?
83399541-1954-4732-a10d-ef62a4f92b51,2025/05/17,Zomato,$2471.86,usd,Pending,Food,A19,SUSPICIOUS
074dcd29-7c2b-45ca-942c-c8fdf7dc6d25,2026/01/01,Apple,2614.46,USD,success,,A25,
bb83a6c5-5de1-4bc9-bf15-89620a48c20a,14-01-2025,Flipkart,4227.18,USD,SUCCESS,Entertainment,A45,Refunded
1fa499a5-aacf-4fde-8550-59b3babeaeaa,14-12-2025,Shell Petrol,566.09,INR,PENDING,Food,A44,
93cc6b72-920b-42d7-8b30-48d0f3bc8c4d,2025/11/13,Local Bakery,141.68,usd,FAILED,Shopping,A10,Duplicate?
167338e4-c0d7-4197-a82b-e585d1667df5,02-10-2025,Amazon,4625.02,USD,PENDING,,A13,Duplicate?
8bcaef43-20f6-41d4-8224-c6020f970684,27-10-2025,Local Bakery,4689.66,USD,success,Other,A10,SUSPICIOUS
039f01c0-0019-4d13-9a63-ac90902e613d,2025/03/19,Uber India,$1869.77,USD,PENDING,Entertainment,A24,Duplicate?
bb016d0b-77ec-4ff3-9e1f-c5e34e8dc1dd,29-09-2025,Apple,4788.08,USD,SUCCESS,Food,A16,Refunded
c91f07ed-d8e5-4158-b005-295cc85155b1,20-02-2025,Amazon,2035.69,usd,Pending,Cash Withdrawal,A8,Duplicate?
3267da1b-7b9f-4fb2-a5b5-543d8cdea77d,29-11-2025,Shell Petrol,4675.28,inr,SUCCESS,Entertainment,A14,
411c2148-9451-4759-8e85-8917c3fb37f0,2025/09/15,IRCTC,438.37,USD,failed,Food,A36,Refunded
cad44a0a-eed0-4c96-8524-b89817264386,02-04-2025,Shell Petrol,915.74,inr,success,Utilities,A45,Refunded
68d786c8-9e18-45dc-8ebd-0258bcc05111,08-07-2025,Ola,4157.81,usd,Pending,,A35,Duplicate?
43ef8632-d249-4019-99ae-e5d8d2d0a43b,24-03-2025,Amazon,1958.43,INR,SUCCESS,Healthcare,A19,Anomaly check
efa06b7b-2dd5-4eb1-87b3-c65128aaab95,08-03-2025,Apple,4879.88,inr,success,Utilities,A37,Anomaly check
4b5c397f-a387-446f-9fbd-79488c9fb418,2025/03/05,IRCTC,577.49,INR,SUCCESS,Transport,A18,
bc908290-143d-43a5-b5d2-bebf45528e67,10-09-2025,Local Bakery,$1259.48,inr,Pending,Entertainment,A24,Anomaly check
aa10683e-9128-4e1f-920e-06cac62eee9d,2025/06/20,Ola,2039.62,INR,success,Cash Withdrawal,A8,
887f028b-b68f-4707-928a-23bafce7604b,2025/11/26,Amazon,2461.43,usd,SUCCESS,Transport,A36,Duplicate?
a198fa08-3547-4d12-82c2-18bde839d076,2025/12/16,Spotify,2055.24,INR,PENDING,Cash Withdrawal,A23,Duplicate?
6da04cd2-a517-41ec-9ad2-120d1547ed7d,07-04-2025,Flipkart,3920.17,USD,Pending,Travel,A20,SUSPICIOUS
9f4ad1b6-609d-4c79-9da4-c8e1fbe3c9d5,07-06-2025,Apple,3383.33,inr,failed,Shopping,A9,
9f4ad1b6-609d-4c79-9da4-c8e1fbe3c9d5,07-06-2025,Apple,3383.33,inr,failed,Shopping,A9,
e80d4b79-a1c0-48e9-9b80-683111383924,15-01-2025,Netflix,$4113.76,inr,Pending,Transport,A10,SUSPICIOUS
227913ca-6e1e-4b33-9c0d-dbe5f7acf0a0,28-04-2025,Local Bakery,2209.03,USD,failed,,A27,SUSPICIOUS
851bd712-4db2-4d14-af2f-140f3a0a4f44,2025/01/11,Flipkart,2100.66,USD,Pending,Entertainment,A8,Refunded
9e5704df-7ca8-44ca-9b33-a809d7155fb4,04-02-2025,IRCTC,4748.94,inr,success,Entertainment,A25,
80d7e4e1-9a3c-4543-9493-b5b7c5e545c4,31-01-2025,Apple,4366.32,usd,FAILED,Transport,A3,Anomaly check
c220223b-b6e6-41f0-a602-09ea0eb91cc3,03-05-2025,Uber India,$258.0,USD,success,Healthcare,A41,Refunded
44b64397-733d-42b1-bd4f-b4640eeeb24a,2025/11/08,Zomato,1449.45,USD,failed,Shopping,A27,Refunded
8fd1383f-aacb-4ec0-86d2-ba7d349e113e,2025/02/16,Shell Petrol,3180.0,inr,PENDING,Transport,A35,Anomaly check
818f8d01-2a0b-4de5-b9d3-3f165dd463b9,2025/08/05,Amazon,3837.79,inr,FAILED,,A1,
3c98e119-4037-4811-b1e0-dd5d5bb6c73e,2025/02/01,Zomato,3553.77,USD,Pending,Cash Withdrawal,A10,Refunded
6d511b09-7db0-4808-a1e4-a74fa6b5a4e0,2025/06/19,Zomato,859.84,USD,failed,Shopping,A47,
b76a1897-4f80-4383-b820-684eabfef13e,2025/11/06,Google,$1183.72,INR,failed,,A12,
578eea1c-d05c-4fa5-bc8f-b40e6c91c822,27-06-2025,Netflix,3128.98,USD,FAILED,Healthcare,A6,Anomaly check
,08-12-2025,Shell Petrol,1713.72,INR,FAILED,Other,A23,Refunded
138c6cc6-8384-4e23-bac6-7e3b798ab6b5,06-12-2025,IRCTC,$2075.6,usd,success,Cash Withdrawal,A3,
,02-08-2025,Google,3799.27,usd,Pending,Entertainment,A8,Refunded
6b062426-2cc9-46db-82f6-d5fbe8e24abb,2025/10/14,Flipkart,2602.44,usd,PENDING,Utilities,A43,
b3dd1918-0d4f-4dcd-982d-6a83fcf30e29,2025/03/08,Uber India,1440.88,usd,Pending,Utilities,A23,Anomaly check
3bb59a2f-7104-4241-bd15-aa3e489ad05d,06-12-2025,Apple,$4415.11,USD,PENDING,Food,A11,
d857a3f8-848e-4963-9984-9584fd569b39,2025/02/13,Google,$2423.96,USD,FAILED,Other,A16,Duplicate?
0fabed55-5827-430c-9f20-5ab1388280d5,2025/09/17,Local Bakery,2485.67,USD,SUCCESS,,A25,Refunded
09015494-48f2-42f6-bbc2-89777aec2f34,06-04-2025,Netflix,3426.25,USD,SUCCESS,Travel,A34,Duplicate?
553ed8d9-6f4a-4333-91f4-eb821ce1c5a9,2025/09/16,Ola,3207.67,usd,Pending,Cash Withdrawal,A30,Duplicate?
b3316068-c1b3-4d9e-bb43-eed05e0f2324,27-07-2025,Uber India,$252.5,usd,success,,A8,Refunded
fd1bfba2-ba82-4a1a-96c9-e5eed2bd12bb,2025/08/10,Amazon,$2582.78,usd,PENDING,Transport,A48,Anomaly check
4b3cfce6-045f-4fcb-9060-bdb4371f23a3,2025/03/30,Ola,3035.53,usd,failed,Utilities,A35,Anomaly check
b5b948e3-59ef-40c2-94d1-640a5d3b2d76,2025/02/06,IRCTC,$3287.89,inr,PENDING,Cash Withdrawal,A6,SUSPICIOUS
22228341-5fc7-496d-b5e9-27941d4baa74,04-02-2025,Apple,1707.38,USD,success,Transport,A13,Anomaly check
ced3e77a-4553-4083-bb32-af0408344af9,07-08-2025,Local Bakery,4290.49,USD,Pending,Travel,A39,Anomaly check
9d9a95e6-830b-4881-b0b9-8176f9c2d757,31-10-2025,Ola,$1658.84,INR,Pending,Healthcare,A44,Duplicate?
bd21b7f9-5690-4e8e-b4d7-6ec1bad2c5f4,06-03-2025,Flipkart,$4863.53,inr,SUCCESS,Utilities,A12,Anomaly check
02b5694b-a0d8-4e0b-b0f7-dd76b5c1bd54,2025/09/16,Amazon,$4875.37,USD,failed,Healthcare,A50,SUSPICIOUS
8f7f1e87-e10b-458d-8cd1-34a1629e47b3,08-11-2025,Ola,$309.46,INR,Pending,Utilities,A49,Duplicate?
b2cd473e-82f3-4a4e-b3b3-9681b5b5f2bb,2025/06/13,Netflix,$3026.86,INR,Pending,,A6,Duplicate?
4e5bbfc8-38c7-4a49-93fb-f23b821e5b47,2025/07/27,Netflix,4129.18,inr,PENDING,Cash Withdrawal,A12,Refunded
9f42d6a6-e7c5-4c9e-b540-d487624999c3,11-07-2025,Flipkart,2059.87,inr,SUCCESS,Food,A5,
9c5e0053-44b1-4800-8288-103e8541a7c0,2025/11/28,Apple,1736.78,inr,failed,Transport,A40,Anomaly check
b43847dc-a5ca-4711-bccc-e9aee2ba8b7e,20-03-2025,Uber India,$4577.31,usd,failed,Entertainment,A17,SUSPICIOUS
,2025/12/24,Amazon,1131.69,usd,SUCCESS,,A35,Anomaly check
64d1f705-2604-426c-b20d-43e78529d540,16-02-2025,Shell Petrol,292.64,INR,failed,,A14,Duplicate?
e9ad45dc-ca6d-4dd6-91e0-4db1fcfddf3d,2025/02/23,Ola,4496.5,USD,failed,Transport,A9,Duplicate?
6e2873a5-9822-4a1c-8717-ec3fbc30767d,2025/05/06,Flipkart,994.43,inr,PENDING,Entertainment,A4,SUSPICIOUS
56c8b41a-e24a-4579-b408-46402cc00441,2025/07/20,Flipkart,3154.43,inr,success,Cash Withdrawal,A44,SUSPICIOUS
99580273-5c08-43cf-b999-2ecaaccb7f5e,15-08-2025,Netflix,3230.97,USD,SUCCESS,Transport,A29,Refunded
a333d60b-89b6-4030-9193-b71f99f4e511,2025/01/13,Uber India,4874.46,USD,failed,Healthcare,A42,Anomaly check
d7c54ec0-3dbe-497d-8350-defe7ff900e6,2025/05/20,Shell Petrol,4551.36,inr,SUCCESS,Transport,A46,Refunded
a96fb5c2-2cf3-4173-a3ae-400dcc5755c3,2025/09/29,IRCTC,3323.06,USD,success,Shopping,A7,Anomaly check
,02-05-2025,Swiggy,1498.94,USD,Pending,,A49,Anomaly check
3cf71b38-9383-406f-a0b6-dbb22cee070c,2025/02/22,Shell Petrol,2031.53,USD,success,Shopping,A29,SUSPICIOUS
012daac9-02b6-4e81-87bf-25b292598d3f,2025/10/14,Flipkart,$3815.32,usd,success,Food,A39,Anomaly check
ac811e9f-081b-49f4-8809-8717e0336be9,2025/05/23,Apple,1022.91,usd,Pending,Other,A45,Anomaly check
63862345-e7d0-4ca2-8fa2-6f4bef551d86,2025/02/08,Flipkart,1656.75,INR,failed,Shopping,A11,Refunded
87e4d011-1482-4ea3-bfdd-da2c9802589a,2025/11/14,Ola,218.59,USD,failed,Travel,A6,Anomaly check
212100f8-31b5-433d-aaa5-fd290c7ec204,2025/05/18,Shell Petrol,2107.6,usd,PENDING,Utilities,A16,Duplicate?
8c259009-ef37-4890-a3d7-18c67fcde021,2025/11/30,Local Bakery,4272.58,USD,SUCCESS,Healthcare,A37,Refunded
80c739bb-aa76-419d-b8bb-a3eaeb4eab20,28-02-2025,Google,4657.86,inr,Pending,Utilities,A39,
f9f887cb-17ce-4379-946c-b41ee7f04920,12-12-2025,IRCTC,1021.46,inr,FAILED,,A3,Refunded
c0082012-f618-484c-b333-f80e7088f253,20-11-2025,Apple,1960.78,usd,failed,Healthcare,A50,
10bb2ec1-05d6-4ba1-bf5b-64e8b42e883d,01-12-2025,Zomato,$4865.06,INR,SUCCESS,Other,A46,Duplicate?
74d64dfe-d7a1-42fa-b364-02bb3280b668,2025/08/14,IRCTC,80.71,USD,FAILED,,A15,Refunded
f11d6282-98e4-4b1b-9846-b6da4b810610,2025/05/19,Amazon,97.1,inr,success,Entertainment,A35,
ed2b6cfc-aadc-4bfe-ab79-8e1b3eb78e05,2025/08/26,Shell Petrol,$528.19,INR,success,,A49,Refunded
5910a02e-fcef-4f63-b803-5ac125d36305,2025/01/03,Google,3472.87,USD,Pending,Entertainment,A43,Duplicate?
5e5783a2-6fc0-4692-a782-bb05576e023c,08-02-2025,Spotify,3232.78,inr,success,Entertainment,A10,SUSPICIOUS
08cad4b6-9a88-4104-adda-35bc84e25993,2025/04/06,Spotify,2890.89,inr,failed,Other,A20,Anomaly check
09734118-ce17-48a4-9a36-e9dd9715c393,2025/07/30,Google,1015.9,usd,PENDING,,A22,Anomaly check
a1109ea3-0103-4561-9a8a-ebe5739c5f05,2025/12/17,Spotify,1465.33,inr,SUCCESS,Utilities,A7,SUSPICIOUS
fc6ab46c-4878-4311-8fc3-2ed9efff4efc,2025/06/30,Swiggy,1007.64,inr,SUCCESS,Healthcare,A46,
d8cfe600-ca3a-4532-b261-4fa85e5dcc22,2025/08/27,Google,34.41,USD,failed,Cash Withdrawal,A43,Duplicate?
ff18d6e2-dea6-497e-be31-a540832d7d1f,2025/12/06,Ola,3618.27,INR,Pending,Travel,A13,Duplicate?
f036083b-9ec7-44aa-a198-66660d5b5458,03-12-2025,Google,770.08,inr,SUCCESS,Transport,A19,
005cfd42-ed5c-4b5d-bdca-8ef19b95cdb6,2025/10/31,Local Bakery,2553.56,INR,SUCCESS,Food,A38,
ab43cf8f-0a92-4120-8d50-a8f4edd464a9,10-12-2025,Flipkart,$2752.25,usd,Pending,Transport,A40,SUSPICIOUS
4840379f-f327-4f50-85d7-4403a9ebee3f,2025/01/29,Zomato,4744.29,USD,Pending,Shopping,A12,SUSPICIOUS
829cb2df-3c5e-4477-bb3c-e74381e7235f,2025/08/01,Swiggy,2974.03,USD,Pending,Food,A41,Duplicate?
66dd84fd-9e46-4ca8-809f-c881e4a76458,2025/05/23,Shell Petrol,248.31,usd,PENDING,Healthcare,A7,SUSPICIOUS
9c154017-b8db-413d-a188-ced2659bf46e,05-08-2025,Local Bakery,683.63,usd,PENDING,Healthcare,A28,Anomaly check
fa202af2-01c6-4885-9797-ade579b61e64,2025/02/15,Google,1823.12,USD,Pending,Entertainment,A13,Duplicate?
822dbe52-f862-4fc8-b1aa-cf57310dbab0,05-10-2025,Local Bakery,4631.22,INR,FAILED,Travel,A8,Refunded
bdfd24a1-1c07-4951-a9d3-ae023aa38941,08-08-2025,Zomato,40.79,USD,failed,Utilities,A3,Duplicate?
bc20ca70-3003-4f21-92bb-a946aa77f215,2025/04/24,Apple,$2077.1,INR,success,,A32,Refunded
882c6858-4d3b-4104-b28b-5e6af4262644,2025/12/31,Netflix,4662.11,INR,failed,Shopping,A28,
982f956e-8a6b-4c64-a246-b6b6335aa2a5,23-12-2025,Zomato,268.86,USD,failed,Transport,A29,Anomaly check
4791435c-0b29-411b-a398-be74d14d8099,2025/12/06,Shell Petrol,$3862.78,USD,Pending,,A18,Anomaly check
b23c7367-0c84-48eb-87ea-1083101b005f,21-04-2025,Netflix,4026.84,usd,Pending,Utilities,A48,Anomaly check
c05db44c-4555-44a7-ba6d-baa42def1516,15-06-2025,Local Bakery,2093.56,USD,FAILED,Healthcare,A22,Refunded
c5a3710b-5c4a-40af-a691-8bbe77ba400b,2025/03/14,Google,3221.77,INR,PENDING,Cash Withdrawal,A22,
4114c875-8f79-4318-b7c6-2f098d004745,29-12-2025,Ola,$244.43,USD,failed,,A44,Duplicate?
dffcb714-7847-48b8-b083-a94cb8780267,22-03-2025,Zomato,3788.16,inr,SUCCESS,Entertainment,A31,Anomaly check
86ba9711-dbc7-4e3b-90b5-5d7345c11a4c,2025/12/19,Swiggy,4406.31,inr,SUCCESS,,A5,Anomaly check
6f1b5d83-f31d-4f60-9efd-2804c0276bbc,2025/10/22,Netflix,1507.45,inr,SUCCESS,Food,A35,Duplicate?
e53ae2fb-fddb-4e82-bda4-338f3e3dbda0,19-08-2025,Uber India,$4316.64,usd,Pending,Shopping,A7,SUSPICIOUS
0cf914b9-a760-4c59-8291-ae400d154eae,2025/02/04,Google,554.22,USD,FAILED,Cash Withdrawal,A50,Duplicate?
09704bec-278a-4663-8a7e-53246f51935f,2025/11/15,Ola,3079.6,inr,SUCCESS,Entertainment,A2,Anomaly check
2a5d3f2d-3899-45b0-a5d3-5eaab98cc844,2025/06/10,Flipkart,2382.41,INR,FAILED,Healthcare,A28,
e41da034-b241-4336-82a5-bb3153293fe7,2025/06/18,IRCTC,4829.57,INR,FAILED,Utilities,A29,SUSPICIOUS
214040aa-d22d-4ed2-a2b5-446b845c1c13,2025/03/25,Apple,$4984.92,INR,FAILED,Shopping,A45,Anomaly check
19e93b04-2ef2-452c-8219-aef7cc35d95c,2025/01/03,Amazon,3801.58,USD,SUCCESS,Healthcare,A32,Duplicate?
ec0eaf2b-6705-4dea-9a9c-bb487ff69e6d,10-11-2025,Ola,3128.19,USD,SUCCESS,Entertainment,A29,SUSPICIOUS
320a4c2b-f603-48c0-82be-ba1bc698d6f8,11-01-2025,Amazon,316.45,usd,failed,,A20,SUSPICIOUS
,07-06-2025,Apple,$88.45,INR,success,Utilities,A34,Refunded
70cba10f-e282-4153-b031-b0fc144340e9,2025/05/02,Google,3495.65,USD,Pending,Food,A31,SUSPICIOUS
634c2ab4-3b72-41da-9c68-842cee05ef47,2025/02/18,Netflix,1577.59,USD,failed,Shopping,A14,
634c2ab4-3b72-41da-9c68-842cee05ef47,2025/02/18,Netflix,1577.59,USD,failed,Shopping,A14,
3bafc229-1c0c-459c-b825-bf36223b1bd8,2025/03/30,Local Bakery,$892.99,USD,failed,Shopping,A10,SUSPICIOUS
6308ef6e-cca2-4794-9619-4eeb1efc8bbd,2025/09/26,Apple,1086.95,INR,Pending,Food,A43,Refunded
142ce66a-b9e8-4d8d-b2fc-58d878437a8a,29-05-2025,Apple,1657.95,inr,failed,Entertainment,A13,
4c39995e-57cb-4a7c-bc19-be27d5d1c6f9,2025/05/02,Apple,2975.77,USD,SUCCESS,Shopping,A19,SUSPICIOUS
3be0a23b-037e-4ef2-a350-7f5810285a64,29-08-2025,Shell Petrol,4833.47,inr,failed,Entertainment,A45,SUSPICIOUS
2342570f-6b44-49b0-8979-eb322778b902,2025/03/22,Uber India,20874.3,USD,FAILED,Shopping,A19,Refunded
40d12978-e5d9-4ecb-bd5a-baba7d4368a5,24-02-2025,Spotify,3162.1,INR,FAILED,Entertainment,A23,Anomaly check
0621aeea-5d08-4c94-8be8-a99ffcd6c881,2025/09/20,IRCTC,824.59,INR,FAILED,Shopping,A41,Duplicate?
12e99ef9-e501-4a74-969d-8be0a4c5d203,19-01-2025,Local Bakery,3365.08,usd,SUCCESS,Entertainment,A40,Anomaly check
08efd2f0-bcb5-4776-9ae2-8cda00389abc,02-08-2025,Amazon,34968.83,INR,FAILED,Transport,A29,
d4ed4583-9137-416d-84a8-45b55d9eb08f,2025/07/12,Flipkart,3121.32,INR,SUCCESS,Cash Withdrawal,A29,
c8176186-62fb-4a9b-b3f1-14e1efc52ef0,06-02-2025,Ola,$3341.04,inr,Pending,Shopping,A17,Refunded
9d959704-2a10-4703-8f3e-e7fac0874a35,2025/07/13,IRCTC,4583.89,INR,Pending,,A9,Refunded
d93826d1-3813-434e-9d6b-a0cdb8810547,01-10-2025,Flipkart,3733.33,usd,Pending,Transport,A16,Refunded
d47f4f70-0e18-4d13-8dc2-e78f186515fc,22-08-2025,IRCTC,2984.51,usd,success,Cash Withdrawal,A39,SUSPICIOUS
6f235e6a-d644-423f-a903-23630781e9cb,2025/06/06,Amazon,620.01,inr,success,,A42,Anomaly check
d823e8a0-bdcd-4696-80d5-be13d8288015,08-11-2025,Flipkart,187.2,INR,FAILED,,A31,Duplicate?
4cd2b8c6-4ab1-4390-982e-fa786a100299,2025/10/10,Swiggy,$1465.07,USD,FAILED,Transport,A1,Refunded
0396162b-6aaa-4257-8a8d-4944ae892d8c,2025/08/29,Flipkart,4660.61,usd,PENDING,,A35,Duplicate?
9297edd1-0313-476a-8c8e-758376be66ab,2025/08/10,Amazon,1670.76,INR,Pending,Cash Withdrawal,A19,SUSPICIOUS
72bc93d2-4de3-436f-af21-8b4a61cb4cde,03-03-2025,Google,$721.11,USD,SUCCESS,Utilities,A29,Anomaly check
79be0b1c-402d-4c76-a094-e9eb12ebf9f3,2025/04/23,Local Bakery,2721.36,USD,Pending,Cash Withdrawal,A30,Anomaly check
dc54baef-2305-46f3-96b7-605c2121efb0,2025/11/28,Ola,$1523.98,usd,SUCCESS,Utilities,A50,Anomaly check
abf39dc1-b095-420c-9d97-5e2ea81680d1,22-07-2025,Spotify,2028.99,usd,failed,Cash Withdrawal,A7,Refunded
b32a8cc9-e823-432b-a7f4-4de01048e3ee,30-05-2025,Swiggy,2960.66,USD,PENDING,Travel,A2,SUSPICIOUS
cc921d39-83bb-44c9-82be-73bdfcbbfc8e,2025/12/30,Spotify,1855.34,inr,failed,Other,A42,Duplicate?
b925a4f8-318d-4dfb-aed3-b3cd97c29321,2025/11/15,Netflix,1775.61,usd,success,Healthcare,A45,Duplicate?
e4336316-7e33-4f27-9825-7cab17410595,2025/06/07,Uber India,1152.58,INR,failed,,A20,Refunded
8f91b11e-45c0-48c1-a0f2-5781081cc4f2,2025/09/19,Zomato,215.13,USD,PENDING,Travel,A12,Anomaly check
c2515286-9ce2-47a5-98d0-5520a13dc542,08-11-2025,Amazon,2308.08,INR,failed,Utilities,A45,
7153461b-b157-401c-a75f-b7298fdcb09f,09-06-2025,Shell Petrol,804.6,inr,SUCCESS,Utilities,A42,
6f3237a2-5143-4757-a401-4d9aac412ee2,26-11-2025,Uber India,2569.62,usd,SUCCESS,Cash Withdrawal,A50,Refunded
ec92218b-1d90-4274-99fa-872f45b5a3e6,29-10-2025,Google,2923.6,INR,failed,Transport,A5,Refunded
acc2a895-9a5d-4972-8940-702180104802,21-10-2025,Zomato,$4793.63,usd,success,Entertainment,A34,Duplicate?
ac722734-83a2-4ade-9b93-bda1cfd4f1b4,03-07-2025,Spotify,3354.87,INR,PENDING,Transport,A40,Anomaly check
52ca8baa-2cbe-4c8c-afab-d49f9e82d567,17-10-2025,Local Bakery,$2058.56,INR,success,Transport,A3,Refunded
a726afe1-0741-45b1-8870-3cf2ae1c00a8,2025/06/22,Swiggy,$1690.81,USD,FAILED,,A43,Duplicate?
45a61f3f-9994-4319-b87e-f8fa01ce77c2,30-11-2025,Local Bakery,1867.4,inr,FAILED,Travel,A7,Anomaly check
c18a6fee-e22d-412b-bc2e-0c8b7e04184b,2025/09/21,Zomato,1721.77,usd,success,Cash Withdrawal,A20,SUSPICIOUS
7c98513a-c2b0-4f64-be16-fa72e5ecfd28,2025/07/02,Swiggy,2041.52,USD,failed,,A3,
39d6effe-e803-4eeb-804f-c3f3f8c926ec,2025/07/11,Zomato,1297.29,USD,failed,Entertainment,A28,Duplicate?
0bdba71f-a9e8-4419-a18e-778acc32ffc2,2025/06/04,Swiggy,4800.01,inr,Pending,Transport,A35,Anomaly check
ab3c44bf-2037-4dd9-a0b6-80c561d05736,2025/07/13,Ola,2389.7,INR,FAILED,Healthcare,A40,
e6b67188-fa06-4c45-b8ed-e6b96a50f369,2025/06/10,Ola,1515.64,usd,success,Entertainment,A35,SUSPICIOUS
c4ecd6a1-b6df-4147-b8d9-08446d963d9f,15-06-2025,Local Bakery,22384.73,usd,SUCCESS,Cash Withdrawal,A8,Anomaly check
77b5ea1d-af81-44a0-ab55-14be41e42908,2025/05/27,Zomato,1157.16,USD,Pending,,A41,Refunded
3863ccc0-1777-4b23-b90a-55e04f7d41f9,2025/11/25,Amazon,429.19,usd,success,Food,A37,Anomaly check
e162d9f2-4fe4-4947-b316-3dfe7d88db81,2025/01/16,Local Bakery,$300.6,inr,success,Entertainment,A4,Refunded
f001a46e-3efa-4fd8-a3c0-fd839a72f1f5,25-11-2025,Apple,84.49,inr,SUCCESS,Cash Withdrawal,A34,Duplicate?
b5e77004-0274-4c9e-8b21-b787e3a39aab,28-12-2025,Local Bakery,4314.86,INR,success,Entertainment,A45,Anomaly check
46301d4d-8a14-46cf-839d-8844995ece05,11-11-2025,Uber India,1072.14,INR,failed,Other,A46,SUSPICIOUS
fe5656d7-670d-4bd7-9933-0d878980db60,2025/09/06,Netflix,$3793.01,USD,FAILED,Transport,A17,SUSPICIOUS
5a9f4663-8a7f-4277-afb7-39e28ff8efcc,06-07-2025,Local Bakery,4802.93,usd,PENDING,Entertainment,A34,Anomaly check
,2025/12/24,Zomato,4246.98,usd,failed,Utilities,A33,SUSPICIOUS
7784c4e1-e60f-4bc6-87d3-b080509406da,28-08-2025,Shell Petrol,1471.36,INR,SUCCESS,Transport,A35,Anomaly check
33397d78-d556-4d9a-8bcd-f15d221b8d71,09-08-2025,Ola,110.06,usd,success,Entertainment,A48,Anomaly check
8f915d89-e509-4320-961f-ce5015ceb8df,27-11-2025,Spotify,$1323.25,inr,PENDING,Utilities,A49,
710ae4a0-9d47-42ac-b6d6-b127b3e59a2d,2025/12/19,Apple,365.18,usd,FAILED,,A26,Duplicate?
710ae4a0-9d47-42ac-b6d6-b127b3e59a2d,2025/12/19,Apple,365.18,usd,FAILED,,A26,Duplicate?
9755cde5-ba41-4a9e-9f0a-6c0a7cf62fa4,2025/09/18,Spotify,4883.87,inr,PENDING,Entertainment,A23,SUSPICIOUS
9755cde5-ba41-4a9e-9f0a-6c0a7cf62fa4,2025/09/18,Spotify,4883.87,inr,PENDING,Entertainment,A23,SUSPICIOUS
64c7307f-7bb0-405d-bf7d-8e1992ade260,2025/08/10,Local Bakery,1089.01,INR,Pending,Other,A9,Refunded
bd887f05-7db9-452c-9b1d-e83a033bc212,2025/04/27,Spotify,1996.11,usd,FAILED,Travel,A39,Anomaly check
3c1b4744-662b-4dcc-880c-f0240fdc4ea1,2025/07/15,Apple,3472.59,USD,failed,Food,A47,Anomaly check
50b62a32-bba8-4557-9dfa-03a6035030d2,2025/11/19,IRCTC,2488.05,INR,failed,Entertainment,A4,Refunded
ecd15835-6af1-4303-9b94-0a66e4909822,2025/10/07,Zomato,1498.67,usd,failed,Transport,A41,Duplicate?
8f60b6b5-8e11-43ad-b2d1-d95125f2ed73,2025/07/18,Netflix,1439.99,INR,SUCCESS,Shopping,A5,
f2b7d32f-47a6-4188-934d-c54724f7cd25,2025/10/13,Apple,4435.61,usd,success,Utilities,A32,Duplicate?
9b83a965-7133-4382-b0dc-ec2088aa5bd6,2025/06/05,Zomato,2576.78,USD,PENDING,,A40,Duplicate?
bf2e1276-7f4d-44ae-9bb8-64e4e5a0f534,2025/03/25,Amazon,1247.46,USD,failed,,A42,SUSPICIOUS
ced555b4-8fae-41f8-a206-62650f8447ba,2025/04/27,Shell Petrol,$903.1,USD,FAILED,Shopping,A26,Duplicate?
4dabde61-2445-4298-9684-d748820e5a73,2025/11/29,Apple,1064.5,inr,PENDING,Cash Withdrawal,A47,SUSPICIOUS
612398e5-6bbf-4aa7-bc67-71051ca19328,2025/12/16,Swiggy,1200.96,usd,PENDING,Shopping,A5,Duplicate?
d53a3942-dfa4-426b-a353-1f416a06ff17,01-12-2025,Shell Petrol,3434.89,INR,Pending,Healthcare,A21,
bf605360-ba74-4132-8f9c-49bb42eb239c,2025/04/07,Local Bakery,3945.12,INR,FAILED,Entertainment,A28,Duplicate?
a6b8bdaa-614d-404d-889c-d0c41803d26a,22-03-2025,Flipkart,4399.78,USD,FAILED,Utilities,A30,
e0068900-d09c-4f6f-9cef-7392cebe9720,2025/05/07,Amazon,99.19,inr,PENDING,Cash Withdrawal,A34,Duplicate?
13c89732-c99b-4e10-bc03-17352f1516c5,10-04-2025,Apple,654.98,USD,success,Other,A50,SUSPICIOUS
21eeaef4-fd89-4fda-87e4-79bca2eb5065,2025/12/04,Zomato,3609.0,INR,FAILED,Entertainment,A22,Anomaly check
,2025/11/01,Spotify,546.26,inr,SUCCESS,Food,A41,SUSPICIOUS
bb888717-75f7-48e6-a4cd-144d29e44526,2025/08/07,Swiggy,933.58,INR,PENDING,Shopping,A38,
abf45292-3c4f-452f-990d-6c44028b4cb3,2025/08/27,Uber India,4621.11,inr,failed,Food,A49,SUSPICIOUS
5a4daafc-b05c-4714-8ddd-43a05827996c,05-05-2025,IRCTC,4261.31,INR,SUCCESS,Cash Withdrawal,A30,
bfb02f3f-8062-4f54-ad77-c6780b25aa0d,2025/02/21,Flipkart,1961.01,USD,FAILED,,A7,Refunded
7a674814-ebea-4d5b-a716-623da3d84b56,2025/09/19,Local Bakery,1765.37,USD,PENDING,Healthcare,A43,Duplicate?
fa8a1774-a54b-4b76-bb34-cd6665583998,14-01-2025,IRCTC,2823.77,INR,Pending,,A37,SUSPICIOUS
47f515d6-3463-4b80-b7e4-7fcc60296b9c,04-10-2025,Flipkart,2172.04,INR,FAILED,Transport,A27,Anomaly check
ac5776c0-6e95-4d30-abbc-ae6898ec4d6b,05-05-2025,Flipkart,159.73,usd,failed,Cash Withdrawal,A6,Refunded
3485f72f-1454-411b-9bea-fecb345a395a,2025/10/05,Apple,1407.18,usd,PENDING,Healthcare,A33,SUSPICIOUS
970e0043-2dab-4bd0-aa0b-ceea0ca64807,2025/05/22,Apple,2845.6,INR,Pending,,A35,Refunded
a8a0aeab-bfc9-4e56-898e-962371457914,2025/11/16,Google,985.18,INR,success,,A29,SUSPICIOUS
3c4f45b7-6f9e-48e5-bec5-89033933c80a,2025/09/24,Local Bakery,4328.3,inr,FAILED,Healthcare,A41,Anomaly check
233d53b1-6b61-49c2-abe5-3d93c4e1a9f3,03-01-2025,Local Bakery,2023.03,inr,SUCCESS,Transport,A28,Duplicate?
6e4e1a9f-c15d-4aa0-8c5f-0af5aba69abf,2025/07/02,Apple,1796.61,usd,PENDING,Transport,A7,
f5f5a89d-3a07-475f-b160-e244088a096f,22-07-2025,Apple,2959.37,usd,failed,Food,A41,
7b39bc2e-dd4a-46f0-8ea6-8b083ecad99f,27-03-2025,Swiggy,3179.38,USD,success,Utilities,A11,Refunded
0aeeb42f-e4ff-4561-b512-1914475d38f6,2025/05/04,Flipkart,3208.5,USD,Pending,,A47,Duplicate?
0aeeb42f-e4ff-4561-b512-1914475d38f6,2025/05/04,Flipkart,3208.5,USD,Pending,,A47,Duplicate?
ad333b1e-1eb6-4901-bd61-e7a2ff6abf21,2025/11/06,Netflix,2437.15,INR,Pending,Food,A12,SUSPICIOUS
4f0eafbc-1519-4c0c-8ade-836c68488c87,2025/03/22,Zomato,548.24,USD,SUCCESS,,A13,Duplicate?
430e7e81-1b09-45aa-8463-0ea33ab366c7,2025/05/11,Flipkart,2456.08,USD,Pending,Food,A41,SUSPICIOUS
8a259032-5b25-4797-8019-477e9f739d2a,2025/08/25,Spotify,3895.26,usd,SUCCESS,Travel,A3,Duplicate?
6981f9a3-854e-4bb7-a120-d5eaaf300501,31-12-2025,Uber India,1603.13,INR,success,Food,A5,Anomaly check
181a2960-03b0-4a23-a8ca-a298210aa7b6,11-10-2025,Spotify,957.82,USD,SUCCESS,Healthcare,A23,Refunded
,2025/11/07,Swiggy,2857.01,USD,SUCCESS,Food,A34,Refunded
b948cec5-fefa-4cf2-834e-14539dfe61f8,24-06-2025,Ola,364.31,USD,PENDING,Cash Withdrawal,A29,Anomaly check
3cb63a23-0fb6-432e-81ba-b87f46307059,14-09-2025,Shell Petrol,4998.51,INR,success,,A19,Anomaly check
7b046223-450f-4912-9cf3-ff78b77c17e2,2025/01/06,Swiggy,323.48,INR,SUCCESS,Utilities,A19,Refunded
e29c3e28-9eec-4ec4-be54-2241dc9bbc94,13-08-2025,Spotify,4051.68,INR,failed,Utilities,A20,Refunded
828c82c3-e442-44e2-9493-4303cd906c64,2025/03/11,IRCTC,$3025.79,usd,failed,Cash Withdrawal,A15,Anomaly check
745acfeb-1eaa-4c8d-8020-efa695c77732,2025/05/02,Amazon,$2812.42,USD,Pending,Entertainment,A5,SUSPICIOUS
353c0c80-d432-4bb5-9ba0-972cde04370b,29-05-2025,Swiggy,$449.51,USD,Pending,,A19,Duplicate?
b71600b5-2fc5-4d94-9f62-5e00fbb3b8c9,25-12-2025,Uber India,44.25,usd,FAILED,Food,A21,SUSPICIOUS
7f2ca616-481c-4dbd-93f1-02309b492600,2025/01/24,Shell Petrol,1335.07,usd,FAILED,Food,A6,Refunded
b1a714fc-dcaf-4e4c-8159-ed6da30ae616,07-07-2025,Ola,3679.4,USD,FAILED,Shopping,A47,Anomaly check
85280c85-b930-4afc-a25d-9a106e463a03,2025/10/25,IRCTC,1614.38,USD,failed,Transport,A6,SUSPICIOUS
69c73b64-d74a-47c4-9a8c-3d364ff4254c,19-09-2025,Shell Petrol,2466.14,USD,failed,Travel,A38,Refunded
4d5f0350-39e6-4dd1-a9d5-c49ecc23d1ff,02-01-2025,Google,$2479.92,usd,PENDING,Other,A12,Duplicate?
6e66d9f6-a10a-4a2b-bcca-d3f1910cf31d,2025/11/20,Ola,2376.4,usd,PENDING,Other,A2,
3ce329c3-835f-4dd1-80a1-f469939ffeeb,15-09-2025,Swiggy,2581.03,INR,FAILED,Shopping,A12,Refunded
c59b4a05-70e1-426d-a789-2f208fb00961,2025/03/23,Local Bakery,2987.54,INR,PENDING,Transport,A24,Duplicate?
949bd001-6617-4c2d-b040-8fd1771e06d8,2025/08/14,Apple,1220.92,INR,PENDING,Utilities,A15,Anomaly check
f5e9612a-ecaf-439a-bd3b-9c2e798c0c30,2025/02/02,Uber India,2978.84,USD,success,,A48,SUSPICIOUS
8308b1f5-d34e-42cb-afd9-cb7dfec794fb,18-08-2025,Zomato,129.84,INR,PENDING,Entertainment,A50,
1195507c-7eed-45e2-908f-f0006920ddb4,2025/10/06,Apple,3740.42,usd,SUCCESS,Travel,A45,Duplicate?
73a50d6f-c2cf-4e0f-9ae2-e4bee71145c8,05-11-2025,Local Bakery,4088.55,inr,PENDING,Healthcare,A13,SUSPICIOUS
cb976117-415d-474e-8e21-a3049dbab4e0,2025/08/08,Spotify,530.89,inr,Pending,Food,A14,SUSPICIOUS
104e4f08-1eef-4029-a13f-0fe12c7a2ff0,10-12-2025,Uber India,4460.86,USD,SUCCESS,Shopping,A25,
af24e766-f362-495f-93c1-7cab152810f7,19-05-2025,Amazon,2000.97,inr,SUCCESS,,A46,SUSPICIOUS
89db532c-f873-4abd-8503-16c97ccda574,23-05-2025,Amazon,628.0,usd,PENDING,Entertainment,A35,
,2025/09/08,Local Bakery,1778.49,inr,failed,Utilities,A46,SUSPICIOUS
1a34c9c0-60e8-40c1-8821-9d4d5c280232,19-05-2025,Swiggy,$3540.86,INR,failed,Transport,A17,Refunded
394114d9-3bab-44f3-9e88-f7450c1a31fe,2025/10/07,IRCTC,189.18,USD,Pending,Transport,A42,
e6ee3b27-a9ae-415f-a74d-48899ddec448,2025/11/18,Ola,1719.48,INR,PENDING,Transport,A30,SUSPICIOUS
708afcb2-928c-42ab-b9da-83b09deba895,30-04-2025,Flipkart,3102.6,USD,success,Transport,A18,Duplicate?
3ee0d0c1-27f5-445e-a02c-5e819e505fbe,29-07-2025,Apple,1934.68,USD,FAILED,Food,A27,Anomaly check
bda3d993-4b76-4f30-b9af-3fe388d39406,29-11-2025,Flipkart,2669.08,USD,PENDING,Cash Withdrawal,A26,Anomaly check
51f8aee9-ea04-4602-94d6-c7f0ffd2298e,14-02-2025,Zomato,$957.01,USD,success,Transport,A50,Duplicate?
8e42c26a-d56a-4343-9f74-2473af48d8b3,11-11-2025,Shell Petrol,$3372.32,usd,PENDING,Entertainment,A18,Refunded
e94ddaed-56ae-4bb0-aacf-e7463858a14d,2025/07/25,Google,3611.9,inr,success,Travel,A42,Refunded
c704537f-c403-4459-9db8-d43c2c21ab18,30-08-2025,Swiggy,4689.36,USD,failed,Utilities,A3,
27b1fcc7-6b18-4a9a-95cb-6c9e97b9a75d,18-01-2025,Uber India,40.4,USD,PENDING,Other,A14,
51a24bc5-475d-4c89-b52c-abd4f419ab04,05-07-2025,Local Bakery,1431.09,USD,FAILED,Shopping,A43,Duplicate?
cfc8d02d-f416-46f0-bbbc-91fca1053d43,2025/09/18,Apple,499.69,usd,FAILED,Entertainment,A12,Duplicate?
481d5eb3-d4eb-49e0-a152-f7f0f6f3941c,2025/12/15,Uber India,$1814.4,inr,failed,Utilities,A19,
e7978bfd-dda7-4ced-a32e-125acef9538b,01-04-2025,Zomato,2135.47,inr,FAILED,Entertainment,A13,SUSPICIOUS
235b2b8c-6942-4096-81de-bce0a0bc4c48,13-09-2025,Ola,$36.36,USD,failed,Other,A32,SUSPICIOUS
0ccec989-809d-4212-839a-d9300aa93def,01-03-2025,IRCTC,3385.09,USD,Pending,Other,A32,
c2543ab1-f53a-400c-bd82-3744a765f91a,2025/03/07,Google,1934.36,inr,SUCCESS,Other,A39,
e91b29dd-c811-4978-a890-66a96446f404,2025/11/19,Zomato,2289.76,usd,PENDING,Healthcare,A47,SUSPICIOUS
622ae3c6-844c-49e9-b654-d2fef8ed15d1,26-06-2025,Apple,$156.18,USD,SUCCESS,Other,A44,
7a0f5f4f-5244-4243-a9d6-c809ef75a25c,2025/12/29,Netflix,2441.19,INR,PENDING,Food,A7,Refunded
1c97107a-8527-4b1d-be66-0357c0390b7b,26-05-2025,Shell Petrol,$619.1,INR,failed,Cash Withdrawal,A20,Refunded
46e5e018-983f-486b-b445-aa752fbbea72,03-08-2025,Shell Petrol,$93.93,inr,SUCCESS,Travel,A15,Duplicate?
3b11f8cd-9f96-4b42-b8e9-3547b6d3720b,2025/08/28,Zomato,93.97,USD,SUCCESS,,A17,SUSPICIOUS
264a27ce-5d1d-4865-b901-f3fc70b0e138,05-10-2025,Google,3709.95,USD,failed,Shopping,A8,
2d8e0d63-454d-4357-a2ee-3ade89b12d76,2025/09/26,IRCTC,$930.91,inr,FAILED,,A36,Refunded
d261b714-ae80-47c6-a257-a5360c0c2613,2025/12/15,Shell Petrol,880.68,usd,Pending,Travel,A13,Anomaly check
94470532-2e48-4650-9ef1-4726db7e86e5,2025/01/06,Shell Petrol,3644.89,INR,SUCCESS,Cash Withdrawal,A10,Duplicate?
65764bf8-f245-4439-96b0-9580a2a3f617,30-01-2025,IRCTC,338.27,USD,success,Other,A47,
239b0185-5c95-4061-83b9-50cb08f1b9e0,25-03-2025,Zomato,796.41,usd,SUCCESS,Food,A21,Refunded
a597be8b-6429-4327-914a-eb2c07580210,2025/07/09,Netflix,3483.59,INR,Pending,Food,A28,Duplicate?
594e3da1-67f5-43fa-8429-02474e40b01f,2025/04/26,Netflix,$4939.52,USD,FAILED,Travel,A46,Duplicate?
085f9f1c-bb0d-4a2d-9b50-bcae7b1e1694,02-04-2025,Apple,2337.35,usd,SUCCESS,Healthcare,A32,Refunded
0e3d7727-baa5-4275-b9ed-9418c698bfe1,2025/07/24,Uber India,2985.68,inr,SUCCESS,Shopping,A7,
6afc0ef3-6001-4ff3-8581-a8bcbccb98fb,2025/01/16,Google,723.38,USD,PENDING,Utilities,A1,Duplicate?
9876c9d8-1d33-465a-8f58-2f6891363e29,28-06-2025,Shell Petrol,1998.81,USD,FAILED,Transport,A14,SUSPICIOUS
77fda67a-9a1e-40f3-8058-41e2d2988ee1,2025/01/02,Swiggy,$3317.55,INR,failed,Healthcare,A32,Duplicate?
9c2ad67d-ee6e-4eef-8bfe-e6eb8d7dd610,2025/04/15,Shell Petrol,$1998.59,inr,success,Transport,A18,Refunded
8d9df8a8-6405-494c-b8a5-3fdcc3871f44,2025/10/20,Google,34851.15,INR,FAILED,,A17,Refunded
e8c76464-efa9-4a53-ab46-21a0a24e9ef6,2025/05/29,Local Bakery,$2863.89,INR,success,Travel,A18,SUSPICIOUS
7e5f6d0e-c0b5-4dc6-b1fa-b921c58ff0c4,18-10-2025,IRCTC,3907.53,usd,SUCCESS,Shopping,A12,Refunded
f9286a3e-d514-45c4-9b2b-3eeb827a5eb8,30-05-2025,Zomato,2882.33,inr,success,Healthcare,A1,Duplicate?
19ea2d11-dc41-41e0-986b-0312ecf04972,31-12-2025,IRCTC,3542.86,usd,failed,Utilities,A35,
60294b1f-a9d1-4a9b-a86e-4dcf1bbec3a9,21-08-2025,Zomato,4778.28,USD,Pending,Other,A11,Anomaly check
a42c73f6-e558-4d91-a0b6-0d329b953eac,2025/05/08,Ola,4363.49,usd,SUCCESS,Healthcare,A2,SUSPICIOUS
46e9f3e9-b68b-4282-9381-ee7179198af0,2025/07/27,Apple,4778.13,usd,PENDING,Shopping,A24,SUSPICIOUS
,2025/09/05,Ola,961.01,USD,FAILED,Cash Withdrawal,A37,Refunded
cb673924-98b6-42ae-9264-25dc52fa3779,2025/08/31,Google,4824.21,usd,failed,,A7,
f0663a8f-f79a-445f-88c7-ac420a6e7849,2025/05/28,Spotify,58.4,INR,PENDING,Shopping,A31,Duplicate?
aea2d23c-b8af-4cb7-b626-50eea9daca96,2025/12/18,Ola,4156.93,usd,SUCCESS,,A23,Anomaly check
fa694a86-39e9-4f41-be1e-44b13b368b09,2025/07/25,Ola,2181.58,USD,SUCCESS,Healthcare,A44,Anomaly check
2810c353-06c6-446f-9918-3f7a8063dd9f,05-03-2025,Ola,323.33,usd,PENDING,Utilities,A9,
f8471238-8d26-4a0e-810a-045a7f8bcb68,11-09-2025,Uber India,4610.64,inr,PENDING,Travel,A12,SUSPICIOUS
,27-08-2025,Spotify,3344.19,usd,SUCCESS,Other,A28,SUSPICIOUS
0e0182ad-d764-42d1-844f-b945e610235a,2025/02/06,Shell Petrol,$4695.16,inr,Pending,Shopping,A33,
b1d7329d-6c38-40ef-92b4-1df45c8cc1fe,20-08-2025,Flipkart,732.92,INR,failed,Cash Withdrawal,A35,SUSPICIOUS
75b68ce4-9a77-40c9-b729-1ba236b2f0e1,2025/05/22,Shell Petrol,1175.2,inr,failed,Healthcare,A2,SUSPICIOUS
,2025/02/03,Uber India,2060.69,USD,failed,Travel,A22,Duplicate?
5b56121a-a968-4280-bad4-8d777053fa4f,2025/05/03,Shell Petrol,1056.82,usd,FAILED,Shopping,A45,Anomaly check
248e1789-ee77-4a44-ac89-a28247927f19,2025/11/17,Flipkart,$4884.54,usd,success,,A28,
d77954f5-07ad-4f00-923c-264d77da2572,01-09-2025,Flipkart,3589.54,inr,failed,Other,A47,SUSPICIOUS
f9d71205-dc25-48a5-8d9f-b7278a99b888,23-11-2025,Google,$719.46,INR,FAILED,Shopping,A33,
1b7f45bd-f294-44cf-9c55-23c7ddccfb60,2025/12/05,Apple,993.62,INR,PENDING,Food,A20,SUSPICIOUS
268cc6c9-f6f5-438e-9c3e-f206cba83464,26-12-2025,Local Bakery,3158.49,usd,FAILED,,A18,SUSPICIOUS
c0c5a993-7b0c-4313-904b-fd9ac0aba5b1,16-04-2025,Google,$1154.33,INR,PENDING,Healthcare,A4,SUSPICIOUS
e93b8721-cded-44b2-b1dd-94fb353792a0,28-11-2025,Local Bakery,$710.51,INR,PENDING,Transport,A10,Duplicate?
0b4a46b8-eec5-42d4-82b5-2f5c5f30f0f1,06-11-2025,Local Bakery,1370.54,inr,Pending,Transport,A45,
08313306-cfc3-4fa7-8a0c-f7b4eeb5943a,2025/08/01,Amazon,1270.43,inr,PENDING,Transport,A13,Refunded
d110ddef-d117-4e27-8c38-b5587ac9b975,30-07-2025,Spotify,3287.74,INR,success,Healthcare,A22,Anomaly check
66b1030b-160b-4e19-9736-b4d75d540294,19-12-2025,Local Bakery,455.81,inr,success,Food,A4,Anomaly check
d243b6ac-69b5-419c-8084-51ba07ce7893,14-06-2025,Flipkart,296.01,INR,success,Entertainment,A18,SUSPICIOUS
00d69e29-f5fc-43e2-bb5a-4845196987f0,18-09-2025,Local Bakery,$3738.93,usd,FAILED,Cash Withdrawal,A17,
8685fed2-f330-4c7a-b219-f1432cb33ffa,2025/03/11,Swiggy,3838.94,usd,failed,Other,A44,Refunded
4b2ee7ef-e2f3-4bf7-add6-1acb1a0bb5cc,24-02-2025,IRCTC,$808.13,USD,Pending,,A36,SUSPICIOUS
08d1dafd-3bc1-457d-9dee-7ffb2372ab33,17-11-2025,Amazon,906.76,USD,failed,Healthcare,A31,Refunded
bcd35f35-2562-4a03-9633-2d67eb6ee88d,2025/09/28,Ola,928.76,usd,success,Utilities,A15,Anomaly check
073f0e41-d37c-4ba6-8782-80b411679cd9,25-07-2025,Amazon,1899.69,usd,success,Shopping,A50,Duplicate?
fc19b3da-959f-4824-8534-7803a2331f28,2025/06/10,Flipkart,$600.98,USD,PENDING,Entertainment,A29,Anomaly check
e2f8a15f-61e5-4a6f-afe7-dfaede10019b,2025/09/09,Shell Petrol,1273.57,INR,success,Healthcare,A47,SUSPICIOUS
97c3eeaa-a524-406a-9c87-e9c2ac3bd738,2025/11/25,Netflix,4004.22,USD,failed,Healthcare,A22,Refunded
587d212d-8b48-44b3-96d9-7e130d678313,30-08-2025,Flipkart,2000.13,USD,Pending,Utilities,A40,Refunded
5dab2f6e-c206-4922-8771-d937d5fab132,2025/11/17,Spotify,3389.31,usd,failed,Healthcare,A1,
31498e37-339b-4651-ba12-b67c888da681,2025/06/22,Apple,3956.33,usd,success,Entertainment,A48,Refunded
,09-06-2025,IRCTC,4790.54,USD,Pending,,A5,
3616665a-ecba-4b13-837e-bcfc72365f82,24-07-2025,Flipkart,$3855.38,inr,Pending,,A24,Anomaly check
5b94198a-6426-4c29-984f-6c2db084c00a,23-02-2025,Amazon,2027.29,usd,PENDING,,A48,SUSPICIOUS
973a1aec-0330-415a-8947-e9276c8b5720,21-10-2025,IRCTC,4643.73,usd,SUCCESS,Entertainment,A24,SUSPICIOUS
b8104d2f-8981-46f0-9038-a6a60f6d2606,2025/05/20,Ola,2171.48,inr,SUCCESS,Healthcare,A9,Refunded
b85987be-5ee1-4527-9505-0306e6c472da,26-10-2025,Uber India,3334.07,usd,FAILED,,A17,Duplicate?
3c354054-7d78-4f6f-a448-036d910069c0,2025/10/26,Swiggy,1548.96,USD,success,Other,A50,SUSPICIOUS
603e20c6-ebb2-4914-807b-1058785399a1,2025/08/11,Local Bakery,$3273.64,usd,FAILED,Transport,A2,Duplicate?
9917bdbd-55ea-476f-aeed-8c9bd11e33d4,2025/03/06,Netflix,567.97,INR,success,Healthcare,A33,
71b8f9c7-f035-4572-b22d-cf6631444f9d,2025/05/21,Flipkart,$1911.44,inr,success,Shopping,A8,
28482e6c-cab2-49e6-a962-a019ffdd1161,22-08-2025,IRCTC,4747.01,usd,success,Food,A12,Duplicate?
511592e6-543e-4eab-b186-522655fe719a,2025/05/07,Shell Petrol,$2627.0,inr,success,,A3,Anomaly check
,2025/12/29,Flipkart,$4755.53,usd,Pending,Healthcare,A50,Anomaly check
caef6fac-fbbf-4cd8-8fa7-7240446ad8cd,20-02-2025,Zomato,9.18,INR,Pending,Transport,A18,SUSPICIOUS
a0106b3a-c973-4955-84d5-024b18573afe,30-12-2025,Apple,70.9,INR,Pending,Cash Withdrawal,A25,SUSPICIOUS
4d8290fd-f277-4a19-80a5-748343d22278,2025/08/22,Uber India,3919.05,USD,SUCCESS,Transport,A32,Duplicate?
8cf8c249-3358-43fb-8d27-909680cd7052,13-08-2025,Swiggy,$122.75,USD,PENDING,Other,A47,SUSPICIOUS
a6bfc2b8-772e-4b55-bcf2-8ab98e4413f1,25-03-2025,Ola,$4408.27,inr,failed,Cash Withdrawal,A42,Refunded
49e8ace4-0278-4a5a-a9a5-b22bca03425d,2025/05/28,Apple,$4438.66,inr,Pending,Travel,A2,SUSPICIOUS
056b5c1b-0531-45e9-a15f-2bf3077ac5bc,2025/08/15,Amazon,791.3,INR,PENDING,Travel,A30,SUSPICIOUS
ef0b2a79-787b-42c8-b0c9-25719e2a4a33,2025/09/02,Google,$1625.68,USD,SUCCESS,Healthcare,A44,SUSPICIOUS
16454c06-6366-4cd9-9630-633f12de6ee2,2025/01/13,Ola,$467.74,usd,SUCCESS,,A1,Anomaly check
e42e2e77-27bf-484d-8005-ef46dd826bb2,29-05-2025,Spotify,3614.89,inr,failed,,A48,Anomaly check
,2025/03/16,Uber India,1301.4,USD,SUCCESS,Other,A43,
,2025/03/16,Uber India,1301.4,USD,SUCCESS,Other,A43,
a4ac235b-c88d-4e1a-af0e-3d17d4350de5,27-11-2025,Shell Petrol,$1015.68,usd,failed,,A7,Anomaly check
67b2cea3-d2d3-4ac2-b6c5-28524d56e447,26-10-2025,Flipkart,3999.14,INR,PENDING,,A15,SUSPICIOUS
8eaf6556-2b39-407b-9469-8564e54cc2a0,2025/10/17,Apple,902.72,usd,PENDING,Utilities,A13,SUSPICIOUS
8eaf6556-2b39-407b-9469-8564e54cc2a0,2025/10/17,Apple,902.72,usd,PENDING,Utilities,A13,SUSPICIOUS
10394a25-e4ba-4b93-82da-ec4fbf89ac1a,08-11-2025,Zomato,4280.02,INR,success,Utilities,A27,SUSPICIOUS
6f1b2439-d128-4650-8237-4b646fcf39a8,02-02-2025,Ola,3330.56,INR,success,Other,A40,
181ce857-7392-4522-bc2b-3f5f8e4092c5,2025/04/26,Spotify,$4942.5,INR,success,Utilities,A38,
5bd293b7-57ee-4907-9201-bcc737e91165,07-10-2025,IRCTC,4170.95,USD,Pending,Other,A16,
b814e9ff-d16e-4124-89bf-175d8c531730,18-05-2025,IRCTC,3713.85,usd,FAILED,,A1,Anomaly check
610b7671-3c4f-4699-bc5b-85c2827f8a92,29-11-2025,Zomato,1902.97,inr,SUCCESS,,A47,Anomaly check
1fc2067f-e6e3-4504-967a-46a263222ef1,2025/06/29,Ola,$3064.07,INR,Pending,Shopping,A13,Duplicate?
8e032e24-557f-4862-bf11-4d9546815ef8,2025/10/15,Flipkart,3363.25,INR,FAILED,,A12,
69b18d79-7198-4dfe-ad6c-60fb963d1e00,2025/08/28,Zomato,3520.99,INR,Pending,,A40,Anomaly check
c42f55d1-78ac-47b3-9366-00d458030fc9,24-06-2025,Uber India,4650.27,INR,failed,Utilities,A12,SUSPICIOUS
c42f55d1-78ac-47b3-9366-00d458030fc9,24-06-2025,Uber India,4650.27,INR,failed,Utilities,A12,SUSPICIOUS
7f14b071-00a8-417a-a137-568e81e842fa,31-10-2025,Local Bakery,1387.16,inr,SUCCESS,,A21,Duplicate?
1bc21d74-2a48-495a-bec3-daae16da61cc,08-02-2025,Apple,2630.58,inr,Pending,Shopping,A8,Duplicate?
271e84d2-f2d5-49dc-9619-3cfb1006ceec,2025/05/23,Swiggy,4186.66,USD,success,Food,A12,Refunded
37f50035-7710-48c8-9f43-4757087d6f27,2025/03/13,Amazon,1662.76,USD,PENDING,Shopping,A41,Duplicate?
37bd42cb-1b72-488d-873a-6a90d6d84b48,2025/06/15,Swiggy,1458.91,usd,failed,Shopping,A44,Refunded
cca33c50-c4bd-40a4-9237-a7e4e351a550,14-06-2025,Ola,1311.37,INR,PENDING,Utilities,A10,Duplicate?
17bb666b-fec5-4668-97b2-e6d8fe9a463f,2025/01/26,Ola,$2966.47,USD,Pending,Shopping,A18,
5c0a45b5-2dcb-4e7f-b0ab-1664e3bc0652,2025/02/28,Apple,2552.02,inr,FAILED,Healthcare,A46,
f02970cb-6e17-4c23-b466-129438e32340,23-11-2025,Spotify,4201.61,inr,success,Entertainment,A49,Anomaly check
9ba5ce6b-944f-402a-8f07-b3846921000f,2025/02/07,Local Bakery,195.01,USD,failed,Entertainment,A14,Anomaly check
3d96104d-5884-48e6-a5de-6d9caa338053,27-06-2025,Ola,3355.48,usd,PENDING,Shopping,A22,
cd5fffcb-df37-400e-975a-5ed19b3a6c3b,11-05-2025,IRCTC,$319.63,usd,PENDING,Transport,A41,Duplicate?
e0f22ddd-c318-43fb-a917-15f142dfa977,16-07-2025,Ola,1297.97,INR,FAILED,,A47,
2c32da40-31df-4d96-85c3-881ecdd7ecde,2025/08/08,Flipkart,4016.36,USD,SUCCESS,Transport,A26,Duplicate?
2c32da40-31df-4d96-85c3-881ecdd7ecde,2025/08/08,Flipkart,4016.36,USD,SUCCESS,Transport,A26,Duplicate?
45f5b163-2fd2-46da-bbd9-dbc01dd8dfc4,22-05-2025,IRCTC,$3329.03,USD,Pending,Other,A43,SUSPICIOUS
34ccb6c9-f156-4ad6-ba56-13930d7d8f95,23-03-2025,Local Bakery,2817.99,usd,PENDING,,A38,Refunded
cea2df3f-b55e-4edf-a768-511f1066b384,2025/12/13,Amazon,1243.7,INR,failed,Healthcare,A34,Refunded
7c2b3c89-d474-4594-b872-ec0cdaf5b8c3,2025/01/21,Zomato,2348.6,usd,PENDING,Transport,A46,Refunded
2c229ada-c67e-41e1-bf8f-784a00466207,26-12-2025,Apple,1033.32,INR,failed,Travel,A29,Anomaly check
04b7b36d-a58f-4a8d-85ca-80fdcc169fa4,2025/09/30,Uber India,1090.94,USD,failed,Shopping,A36,
4c789fad-1ff8-4d75-bbeb-c39ba2fbfb34,2025/11/12,Zomato,2236.86,inr,Pending,Entertainment,A14,Refunded
92bb6ee1-761e-47b2-a452-29951d5b0fb2,18-03-2025,Ola,2644.93,USD,success,Other,A18,SUSPICIOUS
605ad570-7c54-4009-b29d-28bd50892892,09-12-2025,Spotify,3748.12,inr,SUCCESS,Food,A15,Anomaly check
529c3734-4901-40f6-8c4f-7432826780cb,06-03-2025,Shell Petrol,877.44,inr,PENDING,Shopping,A14,Duplicate?
529c3734-4901-40f6-8c4f-7432826780cb,06-03-2025,Shell Petrol,877.44,inr,PENDING,Shopping,A14,Duplicate?
7a2228c4-ca76-48b2-801c-7e2dc0d8110e,2025/12/04,Ola,$1896.21,inr,failed,Utilities,A7,Anomaly check
44db1251-a6a0-4785-a413-a61c2b9242a8,13-03-2025,Amazon,4704.41,USD,PENDING,,A11,Anomaly check
9b7ae953-f5a2-45c6-aa61-d2cf59d9a5b9,2025/10/13,Flipkart,28.17,inr,success,Entertainment,A47,
60138484-e3f4-4d89-acb0-590a7d4ab87f,2025/09/07,Shell Petrol,$1975.75,INR,success,Cash Withdrawal,A7,Anomaly check
60138484-e3f4-4d89-acb0-590a7d4ab87f,2025/09/07,Shell Petrol,$1975.75,INR,success,Cash Withdrawal,A7,Anomaly check
399d45bb-8130-4510-b99e-f1736d095485,18-01-2025,Amazon,1697.98,INR,failed,,A34,Anomaly check
d7312d7c-d124-476b-84b2-e7488b633345,06-06-2025,IRCTC,278.43,USD,PENDING,Travel,A34,SUSPICIOUS
4c5d20ae-3320-48d6-8ee6-577115198b1c,2025/09/10,Amazon,3497.98,USD,Pending,Food,A16,SUSPICIOUS
2a7072d6-7a6a-481a-aec1-cd120658d33e,22-01-2025,Amazon,2743.32,usd,SUCCESS,Healthcare,A43,SUSPICIOUS
9b63c148-241e-4286-ab88-16a5e47de8d3,28-08-2025,Apple,4194.41,USD,failed,Healthcare,A31,
8a72a67a-3bf9-4408-832b-a8185e843622,2025/03/15,IRCTC,1832.88,USD,FAILED,Cash Withdrawal,A12,Anomaly check
62e8fd67-3992-4288-8765-b8ad4b260592,2025/05/28,Apple,$664.9,USD,failed,,A38,Anomaly check
043d5a24-5df8-444d-ad02-1ba11ff984ef,07-06-2025,Shell Petrol,$4687.47,inr,failed,Cash Withdrawal,A48,Duplicate?
043d5a24-5df8-444d-ad02-1ba11ff984ef,07-06-2025,Shell Petrol,$4687.47,inr,failed,Cash Withdrawal,A48,Duplicate?
08c30342-f824-433e-bbdf-39d9a142e2b2,2025/11/12,IRCTC,1777.58,usd,SUCCESS,,A16,Refunded
4a2c1ea9-43f6-4611-8d43-480c3d1c4412,2025/08/28,Uber India,2903.41,inr,PENDING,,A32,Anomaly check
958694fa-7ac3-4ec5-9f30-f95f2fa85ae4,2025/04/20,Netflix,$339.68,INR,Pending,,A38,Duplicate?
4e636287-58d3-4053-b8c0-e4888a025155,2025/12/20,IRCTC,3497.01,USD,failed,Cash Withdrawal,A17,SUSPICIOUS
40b65200-0d7b-4e2b-b725-1197bdbfe4d7,2025/04/24,Netflix,$4304.5,inr,success,Travel,A46,Refunded
67b69ec6-2196-4b15-99b7-870447e4f591,2025/04/20,Spotify,400.94,USD,failed,Healthcare,A23,SUSPICIOUS
35ff0272-5c07-4df3-b08b-3c1d36bd4885,2025/09/26,Netflix,797.27,inr,success,Entertainment,A32,
53f78221-306f-4d1e-ae61-d7b5a847242a,2025/05/18,Zomato,3571.42,usd,PENDING,Healthcare,A34,Duplicate?
,13-04-2025,Flipkart,$1061.57,INR,PENDING,Entertainment,A49,Anomaly check
3acf2d8c-67c7-4e61-b99f-1b2c70828ff9,06-04-2025,Netflix,2524.72,USD,FAILED,Shopping,A36,Refunded
,31-05-2025,Swiggy,4802.54,USD,SUCCESS,,A44,Anomaly check
4608f457-8dd6-405c-a058-aee906ba1dfa,09-05-2025,IRCTC,2329.65,usd,failed,,A35,Refunded
5e823e4d-739b-46d7-aaf7-25ce51f83945,2025/06/18,Google,4648.41,inr,SUCCESS,,A46,Duplicate?
6a09236c-87fa-415d-99fb-6f1da5bced93,2025/07/24,Amazon,1706.11,USD,PENDING,Cash Withdrawal,A16,Anomaly check
8e2c1216-2758-4988-89bd-ab5326588a23,22-04-2025,Flipkart,$2899.76,INR,SUCCESS,Utilities,A13,
37220e2c-c764-4ec1-bc9d-d26fe320d820,2025/08/20,Shell Petrol,2778.63,INR,FAILED,Travel,A22,Duplicate?
6dff8b24-fb22-428e-be81-e685a820b4b5,01-01-2026,Spotify,1144.77,inr,FAILED,Transport,A45,Duplicate?
0ef10c4d-aa84-48b5-a573-8f2de2dff9a2,29-12-2025,Amazon,1228.84,inr,success,Travel,A31,
06965392-c114-42e3-8786-4842c3ccc460,10-10-2025,Local Bakery,$3892.17,usd,FAILED,,A29,Anomaly check
fcfa4d04-0a53-42a7-8f86-b6057de67ca8,28-01-2025,Zomato,4499.58,USD,Pending,Other,A3,SUSPICIOUS
2ec04550-f89f-4bed-a487-f266336b58ce,19-02-2025,IRCTC,4098.91,USD,Pending,Travel,A19,Anomaly check
13d0ea38-8a88-4b8a-a93b-5220c321e962,2025/03/30,Spotify,3052.48,usd,Pending,,A49,SUSPICIOUS
13d0ea38-8a88-4b8a-a93b-5220c321e962,2025/03/30,Spotify,3052.48,usd,Pending,,A49,SUSPICIOUS
cad895c4-4ffb-40bd-8ce5-66fd5ed14713,27-02-2025,Spotify,4099.3,INR,SUCCESS,Food,A43,SUSPICIOUS
64eadb77-86e3-46bc-a467-0c928924821b,10-12-2025,Uber India,396.73,USD,success,Entertainment,A9,
69c69d08-5a93-4273-9596-46985c080b25,06-02-2025,Uber India,2260.75,inr,PENDING,,A5,SUSPICIOUS
bb8ed7a3-ff2a-48e0-a750-8913fb3ecc1b,2025/08/28,Uber India,$2362.44,INR,SUCCESS,Shopping,A7,SUSPICIOUS
bf2fd4f5-da29-4d30-b695-613f839d4ed3,03-04-2025,Netflix,1830.53,usd,FAILED,Healthcare,A37,Duplicate?
,2025/04/30,Uber India,4175.59,USD,Pending,Utilities,A20,
09c07e60-9c2e-4358-8473-fd9d486f6a15,23-07-2025,Flipkart,4279.23,INR,Pending,Travel,A28,Refunded
,29-09-2025,Amazon,4109.33,USD,failed,Entertainment,A19,
54fd25e1-a0c9-405c-a588-09df2de13561,2025/06/30,Flipkart,4461.6,USD,failed,Utilities,A22,Duplicate?
09b2f191-30b2-47e2-a3e4-389fda095b8e,02-03-2025,Uber India,3412.01,inr,SUCCESS,Food,A47,
743ee359-91f0-447b-b033-c260970d8f3d,21-03-2025,Amazon,$348.97,INR,success,Cash Withdrawal,A6,Duplicate?
c7d8cfb5-47c8-4389-8f8f-83171bb46490,10-09-2025,Flipkart,$766.55,INR,failed,Cash Withdrawal,A24,
81de8570-3120-4095-8dac-33350578d656,2025/02/27,Netflix,$405.4,usd,PENDING,Transport,A35,Anomaly check
4a4e09bd-e455-4cb1-810a-9b62f3d676de,2025/08/18,Swiggy,1049.0,USD,PENDING,Cash Withdrawal,A14,
8700e008-ca0a-4481-a6bf-4cc78d183084,04-06-2025,Ola,2244.03,inr,success,Transport,A6,Anomaly check
ba6083bd-a445-4a69-a275-c5deb1286dfa,16-04-2025,Uber India,$4520.44,usd,success,Cash Withdrawal,A29,Refunded
a59e94a3-dbaf-4a81-a440-bf0464f72701,14-09-2025,Apple,193.13,inr,failed,Entertainment,A33,Duplicate?
d49debdb-4583-46fc-ba38-c935a6eb4ecb,2025/12/26,Apple,809.88,USD,success,Travel,A20,Anomaly check
af6ef614-ae84-4e8a-a6a6-52edb7a3c544,2025/11/11,Apple,3638.23,INR,FAILED,Other,A4,SUSPICIOUS
865fd187-127a-4183-81cb-c1c7bfe9e406,2025/03/01,Local Bakery,2342.09,usd,success,Travel,A16,SUSPICIOUS
a92c806d-f288-4256-a136-baca193c37c8,30-11-2025,Amazon,4889.01,usd,failed,Transport,A6,Duplicate?
db6b0057-98ee-4cd6-8da0-1cc424d17300,21-05-2025,Flipkart,2413.69,USD,success,Entertainment,A35,Refunded
,31-10-2025,Netflix,26536.7,INR,SUCCESS,Transport,A49,
37705dd1-56a2-4b09-9279-1268c2abf6ae,19-04-2025,Apple,$4020.75,USD,success,Other,A5,Refunded
,2025/05/12,Shell Petrol,$1652.64,USD,Pending,Healthcare,A35,
198b1a0b-1ca8-496f-94e4-2dbdfd5c0ae6,2025/06/24,Swiggy,$686.53,USD,success,Utilities,A21,
de9dfe5e-34ac-41ba-8894-7b6fa786ad95,03-11-2025,Swiggy,$739.09,INR,success,Transport,A7,
3be89ee7-525b-407f-81f7-4e5f1f8a8a83,2025/09/08,Local Bakery,2936.14,INR,success,,A22,Duplicate?
33a8bf8b-2bb3-4271-be15-3cea5aa83544,30-12-2025,Apple,1001.64,inr,success,,A24,SUSPICIOUS
c33fe6aa-3f79-4e09-9881-df7cb6313d3d,2025/06/28,IRCTC,2074.94,inr,PENDING,Entertainment,A5,
7a489727-e83e-4b9f-b9a9-f88f1b5493d2,2025/07/29,Ola,$3909.98,inr,PENDING,Other,A36,Refunded
25ce3b6d-b06b-40a6-b482-17461aa3f708,2025/07/01,Ola,4586.84,USD,FAILED,Entertainment,A8,Duplicate?
21d41b6d-f3c0-44c5-ac01-8785641d98c3,01-02-2025,Swiggy,3432.6,USD,SUCCESS,Food,A29,SUSPICIOUS
,2025/07/09,Amazon,4805.36,USD,PENDING,Utilities,A38,Anomaly check
8bd6db98-5f5f-4f4a-8c26-6402f64b4649,2025/12/30,Shell Petrol,4239.04,USD,PENDING,,A44,SUSPICIOUS
2d9b096b-a870-4b12-b58f-4cb3560d4793,2025/02/22,Zomato,1657.76,USD,success,Healthcare,A12,
02694b63-5714-43c1-82f5-d023f6cd5634,2025/08/27,Zomato,182.64,USD,success,,A50,SUSPICIOUS
c12b7a73-f7a9-457d-b5e1-7eb97c90920c,27-01-2025,Zomato,4341.22,INR,Pending,Transport,A49,
900b2588-3fe5-4676-bb95-ea28f1c099ab,2025/04/06,Spotify,$814.91,usd,PENDING,,A28,SUSPICIOUS
85eb9fb3-e324-43db-9430-35ca3624d928,27-11-2025,Shell Petrol,3814.84,INR,Pending,Travel,A11,Duplicate?
65e1de8a-9713-40e0-ba9f-fcb152b84d34,2025/09/20,Flipkart,753.93,INR,success,Transport,A50,
8c1509be-608d-468f-8b0c-f0b3fcdebcf3,25-10-2025,Zomato,1131.75,INR,FAILED,Travel,A42,SUSPICIOUS
90ffc305-d894-413e-b4a5-74ec286663c9,09-05-2025,Shell Petrol,1601.0,inr,Pending,Entertainment,A14,Duplicate?
e3dceb00-bafc-475d-bf48-27f1702f8a6b,27-05-2025,Local Bakery,418.78,INR,Pending,Cash Withdrawal,A27,
efe32a41-2ebb-4a90-bf2b-ecc7951d2815,2025/07/08,Flipkart,2385.94,inr,success,Utilities,A4,Refunded
c7b5b102-a063-4512-8438-4db5535dbfe7,25-10-2025,IRCTC,$2180.78,usd,success,Entertainment,A27,Duplicate?
06d1b70f-d8b4-4bd6-99c0-39ecef9d0e70,08-01-2025,Shell Petrol,3484.26,inr,SUCCESS,Utilities,A24,Refunded
665c5808-bd8e-4f6e-8bf5-f92845ea68b5,2025/07/17,Zomato,3271.18,INR,success,Healthcare,A6,
e63d03ae-6312-4f63-942e-718974ae526c,2025/06/26,Google,2174.39,USD,PENDING,,A23,Anomaly check
075c0a00-a2be-43e8-8c37-9f190edec3d3,17-06-2025,Google,3143.94,usd,success,Cash Withdrawal,A28,Anomaly check
437a3d79-cc89-42bb-990a-37aa9469c349,2025/06/10,Swiggy,853.45,INR,Pending,Food,A13,
6d40d921-cc10-4131-b459-8b7714d197cc,2025/12/26,Apple,4683.45,INR,FAILED,,A43,Refunded
e427c741-bec8-4a57-bc1d-dfb9e5c4e004,08-09-2025,Swiggy,3138.93,INR,PENDING,,A38,SUSPICIOUS
f655ac67-c864-43fc-8f95-a8aa7d0e07d9,2025/04/10,IRCTC,4573.73,INR,FAILED,,A48,Duplicate?
b016cf62-dc10-4aa3-a204-11c713a1f360,22-03-2025,Amazon,1420.92,usd,success,Transport,A21,Anomaly check
67569ecd-947d-4a59-9b6a-0e8545a0a7ea,2025/11/26,Local Bakery,2214.78,inr,success,Shopping,A10,Refunded
49ca8dd2-1594-4ce5-96c0-feb45a087297,20-12-2025,Uber India,1835.44,usd,PENDING,Shopping,A50,Duplicate?
2eb9b9d9-96aa-44dc-a4aa-9922ec0f3537,04-09-2025,Shell Petrol,4187.08,usd,failed,Entertainment,A33,Anomaly check
,15-09-2025,Flipkart,4566.84,inr,FAILED,,A4,SUSPICIOUS
ca6cc2ca-2881-4aca-968c-8c2f8f4b824b,2025/07/10,Google,4792.36,inr,SUCCESS,Shopping,A18,Anomaly check
212c5d8d-f063-44db-a9bf-67ee6228b144,2025/02/22,Apple,2613.21,usd,FAILED,Utilities,A3,
717219da-f0c7-4a6a-a8e1-be2473d63aaf,2025/02/28,Uber India,$646.73,inr,Pending,Entertainment,A39,SUSPICIOUS
da381b4b-659b-4743-9f93-c343cc6dd766,2025/02/05,Flipkart,4428.28,INR,success,Cash Withdrawal,A15,SUSPICIOUS
e876b65e-91f1-4beb-9679-c3eabbbfcbf0,2025/09/13,Ola,4633.52,USD,FAILED,Transport,A28,Anomaly check
0e03c290-989c-44c3-8af9-2167b4bbb018,04-11-2025,Netflix,2800.87,usd,FAILED,Shopping,A7,Duplicate?
17bad326-b169-436d-a630-c0fbb5d656cc,21-09-2025,Shell Petrol,2064.28,usd,SUCCESS,Travel,A47,
66444ac6-91ef-4163-892f-c382d3e7d4ea,14-03-2025,Uber India,4338.95,inr,failed,Other,A9,Duplicate?
f5ce1883-2c7f-41a5-b8bb-244c3ed70349,2025/02/08,Local Bakery,4829.13,INR,PENDING,Food,A45,Anomaly check
19f14ba8-a513-46f2-8783-947fce37dbf4,2025/06/18,Google,891.97,usd,PENDING,Shopping,A42,Anomaly check
6822adc3-8aab-4d90-b665-9bf65baeb2c4,16-05-2025,Local Bakery,$3161.23,USD,Pending,Other,A31,Duplicate?
4e9fc84e-307e-4029-904b-353394cb5661,2025/10/22,Local Bakery,508.95,USD,PENDING,Other,A46,Anomaly check
0e366851-df89-4a43-a0a8-7359a16faa2b,28-02-2025,Spotify,1911.9,inr,failed,Food,A15,Duplicate?
f1cce50c-6ee5-4d08-9cd0-3e010162fa41,22-03-2025,Amazon,4442.41,INR,success,Other,A8,
4d29c479-7bf6-4b74-88da-9242f5e8f288,28-04-2025,Flipkart,3946.33,INR,SUCCESS,,A48,Duplicate?
0ddba165-d294-4cae-aaa2-e746bb8d51e4,08-04-2025,Spotify,$3692.5,inr,success,,A19,
,2025/05/12,Netflix,2407.89,usd,failed,,A20,Duplicate?
43887d91-acbf-4d81-9fec-a106f2120815,26-09-2025,Spotify,$2052.35,usd,Pending,,A19,Duplicate?
4cdd6ef3-5a21-4dd2-99f6-503eb8d045d3,06-10-2025,Shell Petrol,3396.99,usd,PENDING,Cash Withdrawal,A25,Refunded
95141a10-54b3-489c-b9a6-94204f0c4140,06-07-2025,Shell Petrol,2468.9,usd,Pending,Utilities,A27,
8613ef0c-5111-469b-b8eb-1d8744e94df6,02-02-2025,Swiggy,228.8,inr,FAILED,,A34,SUSPICIOUS
84eae167-00f5-46f2-9f2a-b5efd9d7531f,2025/08/06,Flipkart,2844.6,usd,FAILED,Utilities,A9,Anomaly check
122cf907-d28b-47da-82c7-ecdb6dfab693,16-08-2025,Local Bakery,1958.43,USD,success,Food,A40,Anomaly check
dd0e3738-b22e-4d00-ac09-c8f52e7c4dda,2025/02/08,Amazon,$4261.79,USD,SUCCESS,Food,A40,SUSPICIOUS
04b66ec5-7e17-417d-9318-913cf9826b6b,2025/07/09,Flipkart,$4809.29,inr,Pending,,A26,
e30820d0-82cb-4217-902b-5aec2246becd,2025/11/13,Swiggy,3414.84,USD,FAILED,,A33,SUSPICIOUS
c7d53455-f719-4579-8346-618d701b9d4a,23-03-2025,Netflix,1250.25,usd,failed,Travel,A22,Duplicate?
50164e0d-47dd-4656-b595-819ee3a9d3c9,2025/06/03,Spotify,2377.76,USD,failed,Utilities,A43,
308a6f9c-7982-4797-bc16-317c9f2388ff,2025/05/19,IRCTC,1235.25,usd,SUCCESS,Healthcare,A28,Anomaly check
92969bee-e3e2-4d8e-aec3-6344306cc03c,23-09-2025,IRCTC,1681.49,USD,FAILED,Travel,A30,
0de0ccfc-5cf5-49f8-9d55-0bf84cbf9a79,2025/05/24,Google,$4370.22,USD,success,,A30,
5e37ec78-ca6d-4e8e-b86d-ebdccadfe66e,12-10-2025,Ola,4177.66,usd,Pending,Shopping,A45,
b7b9fe39-c94a-43c3-90ba-d347bd378dfc,03-11-2025,Local Bakery,1192.74,usd,SUCCESS,Other,A31,
e6cb2203-11ca-407b-a26d-3c24f7200156,18-11-2025,Uber India,$2103.02,inr,PENDING,,A33,Duplicate?
7116baf0-13fa-464a-835c-70470ac09b09,2025/03/12,IRCTC,$2727.5,inr,SUCCESS,Other,A16,SUSPICIOUS
31bed0b7-6126-4e47-94d5-98713952174f,24-02-2025,Flipkart,485.94,usd,FAILED,Food,A6,Refunded
c1f06085-58dd-4899-a34d-239bd2d97dad,2025/12/18,Amazon,2686.61,inr,failed,,A42,Anomaly check
,2025/11/10,Flipkart,710.51,USD,PENDING,,A35,Refunded
c6c95840-b54d-4a3d-9733-3a8d342bb679,2025/07/01,Local Bakery,3190.68,usd,PENDING,Other,A27,Duplicate?
da270624-5a77-4a7b-ac9a-0483de46b2ff,2025/01/07,Swiggy,339.53,INR,FAILED,Food,A37,
,2025/12/13,Amazon,1985.65,USD,Pending,,A28,Refunded
d761e1e9-d4a1-4a72-8cc4-2c8688f689d5,2025/10/11,Amazon,286.28,INR,success,,A2,SUSPICIOUS
fab490cc-9f41-4dd9-a6e5-e6ce11570a3d,2025/12/20,Google,412.37,USD,SUCCESS,,A17,
f547e4e9-b33d-4532-9876-84126dc29061,08-06-2025,Spotify,$4830.66,USD,SUCCESS,,A37,Duplicate?
83d99cdc-8bf5-4ecc-990b-452d0e2e155f,2025/05/17,Flipkart,3596.79,USD,SUCCESS,Entertainment,A47,Refunded
438e2880-dc0d-4325-b1fe-c7814300ea9d,27-06-2025,Zomato,2417.34,USD,success,Utilities,A7,Anomaly check
,2025/01/04,Amazon,2657.58,USD,FAILED,Cash Withdrawal,A17,Refunded
19a98808-9e7d-428a-88f3-4334ba1ba103,2025/08/07,Ola,$488.23,inr,PENDING,Travel,A34,
e6700f57-76f6-4047-9f3c-a7214d7e9858,06-12-2025,Amazon,2754.44,USD,Pending,,A20,SUSPICIOUS
94371ab0-e863-4436-971a-c29624f88de7,2025/03/24,Google,$3552.07,usd,success,Food,A13,SUSPICIOUS
1ef8beab-f81f-454f-baf2-51528266451e,2025/08/25,Amazon,$1204.67,inr,FAILED,Other,A17,
,14-04-2025,Google,1466.96,USD,SUCCESS,,A30,SUSPICIOUS
47f14620-12a3-431e-b483-f07cf49393ef,31-03-2025,Shell Petrol,4413.19,inr,Pending,Entertainment,A31,Refunded
aa87ae19-b8df-4354-b025-f4a6c2ad218a,23-07-2025,Amazon,$3960.14,inr,SUCCESS,Transport,A5,
3e9f44ab-c949-4046-95e3-7e98dfdaebbf,2025/06/17,Local Bakery,1006.15,INR,SUCCESS,Shopping,A23,SUSPICIOUS
ac587cda-8368-4449-bc2a-67172f5efa72,2025/06/17,Local Bakery,4396.17,usd,Pending,Travel,A40,
a577dc59-afbd-453a-ad78-695342584f58,24-07-2025,Spotify,3734.91,usd,SUCCESS,,A24,SUSPICIOUS
22a195c6-7a3e-4dfa-8993-378202cad322,2025/12/05,Flipkart,2371.92,inr,PENDING,,A41,
9405c520-b10b-40db-930e-09efdc0e170b,07-02-2025,Amazon,$3147.86,USD,Pending,Shopping,A17,SUSPICIOUS
95bf7686-9397-47c1-aa48-e771ba31d8f5,2025/12/08,Ola,1397.19,inr,SUCCESS,Other,A5,SUSPICIOUS
bdadd9b5-2853-40e6-b1bc-fc5ae85610f4,10-12-2025,Uber India,4594.66,INR,Pending,Healthcare,A12,SUSPICIOUS
991e16d3-9f8c-485e-84c8-9166d8e21ab0,2025/04/26,Spotify,1391.01,USD,PENDING,Travel,A48,Anomaly check
a68622a8-13f9-45d5-a67a-83b2b96ba04c,28-07-2025,Google,4559.54,usd,failed,Shopping,A35,Anomaly check
,2025/04/10,Spotify,2624.82,INR,success,Other,A31,Refunded
8c7d6951-3fcf-435a-8618-eb6da811532b,2025/12/27,Amazon,69.64,INR,SUCCESS,Shopping,A10,SUSPICIOUS
56da7e5d-3ec1-4ca5-9dc3-18d504692491,2025/09/08,Amazon,4558.08,usd,success,Utilities,A26,Duplicate?
eb9de131-4757-4741-8d72-e2fa197eb628,2025/09/08,Flipkart,$1816.78,inr,SUCCESS,Shopping,A5,Duplicate?
c77daa1e-f310-47f2-a385-6997608f2b6d,2025/12/14,Spotify,705.47,INR,failed,Cash Withdrawal,A43,Refunded
b2092482-b5b9-476b-947d-b497687b1755,2025/09/02,Ola,1154.87,USD,FAILED,,A4,Refunded
,23-04-2025,Uber India,$1589.55,INR,failed,Cash Withdrawal,A43,SUSPICIOUS
,23-04-2025,Uber India,$1589.55,INR,failed,Cash Withdrawal,A43,SUSPICIOUS
a429756d-2090-4bf4-8e10-c35255b7ef48,2025/04/08,Amazon,2007.55,inr,success,Travel,A18,Refunded
,19-03-2025,Netflix,4211.79,usd,FAILED,Shopping,A14,Refunded
72076c0d-2cfa-4151-946a-0b5b72848b25,16-11-2025,Ola,16.33,USD,PENDING,Transport,A28,Duplicate?
11ce8b73-d717-4cd7-b091-0832856a3b7c,2025/10/25,Flipkart,2525.63,inr,PENDING,Utilities,A18,SUSPICIOUS
b9ee8937-55a8-48ee-ae3c-f79f0c564a96,2025/06/24,Zomato,840.4,USD,SUCCESS,Food,A18,
7d0e025e-1357-4b2e-b760-8c8e210e746d,31-05-2025,Uber India,3815.73,INR,Pending,Travel,A1,SUSPICIOUS
b8acf423-cef6-443e-8af4-fd3451f0931e,2025/11/23,IRCTC,1114.27,usd,Pending,Healthcare,A27,Refunded
14b49ae3-f418-42ae-b8c9-2d02597d93bb,16-01-2025,Uber India,3195.44,inr,success,Cash Withdrawal,A30,Duplicate?
cd51e0be-3ba9-4a20-ae19-0935e11be94a,2025/03/23,Uber India,2931.64,USD,Pending,Shopping,A1,
6e164f92-a3b7-46b7-82be-b368ec1215c8,12-02-2025,Spotify,1366.53,INR,Pending,Other,A18,Duplicate?
98c51c64-313f-4948-9e2b-d856669958f3,2025/04/18,Zomato,2115.5,USD,FAILED,Food,A38,
fa89ef9c-7f5b-4fe9-8b84-565dc2d295ba,2025/01/02,Amazon,46.02,inr,FAILED,Entertainment,A13,
93cafcae-ce9d-45fb-9e54-05f40e15a9bf,2025/03/06,Local Bakery,3229.31,usd,success,Healthcare,A11,Anomaly check
64237bab-1313-4b61-adcf-fdd67352cae7,14-04-2025,Apple,1718.35,INR,Pending,Transport,A43,
2ff5f914-3f0e-4603-9228-2e4f6ec99a0e,2025/04/12,Amazon,4478.11,inr,Pending,,A36,Duplicate?
3cdf30de-8e94-425c-93d5-570acee17532,17-11-2025,Flipkart,2385.66,usd,Pending,Healthcare,A43,Duplicate?
551a416b-5bec-48d0-a26c-26aba1386b07,23-04-2025,Ola,1013.03,USD,Pending,Shopping,A7,Anomaly check
2a08e9fc-feb5-4427-84b5-e65aa06b8d97,31-07-2025,Uber India,4699.03,INR,FAILED,Food,A42,Refunded
eb4d9d35-0be0-461f-9677-619747548fb8,2025/04/05,Google,3798.98,usd,failed,Transport,A8,SUSPICIOUS
3a81e6ce-5be5-4b4f-98fc-309ff843b4b4,09-02-2025,Uber India,3742.05,inr,failed,Utilities,A20,Duplicate?
1797404d-aa0f-4c0d-8c05-27a9e258f02e,05-09-2025,Uber India,4580.42,USD,failed,Transport,A44,Duplicate?
d15ed88c-4626-4a58-b480-aec21e129a40,22-08-2025,Zomato,$479.28,USD,FAILED,Other,A25,Duplicate?
4e9e51a1-a896-4207-a07b-6003ae0cba10,23-10-2025,Ola,511.15,usd,Pending,Food,A3,SUSPICIOUS
56b08337-ec0c-4786-bb51-20aa94e46978,2025/11/27,Flipkart,2943.88,INR,FAILED,Travel,A43,SUSPICIOUS
47b9e8da-1721-45b3-bdc6-88c1858ea7c5,27-07-2025,Uber India,4627.9,inr,success,Utilities,A3,Duplicate?
37acfb1c-f846-419d-88c1-d617ec194c92,26-06-2025,Zomato,$2552.88,INR,SUCCESS,Utilities,A7,SUSPICIOUS
ce621b72-a313-460f-a3f6-b8be4d5a54cf,2025/01/19,Google,1576.46,inr,SUCCESS,,A17,Anomaly check
6cbb0606-e153-4a37-bf94-faff9e2ec77d,06-10-2025,Zomato,3331.26,inr,PENDING,Transport,A14,Refunded
1295f030-f0aa-4a39-83b7-d9c46a527780,2025/11/24,Uber India,1582.13,inr,PENDING,Utilities,A17,
bcfca973-f899-4142-a548-fdc52b9ab1c1,2025/02/07,Swiggy,3374.32,usd,success,Healthcare,A21,Refunded
0c5185a7-c2a5-44df-bc8c-d3b879e0dbbe,2025/06/29,Uber India,2773.62,usd,success,,A34,SUSPICIOUS
eb1ad781-3480-4780-9070-49cb87b9477c,2025/12/13,Apple,2272.06,usd,failed,Transport,A14,Anomaly check
cdaaece1-fa36-4efa-8520-0d53c6157b5d,09-10-2025,Uber India,3470.81,USD,Pending,Other,A11,
a617e035-2d03-4ee3-ae1d-07dc8f7b196b,08-08-2025,Swiggy,3331.68,usd,success,Travel,A6,Anomaly check
bd828b82-4b06-4900-8dc2-1f6234a6e3b1,2025/03/16,Swiggy,1046.83,USD,Pending,Food,A42,Anomaly check
38f481a9-c296-4842-af38-2d4068c5597d,2025/03/01,Spotify,2580.55,USD,failed,Utilities,A42,
1e2b8b23-b722-4785-aefe-437f82aa10b0,16-09-2025,Flipkart,4547.8,usd,PENDING,Travel,A47,
e6546feb-aeb3-4120-9c6f-c2964e5f6806,2025/07/27,Uber India,$1779.39,INR,Pending,Transport,A38,
7c6ac17b-2fa0-4396-baa7-84fddf765b56,29-06-2025,Shell Petrol,3799.7,USD,Pending,Other,A34,
4933da4a-b288-4a38-a08b-7b7e96cda87a,2025/06/19,Amazon,2625.82,INR,success,Cash Withdrawal,A13,Anomaly check
5260ce03-e988-4f93-9f9c-ef14d566d984,2025/05/18,Netflix,$4358.9,USD,success,Shopping,A42,
e9377c49-f5a1-4adf-9474-13655009cb49,06-08-2025,Swiggy,3596.44,USD,failed,Shopping,A48,
aecb0fb7-c91c-490e-9b10-b67dfbd90fe7,05-09-2025,Shell Petrol,1977.9,INR,FAILED,Utilities,A15,SUSPICIOUS
69b22d1f-7f32-4871-a71c-e1b6ae48f98c,2025/02/16,Apple,291.74,INR,PENDING,Healthcare,A31,Anomaly check
9ebb5861-308e-496a-b7d3-3bfd870289a7,2025/12/29,Local Bakery,$733.85,INR,PENDING,Cash Withdrawal,A47,Duplicate?
473d12e4-93f2-492f-ab52-94699000ec8d,2025/04/02,Apple,2003.27,INR,SUCCESS,Travel,A2,Anomaly check
4c57246a-31cd-459b-a845-cec1f00a5fa1,2025/11/11,Amazon,530.35,inr,SUCCESS,Entertainment,A4,Duplicate?
c33f4f5c-dfa5-4ad0-81b8-d39f0893c84f,11-09-2025,Flipkart,$2308.19,INR,success,Entertainment,A11,
,2025/08/21,Spotify,2412.38,inr,PENDING,Entertainment,A50,Refunded
8c6e99c8-1195-48a3-af63-e94d834fb1dd,13-12-2025,IRCTC,3813.33,USD,Pending,Healthcare,A33,
aa93db32-75f5-4db0-8254-4872c657ab0e,04-11-2025,IRCTC,$3281.02,usd,failed,Transport,A2,
09a868c6-9e40-4d00-b629-e94664116b6c,26-11-2025,Shell Petrol,2240.36,USD,PENDING,Entertainment,A1,
09a868c6-9e40-4d00-b629-e94664116b6c,26-11-2025,Shell Petrol,2240.36,USD,PENDING,Entertainment,A1,
00c8c1fc-4830-479b-95c6-e56d83291c56,2025/10/05,Google,$1825.11,INR,SUCCESS,,A48,SUSPICIOUS
047be94d-004e-4f3f-8621-395ca68672b0,2025/05/10,Swiggy,1552.48,USD,success,Cash Withdrawal,A47,SUSPICIOUS
23b97a4f-0b08-4aa9-b81e-440c990af6de,06-08-2025,Local Bakery,$2868.41,INR,Pending,,A25,Duplicate?
4a2e9834-5a67-44c4-b6b3-643082c90455,2025/09/30,Swiggy,$1877.42,USD,Pending,,A16,SUSPICIOUS
912539b4-0938-43e5-9923-c161917ed62d,14-09-2025,Google,387.59,inr,PENDING,,A15,
a0143f36-d52f-4f4d-b9a2-1766f3125690,2025/03/04,Spotify,$3852.34,INR,SUCCESS,Utilities,A4,
8f5eb992-b907-4b91-adef-ca7038647482,30-10-2025,Apple,$3642.65,INR,success,Utilities,A2,Duplicate?
9479972a-14e5-4a6d-9644-05b895626ca4,2025/04/23,Google,$4277.62,INR,failed,Shopping,A18,Anomaly check
c72d248c-600e-4187-8bc7-dfc4fb92b2f8,2025/01/15,IRCTC,$614.79,USD,FAILED,Healthcare,A42,Refunded
770a53e4-b50a-4a0a-829c-b80414dee75c,22-05-2025,Shell Petrol,3199.79,inr,failed,Travel,A7,Refunded
800a882f-46c9-4e31-9b94-2eac918a7d76,2025/02/10,Amazon,3327.51,USD,SUCCESS,Transport,A47,
25afefa0-8706-4548-97e0-24e4acd611d7,13-06-2025,Google,3536.48,usd,success,Other,A43,SUSPICIOUS
060f7c93-8d4e-4bb1-b2cc-f27be823c20d,10-06-2025,Apple,1023.05,INR,SUCCESS,Entertainment,A37,Refunded
7ed08f12-7e97-4013-a191-ca1c963defb8,2025/07/19,Local Bakery,3367.08,USD,PENDING,Other,A16,Duplicate?
68dada1d-d326-43b6-b90f-2209516b9987,06-01-2025,Shell Petrol,530.95,INR,failed,,A46,Duplicate?
faecfa73-9ac6-4ad0-a86d-881766c15b1e,17-05-2025,Ola,$2513.31,usd,failed,Healthcare,A28,Anomaly check
,06-06-2025,Swiggy,$33459.27,inr,failed,,A20,SUSPICIOUS
b7d1fb51-7921-4d33-870e-4934a1b19fb6,21-01-2025,Apple,2182.79,inr,Pending,,A49,Anomaly check
eecf4ff8-44ca-4fff-8a0d-e4f03796796f,2025/02/10,Netflix,4768.51,inr,FAILED,Healthcare,A26,
377ecca3-9ebe-4c30-bea4-1f704063720b,06-01-2025,Ola,3219.17,inr,PENDING,Utilities,A14,SUSPICIOUS
bcc2bc1f-9622-4e8b-a9f0-84703cd1fe67,28-09-2025,IRCTC,$2777.12,usd,PENDING,Cash Withdrawal,A29,SUSPICIOUS
db780f63-78e4-4aaa-9789-9ed624a68787,16-04-2025,Google,$240.83,USD,PENDING,,A10,Duplicate?
f79e74f6-ce54-4781-aa76-c952759271cc,06-07-2025,Spotify,4819.64,inr,FAILED,Utilities,A18,SUSPICIOUS
f6a60292-7a83-4ffd-b692-4c7d0462e2f0,2025/05/11,Zomato,553.05,USD,failed,,A45,
57722cff-c256-4c3f-8316-b7179589c4fb,03-03-2025,Ola,3891.75,INR,success,,A14,Refunded
a372d863-4bbf-4c2c-9b10-cfba3bccefc6,24-05-2025,Local Bakery,3396.12,usd,FAILED,Travel,A24,SUSPICIOUS
,21-01-2025,Apple,2181.21,usd,failed,,A3,Duplicate?
1abb17a7-b2e5-48d3-9157-c8443e39d269,2025/11/17,Shell Petrol,33367.78,usd,failed,Other,A17,
30b7af06-74d6-41ee-9ab7-e5b03f18df57,25-08-2025,Ola,1119.79,INR,SUCCESS,Food,A37,
c1040f5a-71a1-48d3-83af-18e2f8bc8d7d,2025/03/30,Flipkart,$456.8,USD,FAILED,Other,A5,Duplicate?
dc952091-4617-4516-b8a5-43301684487c,25-02-2025,Shell Petrol,1737.87,USD,Pending,Shopping,A42,Duplicate?
391e7820-cad2-419d-9dac-00451e609daa,2025/01/15,Ola,2536.52,INR,success,,A12,Refunded
7d582883-bb82-4405-a223-76f3172770af,15-04-2025,Zomato,2488.9,USD,success,Utilities,A9,Duplicate?
1dd1cc41-b76c-47d0-b966-0a9524f961a5,2025/09/07,Google,4847.11,inr,FAILED,Utilities,A40,SUSPICIOUS
5599a92e-150d-4778-8ebb-6ba05e187d2b,2025/01/12,Uber India,2652.53,USD,success,Other,A11,
2c8a6e9e-a590-4e52-9678-4ecc2297ff6a,2025/10/11,Spotify,4188.81,INR,SUCCESS,Healthcare,A45,SUSPICIOUS
b5c0149b-1742-4148-acd0-640aa7cae9bf,2025/02/16,Local Bakery,153.49,usd,FAILED,Food,A27,SUSPICIOUS
8b677cb3-10a3-4cda-8468-101f0ca0bc8a,27-01-2025,Swiggy,1102.67,USD,success,Cash Withdrawal,A49,Duplicate?
,10-11-2025,Ola,23.21,usd,PENDING,Utilities,A9,Duplicate?
9e58f9a1-0ec6-42bf-99ad-200fe4caf733,27-02-2025,Swiggy,1023.41,usd,PENDING,Healthcare,A18,Refunded
,2025/10/10,Local Bakery,3111.65,INR,Pending,Cash Withdrawal,A39,Refunded
5eef94b3-209d-4989-a778-963f4b142aa5,21-01-2025,Amazon,4744.8,usd,FAILED,Shopping,A1,
0d778fa7-9cc8-4204-8f2e-4ae282cb7acb,13-09-2025,Google,4102.31,USD,success,Transport,A27,Anomaly check
0d778fa7-9cc8-4204-8f2e-4ae282cb7acb,13-09-2025,Google,4102.31,USD,success,Transport,A27,Anomaly check
d03c5b8a-e0ce-49ba-a409-2768ccd06c9b,24-06-2025,Netflix,3396.15,INR,PENDING,,A30,Anomaly check
8c24216d-f79b-4fc8-bb34-f514d9c35f84,07-12-2025,Local Bakery,$792.63,USD,FAILED,Healthcare,A27,
5f8a3b08-58d0-48e7-848a-fb05e94aca4d,2025/09/13,Apple,4821.05,INR,Pending,,A31,Duplicate?
bfb9e0ca-0b35-439a-b0d8-075d2015b3ab,2025/01/03,IRCTC,2144.9,USD,FAILED,,A24,Anomaly check
,06-05-2025,Amazon,2189.51,USD,failed,,A23,Anomaly check
61d2f220-9870-4331-b991-164abab7a156,15-06-2025,Apple,2985.37,INR,failed,Utilities,A17,Anomaly check
dc123664-a0b2-484d-aae0-49e41cacf1d3,2025/11/28,Apple,3256.13,USD,PENDING,Cash Withdrawal,A7,Anomaly check
b860262b-bbfe-4dbe-877c-9db7f0a7d095,2025/12/25,Ola,1199.71,INR,Pending,Utilities,A5,Duplicate?
65967e6c-fb9c-43ad-93e4-eb165046c49c,2025/02/14,Uber India,223.57,usd,failed,Transport,A9,Refunded
00f295e3-9ffd-4d3e-841b-1a1e895bfb47,17-12-2025,Google,$4656.85,USD,Pending,Entertainment,A1,Refunded
,2025/02/16,Local Bakery,4468.25,usd,FAILED,Shopping,A26,Anomaly check
6b3f24f2-3b92-4f00-9c78-dda95c2a3c11,05-10-2025,Apple,2292.04,USD,Pending,Transport,A31,SUSPICIOUS
7d8d29d4-ee85-46c0-bd04-e7ee5ca12d76,2025/11/30,Google,2314.78,inr,success,Shopping,A17,Duplicate?
12d6f022-30c9-4639-95e3-311d8fc1ff76,19-05-2025,Shell Petrol,1877.11,usd,PENDING,Food,A48,Duplicate?
339156ca-b35c-4732-9c70-2ed5946a0e6e,11-11-2025,Flipkart,1073.16,inr,Pending,Shopping,A49,Anomaly check
b8fb2e5e-27f8-4ce4-8c51-f35a02612248,2025/11/08,Swiggy,3028.02,INR,Pending,Utilities,A17,Refunded
f55dd621-5a8c-4069-b342-00eddc65ee0a,2025/05/25,Google,580.22,usd,Pending,Entertainment,A44,Duplicate?
39970d26-d9cb-4c9c-bdc9-e4352d627423,2025/07/03,IRCTC,2872.69,USD,FAILED,Food,A37,SUSPICIOUS
62190aa5-3900-43f4-9ebb-a6e8e87d81ed,2025/11/24,Zomato,810.92,USD,PENDING,Transport,A19,
b1f7b81d-3ff4-40e7-ba87-d775320c6d92,2025/12/02,Shell Petrol,3201.6,inr,failed,Entertainment,A35,Duplicate?
,2025/09/28,Swiggy,4265.12,USD,failed,,A43,SUSPICIOUS
4621ae8f-8f60-419d-974d-9a1a2eefde7c,2025/10/22,Flipkart,3810.04,INR,Pending,,A13,
91a3ee47-6412-4fa8-ab42-e430cc87e260,11-10-2025,Netflix,1043.67,INR,FAILED,Transport,A49,SUSPICIOUS
84b03de4-603c-413a-81ae-9ade7e40eee2,2025/04/16,Flipkart,188.47,usd,Pending,Travel,A42,
7f491d82-f2a8-47dc-a7bf-fa0294fcaab5,2025/12/16,Uber India,1817.95,usd,FAILED,Travel,A14,Duplicate?
2512023a-1405-43f0-96a5-111a2e2b50d3,2025/11/30,Zomato,4085.06,usd,success,,A29,
4d4ac192-9317-4148-9a52-e3b17a79ad0c,2025/03/12,Flipkart,$4494.33,USD,failed,Transport,A22,Anomaly check
87e81909-8f18-48c5-9e13-dedde170de22,01-11-2025,Flipkart,3443.75,INR,success,Travel,A46,Anomaly check
c43620ec-df58-46a0-b6ad-283c8ab3339b,09-04-2025,Uber India,105.2,INR,success,Shopping,A32,Refunded
4452fed9-b4e3-4a4b-a7e9-2e18444abfda,2025/07/26,Google,$1306.23,INR,FAILED,Healthcare,A22,Anomaly check
3d82779b-1ab5-4add-9931-89a03aa7fbbe,2025/03/24,Spotify,4290.47,inr,FAILED,Other,A2,Refunded
b37087b3-1c48-461e-a9e1-c9a3050bf68c,06-10-2025,Google,516.98,usd,Pending,Healthcare,A26,Anomaly check
8196e7fd-4505-4509-ba81-f62bc8eaca74,05-07-2025,Swiggy,643.16,USD,Pending,Travel,A13,SUSPICIOUS
fe08cb3b-698f-43aa-bbb0-be119f8d20cb,2025/06/17,Flipkart,180.31,inr,Pending,Transport,A38,SUSPICIOUS
c13a7df7-52d7-45b3-af38-ae6fe9859ece,08-12-2025,Spotify,1827.27,INR,FAILED,Entertainment,A26,Duplicate?
2493a6a3-b7dd-490b-8049-59250e7f5666,2025/11/26,Zomato,4576.15,usd,FAILED,Shopping,A24,SUSPICIOUS
e98d161c-e95c-4209-a316-5fdb1132f41b,19-12-2025,Apple,1748.36,inr,PENDING,Transport,A26,
663e31ee-f387-4248-b395-b7472e6ee90f,01-06-2025,Apple,4626.37,usd,failed,Utilities,A22,Anomaly check
24ac2094-72a7-4560-992c-23d3bb818701,2025/04/10,Flipkart,821.36,USD,PENDING,Transport,A46,Refunded
0c2d0918-4294-49bf-b61a-cecec4fa1404,2025/03/22,Flipkart,$2521.07,INR,success,Entertainment,A39,Anomaly check
0c2d0918-4294-49bf-b61a-cecec4fa1404,2025/03/22,Flipkart,$2521.07,INR,success,Entertainment,A39,Anomaly check
ab8ef0e7-1934-4552-80da-94881d0abd44,14-03-2025,Apple,$736.79,USD,SUCCESS,Food,A19,Refunded
12d33e19-5936-4d0e-bc38-691c80aba8f7,28-03-2025,Amazon,3193.42,INR,failed,Shopping,A44,Duplicate?
b4b23a23-ccf0-4513-832c-c1b445f32d9c,19-09-2025,IRCTC,4309.47,inr,SUCCESS,,A49,Refunded
951c4018-3a4d-4d23-bcb3-304f3054d946,2025/01/22,IRCTC,4664.08,usd,FAILED,Travel,A35,Anomaly check
3edfccf4-7d99-4f33-be79-be73542215c3,2025/07/01,Zomato,$2200.94,usd,failed,Entertainment,A28,Duplicate?
f1c79ba3-facc-4788-90da-c2c31accb7d6,14-04-2025,Zomato,2792.2,inr,SUCCESS,Shopping,A27,
3be59012-8863-493c-ae99-2985f29f8648,2025/08/31,Local Bakery,$643.4,usd,FAILED,Travel,A46,
f1629eef-a606-4b41-b5b4-d569c7a0c574,2025/08/10,Amazon,1446.63,inr,SUCCESS,,A48,SUSPICIOUS
74571dae-3abf-4837-afb8-47327c212d6d,2025/07/15,Local Bakery,3931.8,inr,failed,Shopping,A40,
ced1c13d-203d-41c6-b735-01cf2fa7fff7,2025/11/25,Ola,1619.16,inr,PENDING,Shopping,A32,
15ba23ec-fd48-42d8-8fd4-195f48b60839,16-08-2025,Spotify,1775.39,INR,failed,Cash Withdrawal,A29,
88dff07a-4442-419f-9088-ddc687a16117,22-12-2025,Netflix,$1858.81,inr,failed,,A8,
2d6f1539-5f88-4fdd-915b-88779e01c0f6,27-10-2025,Swiggy,1277.8,USD,SUCCESS,Shopping,A19,
69455749-e990-4b8d-928e-b761e97c3757,2025/09/23,Local Bakery,2842.28,INR,SUCCESS,Utilities,A22,SUSPICIOUS
4e005c88-5b94-4ee6-a0cc-c15e183cb938,29-12-2025,Local Bakery,$1634.89,USD,SUCCESS,Travel,A34,SUSPICIOUS
dc9343ab-b721-4a0c-8732-b62f61890598,28-07-2025,Swiggy,4142.47,inr,failed,,A32,SUSPICIOUS
,2025/10/25,Shell Petrol,349.91,usd,Pending,,A38,Refunded
8ba04236-9f23-4602-b18d-f8224811fa4f,11-12-2025,Shell Petrol,2973.8,inr,SUCCESS,,A33,
71c5674f-aefc-45db-8ab2-4f2226cded90,09-11-2025,Local Bakery,123.21,USD,PENDING,Travel,A6,Anomaly check
d9b24101-87d9-4ff8-9685-f7adec17c00c,2025/05/13,IRCTC,4033.81,USD,PENDING,Travel,A8,Duplicate?
25c62de7-c57d-49fe-a425-a445cad3090e,12-02-2025,Uber India,4024.05,usd,PENDING,Utilities,A9,
051c835c-ac22-4e21-b808-4e542a1204a7,23-08-2025,Apple,4465.85,usd,Pending,Travel,A27,Duplicate?
a16ed2fa-9985-4114-8402-71b2789324c4,2025/04/09,Amazon,$3151.36,USD,PENDING,Utilities,A27,SUSPICIOUS
cc060895-168d-453d-9e4a-a55f2569b51c,08-08-2025,Ola,41202.75,USD,success,Utilities,A12,Duplicate?
99a72061-0a04-4275-b20a-f08625a2f0f4,28-04-2025,Flipkart,2607.69,inr,failed,Entertainment,A35,
42e8c60b-ef0d-400a-a316-0707bae5ecb7,04-09-2025,Zomato,4518.89,USD,Pending,Other,A19,
c30bd82a-4217-4117-8f13-43aedd2cfd2b,2025/01/24,Shell Petrol,387.83,INR,SUCCESS,Transport,A18,Refunded
8490a9a8-7b75-4b5f-af44-cae2e06b566d,31-05-2025,Spotify,2433.59,usd,PENDING,Other,A18,Anomaly check
dc311a82-3a12-41e4-b904-00dbd2c717d3,26-01-2025,Spotify,2504.11,inr,success,,A12,SUSPICIOUS
2bd84d24-e76d-4be5-a254-15d183c4fbce,2025/12/12,Uber India,3952.53,inr,Pending,Entertainment,A37,
5259f091-3de2-4e4f-b6ab-58a560f8cb32,2025/05/25,Uber India,3258.99,INR,FAILED,Travel,A39,Duplicate?
405ad9d0-48e8-47ef-a68d-357d05c8c1c2,09-12-2025,Google,907.63,USD,SUCCESS,Travel,A20,
9c01ad57-6896-469c-bbe3-420831cc31ff,19-09-2025,Flipkart,3853.47,inr,SUCCESS,Shopping,A34,
d91b67cf-e16f-41cf-8923-94387a7b213a,2025/10/23,Amazon,566.31,INR,Pending,Food,A27,Anomaly check
74373d17-97e0-40b4-8c9d-ddd394a86fe1,05-12-2025,Swiggy,$3034.67,USD,failed,Food,A23,Refunded
fbb43d29-549f-418c-97f2-bfb245784f7e,2025/01/12,Ola,1921.18,INR,FAILED,Utilities,A48,SUSPICIOUS
9043efde-d20f-4996-866b-40f45fa82d6f,15-08-2025,Uber India,$194.95,usd,FAILED,Travel,A15,SUSPICIOUS
caa6e182-1b0d-4ac7-8b14-7eb09ba835a2,2025/12/28,Amazon,3943.48,usd,FAILED,Entertainment,A27,
5e58f956-fbf3-48b5-98a7-bafe14d3d2ac,31-08-2025,Ola,2827.77,INR,SUCCESS,Travel,A39,
1e42ab55-b17e-4b9c-9681-b05c6ab8a405,24-09-2025,IRCTC,1428.41,USD,failed,,A49,Refunded
64fa3c83-4d1e-494d-b9d5-fea2ad96c3a8,2025/02/07,Flipkart,1267.32,USD,PENDING,Cash Withdrawal,A47,Anomaly check
1bcceb91-c754-4b7f-97ee-da234bd1a983,14-07-2025,Zomato,2172.53,usd,PENDING,Entertainment,A48,SUSPICIOUS
c0875adc-7536-4f1d-9edc-b8f19eda6a6a,2025/01/07,Spotify,$2465.79,USD,failed,,A46,
762ff9af-4fe0-4bf4-bbd0-629678d2c397,08-09-2025,Local Bakery,1687.57,INR,failed,Shopping,A19,Anomaly check
cc695b25-75bf-44aa-abb6-3c1bee26a223,2025/07/20,Amazon,2815.18,INR,Pending,Cash Withdrawal,A42,Refunded
67db307e-06f8-4201-a6b3-e92de3e9640c,2025/03/22,Ola,4126.6,usd,success,Utilities,A2,SUSPICIOUS
